           4           3           2           1           6           5           0           0           0           0           0           0           0           0           0           0           0           0           0           0           0           0
           9           8           7           3           4          10           0           0           0           0           0           0           0           0           0           0           0           0           0           0           0           0
           8          14          13          12          11           7           0           0           0           0           0           0           0           0           0           0           0           0           0           0           0           0
          17          16          15          13          14          18           0           0           0           0           0           0           0           0           0           0           0           0           0           0           0           0
          22          21          20          19          15          16           0           0           0           0           0           0           0           0           0           0           0           0           0           0           0           0
          25          24          23          21          22          26           0           0           0           0           0           0           0           0           0           0           0           0           0           0           0           0
          30          29          28          27          23          24           0           0           0           0           0           0           0           0           0           0           0           0           0           0           0           0
          33          32          31          29          30          34           0           0           0           0           0           0           0           0           0           0           0           0           0           0           0           0
          32          38          37          36          35          31           0           0           0           0           0           0           0           0           0           0           0           0           0           0           0           0
          41          40          39          37          38          42           0           0           0           0           0           0           0           0           0           0           0           0           0           0           0           0
          40          46          45          44          43          39           0           0           0           0           0           0           0           0           0           0           0           0           0           0           0           0
          49          48          47          45          46          50           0           0           0           0           0           0           0           0           0           0           0           0           0           0           0           0
          54          53          52          51          47          48           0           0           0           0           0           0           0           0           0           0           0           0           0           0           0           0
          57          56          55          53          54          58           0           0           0           0           0           0           0           0           0           0           0           0           0           0           0           0
          62          61          60          59          55          56           0           0           0           0           0           0           0           0           0           0           0           0           0           0           0           0
          65          64          63          61          62          66           0           0           0           0           0           0           0           0           0           0           0           0           0           0           0           0
          69          68          67          70          63          64           0           0           0           0           0           0           0           0           0           0           0           0           0           0           0           0
          73          72          71          68          69          74           0           0           0           0           0           0           0           0           0           0           0           0           0           0           0           0
          78          77          76          75          71          72           0           0           0           0           0           0           0           0           0           0           0           0           0           0           0           0
          81          80          79          77          78          82           0           0           0           0           0           0           0           0           0           0           0           0           0           0           0           0
          86          85          84          83          79          80           0           0           0           0           0           0           0           0           0           0           0           0           0           0           0           0
          89          88          87          85          86          90           0           0           0           0           0           0           0           0           0           0           0           0           0           0           0           0
          94          93          92          91          87          88           0           0           0           0           0           0           0           0           0           0           0           0           0           0           0           0
          97          96          95          93          94          98           0           0           0           0           0           0           0           0           0           0           0           0           0           0           0           0
          96         102         101         100          99          95           0           0           0           0           0           0           0           0           0           0           0           0           0           0           0           0
         105         104         103         101         102         106           0           0           0           0           0           0           0           0           0           0           0           0           0           0           0           0
         110         109         108         107         103         104           0           0           0           0           0           0           0           0           0           0           0           0           0           0           0           0
         113         112         111         109         110         114           0           0           0           0           0           0           0           0           0           0           0           0           0           0           0           0
         118         117         116         115         111         112           0           0           0           0           0           0           0           0           0           0           0           0           0           0           0           0
         121         120         119         117         118         122           0           0           0           0           0           0           0           0           0           0           0           0           0           0           0           0
         120         126         125         124         123         119           0           0           0           0           0           0           0           0           0           0           0           0           0           0           0           0
         129         128         127         125         126         130           0           0           0           0           0           0           0           0           0           0           0           0           0           0           0           0
           2         133         132         131         134           1           0           0           0           0           0           0           0           0           0           0           0           0           0           0           0           0
           3           7          11         135         133           2           0           0           0           0           0           0           0           0           0           0           0           0           0           0           0           0
          11          12         138         137         136         135           0           0           0           0           0           0           0           0           0           0           0           0           0           0           0           0
          15          19         139         138          12          13           0           0           0           0           0           0           0           0           0           0           0           0           0           0           0           0
          19          20         142         141         140         139           0           0           0           0           0           0           0           0           0           0           0           0           0           0           0           0
          23          27         143         142          20          21           0           0           0           0           0           0           0           0           0           0           0           0           0           0           0           0
          27          28         146         145         144         143           0           0           0           0           0           0           0           0           0           0           0           0           0           0           0           0
          31          35         147         146          28          29           0           0           0           0           0           0           0           0           0           0           0           0           0           0           0           0
          35          36         150         149         148         147           0           0           0           0           0           0           0           0           0           0           0           0           0           0           0           0
          39          43         151         150          36          37           0           0           0           0           0           0           0           0           0           0           0           0           0           0           0           0
          44         154         153         152         151          43           0           0           0           0           0           0           0           0           0           0           0           0           0           0           0           0
          45          47          51         155         154          44           0           0           0           0           0           0           0           0           0           0           0           0           0           0           0           0
          52         158         157         156         155          51           0           0           0           0           0           0           0           0           0           0           0           0           0           0           0           0
          53          55          59         159         158          52           0           0           0           0           0           0           0           0           0           0           0           0           0           0           0           0
          60         162         161         160         159          59           0           0           0           0           0           0           0           0           0           0           0           0           0           0           0           0
          63          70         163         162          60          61           0           0           0           0           0           0           0           0           0           0           0           0           0           0           0           0
          67         166         165         164         163          70           0           0           0           0           0           0           0           0           0           0           0           0           0           0           0           0
          68          71          75         167         166          67           0           0           0           0           0           0           0           0           0           0           0           0           0           0           0           0
          76         170         169         168         167          75           0           0           0           0           0           0           0           0           0           0           0           0           0           0           0           0
          77          79          83         171         170          76           0           0           0           0           0           0           0           0           0           0           0           0           0           0           0           0
          84         174         173         172         171          83           0           0           0           0           0           0           0           0           0           0           0           0           0           0           0           0
          85          87          91         175         174          84           0           0           0           0           0           0           0           0           0           0           0           0           0           0           0           0
          91          92         178         177         176         175           0           0           0           0           0           0           0           0           0           0           0           0           0           0           0           0
          95          99         179         178          92          93           0           0           0           0           0           0           0           0           0           0           0           0           0           0           0           0
         100         182         181         180         179          99           0           0           0           0           0           0           0           0           0           0           0           0           0           0           0           0
         103         107         183         182         100         101           0           0           0           0           0           0           0           0           0           0           0           0           0           0           0           0
         108         186         185         184         183         107           0           0           0           0           0           0           0           0           0           0           0           0           0           0           0           0
         111         115         187         186         108         109           0           0           0           0           0           0           0           0           0           0           0           0           0           0           0           0
         116         190         189         188         187         115           0           0           0           0           0           0           0           0           0           0           0           0           0           0           0           0
         119         123         191         190         116         117           0           0           0           0           0           0           0           0           0           0           0           0           0           0           0           0
         124         194         193         192         191         123           0           0           0           0           0           0           0           0           0           0           0           0           0           0           0           0
         127         196         195         194         124         125           0           0           0           0           0           0           0           0           0           0           0           0           0           0           0           0
         132         199         198         197         200         131           0           0           0           0           0           0           0           0           0           0           0           0           0           0           0           0
         133         135         136         201         199         132           0           0           0           0           0           0           0           0           0           0           0           0           0           0           0           0
         137         204         203         202         201         136           0           0           0           0           0           0           0           0           0           0           0           0           0           0           0           0
         138         139         140         205         204         137           0           0           0           0           0           0           0           0           0           0           0           0           0           0           0           0
         141         208         207         206         205         140           0           0           0           0           0           0           0           0           0           0           0           0           0           0           0           0
         142         143         144         209         208         141           0           0           0           0           0           0           0           0           0           0           0           0           0           0           0           0
         145         212         211         210         209         144           0           0           0           0           0           0           0           0           0           0           0           0           0           0           0           0
         146         147         148         213         212         145           0           0           0           0           0           0           0           0           0           0           0           0           0           0           0           0
         148         149         215         214         216         213           0           0           0           0           0           0           0           0           0           0           0           0           0           0           0           0
         150         151         152         217         215         149           0           0           0           0           0           0           0           0           0           0           0           0           0           0           0           0
         152         153         220         219         218         217           0           0           0           0           0           0           0           0           0           0           0           0           0           0           0           0
         155         156         221         220         153         154           0           0           0           0           0           0           0           0           0           0           0           0           0           0           0           0
         156         157         224         223         222         221           0           0           0           0           0           0           0           0           0           0           0           0           0           0           0           0
         159         160         225         224         157         158           0           0           0           0           0           0           0           0           0           0           0           0           0           0           0           0
         160         161         228         227         226         225           0           0           0           0           0           0           0           0           0           0           0           0           0           0           0           0
         162         163         164         229         228         161           0           0           0           0           0           0           0           0           0           0           0           0           0           0           0           0
         164         165         232         231         230         229           0           0           0           0           0           0           0           0           0           0           0           0           0           0           0           0
         167         168         233         232         165         166           0           0           0           0           0           0           0           0           0           0           0           0           0           0           0           0
         168         169         236         235         234         233           0           0           0           0           0           0           0           0           0           0           0           0           0           0           0           0
         171         172         237         236         169         170           0           0           0           0           0           0           0           0           0           0           0           0           0           0           0           0
         172         173         240         239         238         237           0           0           0           0           0           0           0           0           0           0           0           0           0           0           0           0
         175         176         241         240         173         174           0           0           0           0           0           0           0           0           0           0           0           0           0           0           0           0
         177         244         243         242         241         176           0           0           0           0           0           0           0           0           0           0           0           0           0           0           0           0
         178         179         180         245         244         177           0           0           0           0           0           0           0           0           0           0           0           0           0           0           0           0
         180         181         248         247         246         245           0           0           0           0           0           0           0           0           0           0           0           0           0           0           0           0
         182         183         184         249         248         181           0           0           0           0           0           0           0           0           0           0           0           0           0           0           0           0
         184         185         252         251         250         249           0           0           0           0           0           0           0           0           0           0           0           0           0           0           0           0
         186         187         188         253         252         185           0           0           0           0           0           0           0           0           0           0           0           0           0           0           0           0
         188         189         256         255         254         253           0           0           0           0           0           0           0           0           0           0           0           0           0           0           0           0
         191         192         257         256         189         190           0           0           0           0           0           0           0           0           0           0           0           0           0           0           0           0
         192         193         260         259         258         257           0           0           0           0           0           0           0           0           0           0           0           0           0           0           0           0
         195         262         261         260         193         194           0           0           0           0           0           0           0           0           0           0           0           0           0           0           0           0
         198         265         264         263         266         197           0           0           0           0           0           0           0           0           0           0           0           0           0           0           0           0
         201         202         267         265         198         199           0           0           0           0           0           0           0           0           0           0           0           0           0           0           0           0
         203         270         269         268         267         202           0           0           0           0           0           0           0           0           0           0           0           0           0           0           0           0
         204         205         206         271         270         203           0           0           0           0           0           0           0           0           0           0           0           0           0           0           0           0
         206         207         274         273         272         271           0           0           0           0           0           0           0           0           0           0           0           0           0           0           0           0
         209         210         275         274         207         208           0           0           0           0           0           0           0           0           0           0           0           0           0           0           0           0
         210         211         278         277         276         275           0           0           0           0           0           0           0           0           0           0           0           0           0           0           0           0
         213         216         279         278         211         212           0           0           0           0           0           0           0           0           0           0           0           0           0           0           0           0
         214         282         281         280         279         216           0           0           0           0           0           0           0           0           0           0           0           0           0           0           0           0
         215         217         218         283         282         214           0           0           0           0           0           0           0           0           0           0           0           0           0           0           0           0
         218         219         286         285         284         283           0           0           0           0           0           0           0           0           0           0           0           0           0           0           0           0
         220         221         222         287         286         219           0           0           0           0           0           0           0           0           0           0           0           0           0           0           0           0
         222         223         290         289         288         287           0           0           0           0           0           0           0           0           0           0           0           0           0           0           0           0
         225         226         291         290         223         224           0           0           0           0           0           0           0           0           0           0           0           0           0           0           0           0
         226         227         294         293         292         291           0           0           0           0           0           0           0           0           0           0           0           0           0           0           0           0
         229         230         295         294         227         228           0           0           0           0           0           0           0           0           0           0           0           0           0           0           0           0
         231         298         297         296         295         230           0           0           0           0           0           0           0           0           0           0           0           0           0           0           0           0
         233         234         299         298         231         232           0           0           0           0           0           0           0           0           0           0           0           0           0           0           0           0
         234         235         302         301         300         299           0           0           0           0           0           0           0           0           0           0           0           0           0           0           0           0
         236         237         238         303         302         235           0           0           0           0           0           0           0           0           0           0           0           0           0           0           0           0
         239         306         305         304         303         238           0           0           0           0           0           0           0           0           0           0           0           0           0           0           0           0
         241         242         307         306         239         240           0           0           0           0           0           0           0           0           0           0           0           0           0           0           0           0
         243         310         309         308         307         242           0           0           0           0           0           0           0           0           0           0           0           0           0           0           0           0
         245         246         311         310         243         244           0           0           0           0           0           0           0           0           0           0           0           0           0           0           0           0
         246         247         314         313         312         311           0           0           0           0           0           0           0           0           0           0           0           0           0           0           0           0
         249         250         315         314         247         248           0           0           0           0           0           0           0           0           0           0           0           0           0           0           0           0
         250         251         318         317         316         315           0           0           0           0           0           0           0           0           0           0           0           0           0           0           0           0
         252         253         254         319         318         251           0           0           0           0           0           0           0           0           0           0           0           0           0           0           0           0
         255         322         321         320         319         254           0           0           0           0           0           0           0           0           0           0           0           0           0           0           0           0
         256         257         258         323         322         255           0           0           0           0           0           0           0           0           0           0           0           0           0           0           0           0
         258         259         326         325         324         323           0           0           0           0           0           0           0           0           0           0           0           0           0           0           0           0
         261         328         327         326         259         260           0           0           0           0           0           0           0           0           0           0           0           0           0           0           0           0
         264         331         330         329         332         263           0           0           0           0           0           0           0           0           0           0           0           0           0           0           0           0
         265         267         268         333         331         264           0           0           0           0           0           0           0           0           0           0           0           0           0           0           0           0
         269         336         335         334         333         268           0           0           0           0           0           0           0           0           0           0           0           0           0           0           0           0
         271         272         337         336         269         270           0           0           0           0           0           0           0           0           0           0           0           0           0           0           0           0
         273         340         339         338         337         272           0           0           0           0           0           0           0           0           0           0           0           0           0           0           0           0
         274         275         276         341         340         273           0           0           0           0           0           0           0           0           0           0           0           0           0           0           0           0
         276         277         344         343         342         341           0           0           0           0           0           0           0           0           0           0           0           0           0           0           0           0
         278         279         280         345         344         277           0           0           0           0           0           0           0           0           0           0           0           0           0           0           0           0
         280         281         348         347         346         345           0           0           0           0           0           0           0           0           0           0           0           0           0           0           0           0
         282         283         284         349         348         281           0           0           0           0           0           0           0           0           0           0           0           0           0           0           0           0
         285         352         351         350         349         284           0           0           0           0           0           0           0           0           0           0           0           0           0           0           0           0
         287         288         353         352         285         286           0           0           0           0           0           0           0           0           0           0           0           0           0           0           0           0
         288         289         355         354         356         353           0           0           0           0           0           0           0           0           0           0           0           0           0           0           0           0
         290         291         292         357         355         289           0           0           0           0           0           0           0           0           0           0           0           0           0           0           0           0
         293         360         359         358         357         292           0           0           0           0           0           0           0           0           0           0           0           0           0           0           0           0
         294         295         296         361         360         293           0           0           0           0           0           0           0           0           0           0           0           0           0           0           0           0
         296         297         364         363         362         361           0           0           0           0           0           0           0           0           0           0           0           0           0           0           0           0
         298         299         300         365         364         297           0           0           0           0           0           0           0           0           0           0           0           0           0           0           0           0
         301         368         367         366         365         300           0           0           0           0           0           0           0           0           0           0           0           0           0           0           0           0
         303         304         369         368         301         302           0           0           0           0           0           0           0           0           0           0           0           0           0           0           0           0
         304         305         372         371         370         369           0           0           0           0           0           0           0           0           0           0           0           0           0           0           0           0
         306         307         308         373         372         305           0           0           0           0           0           0           0           0           0           0           0           0           0           0           0           0
         308         309         376         375         374         373           0           0           0           0           0           0           0           0           0           0           0           0           0           0           0           0
         311         312         377         376         309         310           0           0           0           0           0           0           0           0           0           0           0           0           0           0           0           0
         313         380         379         378         377         312           0           0           0           0           0           0           0           0           0           0           0           0           0           0           0           0
         315         316         381         380         313         314           0           0           0           0           0           0           0           0           0           0           0           0           0           0           0           0
         317         384         383         382         381         316           0           0           0           0           0           0           0           0           0           0           0           0           0           0           0           0
         318         319         320         385         384         317           0           0           0           0           0           0           0           0           0           0           0           0           0           0           0           0
         321         388         387         386         385         320           0           0           0           0           0           0           0           0           0           0           0           0           0           0           0           0
         322         323         324         389         388         321           0           0           0           0           0           0           0           0           0           0           0           0           0           0           0           0
         325         392         391         390         389         324           0           0           0           0           0           0           0           0           0           0           0           0           0           0           0           0
         326         327         394         393         392         325           0           0           0           0           0           0           0           0           0           0           0           0           0           0           0           0
         330         397         396         395         398         329           0           0           0           0           0           0           0           0           0           0           0           0           0           0           0           0
         333         334         399         397         330         331           0           0           0           0           0           0           0           0           0           0           0           0           0           0           0           0
         334         335         402         401         400         399           0           0           0           0           0           0           0           0           0           0           0           0           0           0           0           0
         337         338         403         402         335         336           0           0           0           0           0           0           0           0           0           0           0           0           0           0           0           0
         338         339         406         405         404         403           0           0           0           0           0           0           0           0           0           0           0           0           0           0           0           0
         341         342         407         406         339         340           0           0           0           0           0           0           0           0           0           0           0           0           0           0           0           0
         343         410         409         408         407         342           0           0           0           0           0           0           0           0           0           0           0           0           0           0           0           0
         344         345         346         411         410         343           0           0           0           0           0           0           0           0           0           0           0           0           0           0           0           0
         346         347         414         413         412         411           0           0           0           0           0           0           0           0           0           0           0           0           0           0           0           0
         349         350         415         414         347         348           0           0           0           0           0           0           0           0           0           0           0           0           0           0           0           0
         350         351         418         417         416         415           0           0           0           0           0           0           0           0           0           0           0           0           0           0           0           0
         353         356         419         418         351         352           0           0           0           0           0           0           0           0           0           0           0           0           0           0           0           0
         354         422         421         420         419         356           0           0           0           0           0           0           0           0           0           0           0           0           0           0           0           0
         357         358         423         422         354         355           0           0           0           0           0           0           0           0           0           0           0           0           0           0           0           0
         358         359         426         425         424         423           0           0           0           0           0           0           0           0           0           0           0           0           0           0           0           0
         360         361         362         427         426         359           0           0           0           0           0           0           0           0           0           0           0           0           0           0           0           0
         363         429         428         430         427         362           0           0           0           0           0           0           0           0           0           0           0           0           0           0           0           0
         365         366         431         429         363         364           0           0           0           0           0           0           0           0           0           0           0           0           0           0           0           0
         366         367         434         433         432         431           0           0           0           0           0           0           0           0           0           0           0           0           0           0           0           0
         368         369         370         435         434         367           0           0           0           0           0           0           0           0           0           0           0           0           0           0           0           0
         371         438         437         436         435         370           0           0           0           0           0           0           0           0           0           0           0           0           0           0           0           0
         372         373         374         439         438         371           0           0           0           0           0           0           0           0           0           0           0           0           0           0           0           0
         375         442         441         440         439         374           0           0           0           0           0           0           0           0           0           0           0           0           0           0           0           0
         376         377         378         443         442         375           0           0           0           0           0           0           0           0           0           0           0           0           0           0           0           0
         379         446         445         444         443         378           0           0           0           0           0           0           0           0           0           0           0           0           0           0           0           0
         380         381         382         447         446         379           0           0           0           0           0           0           0           0           0           0           0           0           0           0           0           0
         383         450         449         448         447         382           0           0           0           0           0           0           0           0           0           0           0           0           0           0           0           0
         385         386         451         450         383         384           0           0           0           0           0           0           0           0           0           0           0           0           0           0           0           0
         386         387         454         453         452         451           0           0           0           0           0           0           0           0           0           0           0           0           0           0           0           0
         389         390         455         454         387         388           0           0           0           0           0           0           0           0           0           0           0           0           0           0           0           0
         390         391         458         457         456         455           0           0           0           0           0           0           0           0           0           0           0           0           0           0           0           0
         392         393         460         459         458         391           0           0           0           0           0           0           0           0           0           0           0           0           0           0           0           0
         396         463         462         461         464         395           0           0           0           0           0           0           0           0           0           0           0           0           0           0           0           0
         397         399         400         465         463         396           0           0           0           0           0           0           0           0           0           0           0           0           0           0           0           0
         400         401         468         467         466         465           0           0           0           0           0           0           0           0           0           0           0           0           0           0           0           0
         402         403         404         469         468         401           0           0           0           0           0           0           0           0           0           0           0           0           0           0           0           0
         405         472         471         470         469         404           0           0           0           0           0           0           0           0           0           0           0           0           0           0           0           0
         406         407         408         473         472         405           0           0           0           0           0           0           0           0           0           0           0           0           0           0           0           0
         409         476         475         474         473         408           0           0           0           0           0           0           0           0           0           0           0           0           0           0           0           0
         411         412         477         476         409         410           0           0           0           0           0           0           0           0           0           0           0           0           0           0           0           0
         413         480         479         478         477         412           0           0           0           0           0           0           0           0           0           0           0           0           0           0           0           0
         415         416         481         480         413         414           0           0           0           0           0           0           0           0           0           0           0           0           0           0           0           0
         417         484         483         482         481         416           0           0           0           0           0           0           0           0           0           0           0           0           0           0           0           0
         418         419         420         485         484         417           0           0           0           0           0           0           0           0           0           0           0           0           0           0           0           0
         420         421         488         487         486         485           0           0           0           0           0           0           0           0           0           0           0           0           0           0           0           0
         423         424         489         488         421         422           0           0           0           0           0           0           0           0           0           0           0           0           0           0           0           0
         425         492         491         490         489         424           0           0           0           0           0           0           0           0           0           0           0           0           0           0           0           0
         427         430         493         492         425         426           0           0           0           0           0           0           0           0           0           0           0           0           0           0           0           0
         428         496         495         494         493         430           0           0           0           0           0           0           0           0           0           0           0           0           0           0           0           0
         429         431         432         497         496         428           0           0           0           0           0           0           0           0           0           0           0           0           0           0           0           0
         433         500         499         498         497         432           0           0           0           0           0           0           0           0           0           0           0           0           0           0           0           0
         435         436         501         500         433         434           0           0           0           0           0           0           0           0           0           0           0           0           0           0           0           0
         437         503         502         504         501         436           0           0           0           0           0           0           0           0           0           0           0           0           0           0           0           0
         438         439         440         505         503         437           0           0           0           0           0           0           0           0           0           0           0           0           0           0           0           0
         440         441         508         507         506         505           0           0           0           0           0           0           0           0           0           0           0           0           0           0           0           0
         442         443         444         509         508         441           0           0           0           0           0           0           0           0           0           0           0           0           0           0           0           0
         444         445         512         511         510         509           0           0           0           0           0           0           0           0           0           0           0           0           0           0           0           0
         447         448         513         512         445         446           0           0           0           0           0           0           0           0           0           0           0           0           0           0           0           0
         448         449         516         515         514         513           0           0           0           0           0           0           0           0           0           0           0           0           0           0           0           0
         451         452         517         516         449         450           0           0           0           0           0           0           0           0           0           0           0           0           0           0           0           0
         453         520         519         518         517         452           0           0           0           0           0           0           0           0           0           0           0           0           0           0           0           0
         455         456         521         520         453         454           0           0           0           0           0           0           0           0           0           0           0           0           0           0           0           0
         457         524         523         522         521         456           0           0           0           0           0           0           0           0           0           0           0           0           0           0           0           0
         459         526         525         524         457         458           0           0           0           0           0           0           0           0           0           0           0           0           0           0           0           0
         462         529         528         527         530         461           0           0           0           0           0           0           0           0           0           0           0           0           0           0           0           0
         465         466         531         529         462         463           0           0           0           0           0           0           0           0           0           0           0           0           0           0           0           0
         467         534         533         532         531         466           0           0           0           0           0           0           0           0           0           0           0           0           0           0           0           0
         468         469         470         535         534         467           0           0           0           0           0           0           0           0           0           0           0           0           0           0           0           0
         471         538         537         536         535         470           0           0           0           0           0           0           0           0           0           0           0           0           0           0           0           0
         473         474         539         538         471         472           0           0           0           0           0           0           0           0           0           0           0           0           0           0           0           0
         475         542         541         540         539         474           0           0           0           0           0           0           0           0           0           0           0           0           0           0           0           0
         477         478         543         542         475         476           0           0           0           0           0           0           0           0           0           0           0           0           0           0           0           0
         479         546         545         544         543         478           0           0           0           0           0           0           0           0           0           0           0           0           0           0           0           0
         480         481         482         547         546         479           0           0           0           0           0           0           0           0           0           0           0           0           0           0           0           0
         483         550         549         548         547         482           0           0           0           0           0           0           0           0           0           0           0           0           0           0           0           0
         485         486         551         550         483         484           0           0           0           0           0           0           0           0           0           0           0           0           0           0           0           0
         487         554         553         552         551         486           0           0           0           0           0           0           0           0           0           0           0           0           0           0           0           0
         489         490         555         554         487         488           0           0           0           0           0           0           0           0           0           0           0           0           0           0           0           0
         490         491         558         557         556         555           0           0           0           0           0           0           0           0           0           0           0           0           0           0           0           0
         493         494         559         558         491         492           0           0           0           0           0           0           0           0           0           0           0           0           0           0           0           0
         495         562         561         560         559         494           0           0           0           0           0           0           0           0           0           0           0           0           0           0           0           0
         497         498         563         562         495         496           0           0           0           0           0           0           0           0           0           0           0           0           0           0           0           0
         498         499         566         565         564         563           0           0           0           0           0           0           0           0           0           0           0           0           0           0           0           0
         500         501         504         567         566         499           0           0           0           0           0           0           0           0           0           0           0           0           0           0           0           0
         502         570         569         568         567         504           0           0           0           0           0           0           0           0           0           0           0           0           0           0           0           0
         505         506         571         570         502         503           0           0           0           0           0           0           0           0           0           0           0           0           0           0           0           0
         506         507         574         573         572         571           0           0           0           0           0           0           0           0           0           0           0           0           0           0           0           0
         509         510         575         574         507         508           0           0           0           0           0           0           0           0           0           0           0           0           0           0           0           0
         510         511         578         577         576         575           0           0           0           0           0           0           0           0           0           0           0           0           0           0           0           0
         512         513         514         579         578         511           0           0           0           0           0           0           0           0           0           0           0           0           0           0           0           0
         514         515         582         581         580         579           0           0           0           0           0           0           0           0           0           0           0           0           0           0           0           0
         517         518         583         582         515         516           0           0           0           0           0           0           0           0           0           0           0           0           0           0           0           0
         519         586         585         584         583         518           0           0           0           0           0           0           0           0           0           0           0           0           0           0           0           0
         520         521         522         587         586         519           0           0           0           0           0           0           0           0           0           0           0           0           0           0           0           0
         522         523         590         589         588         587           0           0           0           0           0           0           0           0           0           0           0           0           0           0           0           0
         525         592         591         590         523         524           0           0           0           0           0           0           0           0           0           0           0           0           0           0           0           0
         528         595         594         593         596         527           0           0           0           0           0           0           0           0           0           0           0           0           0           0           0           0
         531         532         597         595         528         529           0           0           0           0           0           0           0           0           0           0           0           0           0           0           0           0
         532         533         600         599         598         597           0           0           0           0           0           0           0           0           0           0           0           0           0           0           0           0
         535         536         601         600         533         534           0           0           0           0           0           0           0           0           0           0           0           0           0           0           0           0
         537         604         603         602         601         536           0           0           0           0           0           0           0           0           0           0           0           0           0           0           0           0
         539         540         605         604         537         538           0           0           0           0           0           0           0           0           0           0           0           0           0           0           0           0
         541         608         607         606         605         540           0           0           0           0           0           0           0           0           0           0           0           0           0           0           0           0
         542         543         544         609         608         541           0           0           0           0           0           0           0           0           0           0           0           0           0           0           0           0
         544         545         612         611         610         609           0           0           0           0           0           0           0           0           0           0           0           0           0           0           0           0
         547         548         613         612         545         546           0           0           0           0           0           0           0           0           0           0           0           0           0           0           0           0
         548         549         616         615         614         613           0           0           0           0           0           0           0           0           0           0           0           0           0           0           0           0
         550         551         552         617         616         549           0           0           0           0           0           0           0           0           0           0           0           0           0           0           0           0
         553         620         619         618         617         552           0           0           0           0           0           0           0           0           0           0           0           0           0           0           0           0
         554         555         556         621         620         553           0           0           0           0           0           0           0           0           0           0           0           0           0           0           0           0
         556         557         624         623         622         621           0           0           0           0           0           0           0           0           0           0           0           0           0           0           0           0
         558         559         560         625         624         557           0           0           0           0           0           0           0           0           0           0           0           0           0           0           0           0
         560         561         628         627         626         625           0           0           0           0           0           0           0           0           0           0           0           0           0           0           0           0
         562         563         564         629         628         561           0           0           0           0           0           0           0           0           0           0           0           0           0           0           0           0
         564         565         632         631         630         629           0           0           0           0           0           0           0           0           0           0           0           0           0           0           0           0
         567         568         633         632         565         566           0           0           0           0           0           0           0           0           0           0           0           0           0           0           0           0
         568         569         636         635         634         633           0           0           0           0           0           0           0           0           0           0           0           0           0           0           0           0
         571         572         637         636         569         570           0           0           0           0           0           0           0           0           0           0           0           0           0           0           0           0
         572         573         640         639         638         637           0           0           0           0           0           0           0           0           0           0           0           0           0           0           0           0
         575         576         641         640         573         574           0           0           0           0           0           0           0           0           0           0           0           0           0           0           0           0
         576         577         644         643         642         641           0           0           0           0           0           0           0           0           0           0           0           0           0           0           0           0
         578         579         580         645         644         577           0           0           0           0           0           0           0           0           0           0           0           0           0           0           0           0
         581         648         647         646         645         580           0           0           0           0           0           0           0           0           0           0           0           0           0           0           0           0
         582         583         584         649         648         581           0           0           0           0           0           0           0           0           0           0           0           0           0           0           0           0
         584         585         652         651         650         649           0           0           0           0           0           0           0           0           0           0           0           0           0           0           0           0
         587         588         653         652         585         586           0           0           0           0           0           0           0           0           0           0           0           0           0           0           0           0
         588         589         656         655         654         653           0           0           0           0           0           0           0           0           0           0           0           0           0           0           0           0
         591         658         657         656         589         590           0           0           0           0           0           0           0           0           0           0           0           0           0           0           0           0
         594         661         660         659         662         593           0           0           0           0           0           0           0           0           0           0           0           0           0           0           0           0
         595         597         598         663         661         594           0           0           0           0           0           0           0           0           0           0           0           0           0           0           0           0
         598         599         666         665         664         663           0           0           0           0           0           0           0           0           0           0           0           0           0           0           0           0
         600         601         602         667         666         599           0           0           0           0           0           0           0           0           0           0           0           0           0           0           0           0
         602         603         670         669         668         667           0           0           0           0           0           0           0           0           0           0           0           0           0           0           0           0
         604         605         606         671         670         603           0           0           0           0           0           0           0           0           0           0           0           0           0           0           0           0
         607         674         673         672         671         606           0           0           0           0           0           0           0           0           0           0           0           0           0           0           0           0
         609         610         675         674         607         608           0           0           0           0           0           0           0           0           0           0           0           0           0           0           0           0
         611         678         677         676         675         610           0           0           0           0           0           0           0           0           0           0           0           0           0           0           0           0
         613         614         679         678         611         612           0           0           0           0           0           0           0           0           0           0           0           0           0           0           0           0
         615         682         681         680         679         614           0           0           0           0           0           0           0           0           0           0           0           0           0           0           0           0
         616         617         618         683         682         615           0           0           0           0           0           0           0           0           0           0           0           0           0           0           0           0
         618         619         686         685         684         683           0           0           0           0           0           0           0           0           0           0           0           0           0           0           0           0
         620         621         622         687         686         619           0           0           0           0           0           0           0           0           0           0           0           0           0           0           0           0
         622         623         690         689         688         687           0           0           0           0           0           0           0           0           0           0           0           0           0           0           0           0
         625         626         691         690         623         624           0           0           0           0           0           0           0           0           0           0           0           0           0           0           0           0
         627         694         693         692         691         626           0           0           0           0           0           0           0           0           0           0           0           0           0           0           0           0
         628         629         630         695         694         627           0           0           0           0           0           0           0           0           0           0           0           0           0           0           0           0
         631         698         697         696         695         630           0           0           0           0           0           0           0           0           0           0           0           0           0           0           0           0
         632         633         634         699         698         631           0           0           0           0           0           0           0           0           0           0           0           0           0           0           0           0
         635         702         701         700         699         634           0           0           0           0           0           0           0           0           0           0           0           0           0           0           0           0
         636         637         638         703         702         635           0           0           0           0           0           0           0           0           0           0           0           0           0           0           0           0
         639         706         705         704         703         638           0           0           0           0           0           0           0           0           0           0           0           0           0           0           0           0
         640         641         642         707         706         639           0           0           0           0           0           0           0           0           0           0           0           0           0           0           0           0
         642         643         710         709         708         707           0           0           0           0           0           0           0           0           0           0           0           0           0           0           0           0
         644         645         646         711         710         643           0           0           0           0           0           0           0           0           0           0           0           0           0           0           0           0
         646         647         714         713         712         711           0           0           0           0           0           0           0           0           0           0           0           0           0           0           0           0
         649         650         715         714         647         648           0           0           0           0           0           0           0           0           0           0           0           0           0           0           0           0
         650         651         718         717         716         715           0           0           0           0           0           0           0           0           0           0           0           0           0           0           0           0
         652         653         654         719         718         651           0           0           0           0           0           0           0           0           0           0           0           0           0           0           0           0
         655         722         721         720         719         654           0           0           0           0           0           0           0           0           0           0           0           0           0           0           0           0
         657         724         723         722         655         656           0           0           0           0           0           0           0           0           0           0           0           0           0           0           0           0
         660         727         726         725         728         659           0           0           0           0           0           0           0           0           0           0           0           0           0           0           0           0
         661         663         664         729         727         660           0           0           0           0           0           0           0           0           0           0           0           0           0           0           0           0
         665         732         731         730         729         664           0           0           0           0           0           0           0           0           0           0           0           0           0           0           0           0
         667         668         733         732         665         666           0           0           0           0           0           0           0           0           0           0           0           0           0           0           0           0
         669         736         735         734         733         668           0           0           0           0           0           0           0           0           0           0           0           0           0           0           0           0
         671         672         737         736         669         670           0           0           0           0           0           0           0           0           0           0           0           0           0           0           0           0
         672         673         740         739         738         737           0           0           0           0           0           0           0           0           0           0           0           0           0           0           0           0
         674         675         676         741         740         673           0           0           0           0           0           0           0           0           0           0           0           0           0           0           0           0
         676         677         744         743         742         741           0           0           0           0           0           0           0           0           0           0           0           0           0           0           0           0
         678         679         680         745         744         677           0           0           0           0           0           0           0           0           0           0           0           0           0           0           0           0
         680         681         748         747         746         745           0           0           0           0           0           0           0           0           0           0           0           0           0           0           0           0
         683         684         749         748         681         682           0           0           0           0           0           0           0           0           0           0           0           0           0           0           0           0
         684         685         752         751         750         749           0           0           0           0           0           0           0           0           0           0           0           0           0           0           0           0
         687         688         753         752         685         686           0           0           0           0           0           0           0           0           0           0           0           0           0           0           0           0
         689         756         755         754         753         688           0           0           0           0           0           0           0           0           0           0           0           0           0           0           0           0
         690         691         692         757         756         689           0           0           0           0           0           0           0           0           0           0           0           0           0           0           0           0
         692         693         760         759         758         757           0           0           0           0           0           0           0           0           0           0           0           0           0           0           0           0
         695         696         761         760         693         694           0           0           0           0           0           0           0           0           0           0           0           0           0           0           0           0
         696         697         764         763         762         761           0           0           0           0           0           0           0           0           0           0           0           0           0           0           0           0
         698         699         700         765         764         697           0           0           0           0           0           0           0           0           0           0           0           0           0           0           0           0
         700         701         768         767         766         765           0           0           0           0           0           0           0           0           0           0           0           0           0           0           0           0
         702         703         704         769         768         701           0           0           0           0           0           0           0           0           0           0           0           0           0           0           0           0
         704         705         772         771         770         769           0           0           0           0           0           0           0           0           0           0           0           0           0           0           0           0
         707         708         773         772         705         706           0           0           0           0           0           0           0           0           0           0           0           0           0           0           0           0
         709         776         775         774         773         708           0           0           0           0           0           0           0           0           0           0           0           0           0           0           0           0
         711         712         777         776         709         710           0           0           0           0           0           0           0           0           0           0           0           0           0           0           0           0
         713         780         779         778         777         712           0           0           0           0           0           0           0           0           0           0           0           0           0           0           0           0
         714         715         716         781         780         713           0           0           0           0           0           0           0           0           0           0           0           0           0           0           0           0
         717         784         783         782         781         716           0           0           0           0           0           0           0           0           0           0           0           0           0           0           0           0
         719         720         785         784         717         718           0           0           0           0           0           0           0           0           0           0           0           0           0           0           0           0
         720         721         788         787         786         785           0           0           0           0           0           0           0           0           0           0           0           0           0           0           0           0
         722         723         790         789         788         721           0           0           0           0           0           0           0           0           0           0           0           0           0           0           0           0
         726         793         792         791         794         725           0           0           0           0           0           0           0           0           0           0           0           0           0           0           0           0
         729         730         795         793         726         727           0           0           0           0           0           0           0           0           0           0           0           0           0           0           0           0
         730         731         798         797         796         795           0           0           0           0           0           0           0           0           0           0           0           0           0           0           0           0
         732         733         734         799         798         731           0           0           0           0           0           0           0           0           0           0           0           0           0           0           0           0
         735         802         801         800         799         734           0           0           0           0           0           0           0           0           0           0           0           0           0           0           0           0
         737         738         803         802         735         736           0           0           0           0           0           0           0           0           0           0           0           0           0           0           0           0
         739         806         805         804         803         738           0           0           0           0           0           0           0           0           0           0           0           0           0           0           0           0
         741         742         807         806         739         740           0           0           0           0           0           0           0           0           0           0           0           0           0           0           0           0
         743         810         809         808         807         742           0           0           0           0           0           0           0           0           0           0           0           0           0           0           0           0
         745         746         811         810         743         744           0           0           0           0           0           0           0           0           0           0           0           0           0           0           0           0
         747         814         813         812         811         746           0           0           0           0           0           0           0           0           0           0           0           0           0           0           0           0
         748         749         750         815         814         747           0           0           0           0           0           0           0           0           0           0           0           0           0           0           0           0
         751         818         817         816         815         750           0           0           0           0           0           0           0           0           0           0           0           0           0           0           0           0
         752         753         754         819         818         751           0           0           0           0           0           0           0           0           0           0           0           0           0           0           0           0
         754         755         822         821         820         819           0           0           0           0           0           0           0           0           0           0           0           0           0           0           0           0
         756         757         758         823         822         755           0           0           0           0           0           0           0           0           0           0           0           0           0           0           0           0
         759         826         825         824         823         758           0           0           0           0           0           0           0           0           0           0           0           0           0           0           0           0
         760         761         762         827         826         759           0           0           0           0           0           0           0           0           0           0           0           0           0           0           0           0
         762         763         830         829         828         827           0           0           0           0           0           0           0           0           0           0           0           0           0           0           0           0
         765         766         831         830         763         764           0           0           0           0           0           0           0           0           0           0           0           0           0           0           0           0
         767         834         833         832         831         766           0           0           0           0           0           0           0           0           0           0           0           0           0           0           0           0
         769         770         835         834         767         768           0           0           0           0           0           0           0           0           0           0           0           0           0           0           0           0
         771         838         837         836         835         770           0           0           0           0           0           0           0           0           0           0           0           0           0           0           0           0
         772         773         774         839         838         771           0           0           0           0           0           0           0           0           0           0           0           0           0           0           0           0
         774         775         842         841         840         839           0           0           0           0           0           0           0           0           0           0           0           0           0           0           0           0
         776         777         778         843         842         775           0           0           0           0           0           0           0           0           0           0           0           0           0           0           0           0
         779         846         845         844         843         778           0           0           0           0           0           0           0           0           0           0           0           0           0           0           0           0
         781         782         847         846         779         780           0           0           0           0           0           0           0           0           0           0           0           0           0           0           0           0
         783         850         849         848         847         782           0           0           0           0           0           0           0           0           0           0           0           0           0           0           0           0
         784         785         786         851         850         783           0           0           0           0           0           0           0           0           0           0           0           0           0           0           0           0
         787         854         853         852         851         786           0           0           0           0           0           0           0           0           0           0           0           0           0           0           0           0
         789         856         855         854         787         788           0           0           0           0           0           0           0           0           0           0           0           0           0           0           0           0
         792         859         858         857         860         791           0           0           0           0           0           0           0           0           0           0           0           0           0           0           0           0
         793         795         796         861         859         792           0           0           0           0           0           0           0           0           0           0           0           0           0           0           0           0
         796         797         864         863         862         861           0           0           0           0           0           0           0           0           0           0           0           0           0           0           0           0
         799         800         865         864         797         798           0           0           0           0           0           0           0           0           0           0           0           0           0           0           0           0
         800         801         868         867         866         865           0           0           0           0           0           0           0           0           0           0           0           0           0           0           0           0
         802         803         804         869         868         801           0           0           0           0           0           0           0           0           0           0           0           0           0           0           0           0
         804         805         872         871         870         869           0           0           0           0           0           0           0           0           0           0           0           0           0           0           0           0
         806         807         808         873         872         805           0           0           0           0           0           0           0           0           0           0           0           0           0           0           0           0
         808         809         876         875         874         873           0           0           0           0           0           0           0           0           0           0           0           0           0           0           0           0
         811         812         877         876         809         810           0           0           0           0           0           0           0           0           0           0           0           0           0           0           0           0
         813         880         879         878         877         812           0           0           0           0           0           0           0           0           0           0           0           0           0           0           0           0
         815         816         881         880         813         814           0           0           0           0           0           0           0           0           0           0           0           0           0           0           0           0
         816         817         884         883         882         881           0           0           0           0           0           0           0           0           0           0           0           0           0           0           0           0
         818         819         820         885         884         817           0           0           0           0           0           0           0           0           0           0           0           0           0           0           0           0
         821         888         887         886         885         820           0           0           0           0           0           0           0           0           0           0           0           0           0           0           0           0
         822         823         824         889         888         821           0           0           0           0           0           0           0           0           0           0           0           0           0           0           0           0
         824         825         892         891         890         889           0           0           0           0           0           0           0           0           0           0           0           0           0           0           0           0
         827         828         893         892         825         826           0           0           0           0           0           0           0           0           0           0           0           0           0           0           0           0
         829         896         895         894         893         828           0           0           0           0           0           0           0           0           0           0           0           0           0           0           0           0
         830         831         832         897         896         829           0           0           0           0           0           0           0           0           0           0           0           0           0           0           0           0
         832         833         900         899         898         897           0           0           0           0           0           0           0           0           0           0           0           0           0           0           0           0
         834         835         836         901         900         833           0           0           0           0           0           0           0           0           0           0           0           0           0           0           0           0
         836         837         904         903         902         901           0           0           0           0           0           0           0           0           0           0           0           0           0           0           0           0
         838         839         840         905         904         837           0           0           0           0           0           0           0           0           0           0           0           0           0           0           0           0
         840         841         908         907         906         905           0           0           0           0           0           0           0           0           0           0           0           0           0           0           0           0
         842         843         844         909         908         841           0           0           0           0           0           0           0           0           0           0           0           0           0           0           0           0
         844         845         912         911         910         909           0           0           0           0           0           0           0           0           0           0           0           0           0           0           0           0
         846         847         848         913         912         845           0           0           0           0           0           0           0           0           0           0           0           0           0           0           0           0
         848         849         916         915         914         913           0           0           0           0           0           0           0           0           0           0           0           0           0           0           0           0
         850         851         852         917         916         849           0           0           0           0           0           0           0           0           0           0           0           0           0           0           0           0
         853         920         919         918         917         852           0           0           0           0           0           0           0           0           0           0           0           0           0           0           0           0
         855         922         921         920         853         854           0           0           0           0           0           0           0           0           0           0           0           0           0           0           0           0
         858         925         924         923         926         857           0           0           0           0           0           0           0           0           0           0           0           0           0           0           0           0
         861         862         927         925         858         859           0           0           0           0           0           0           0           0           0           0           0           0           0           0           0           0
         863         930         929         928         927         862           0           0           0           0           0           0           0           0           0           0           0           0           0           0           0           0
         864         865         866         931         930         863           0           0           0           0           0           0           0           0           0           0           0           0           0           0           0           0
         867         934         933         932         931         866           0           0           0           0           0           0           0           0           0           0           0           0           0           0           0           0
         868         869         870         935         934         867           0           0           0           0           0           0           0           0           0           0           0           0           0           0           0           0
         870         871         938         937         936         935           0           0           0           0           0           0           0           0           0           0           0           0           0           0           0           0
         873         874         939         938         871         872           0           0           0           0           0           0           0           0           0           0           0           0           0           0           0           0
         875         942         941         940         939         874           0           0           0           0           0           0           0           0           0           0           0           0           0           0           0           0
         876         877         878         943         942         875           0           0           0           0           0           0           0           0           0           0           0           0           0           0           0           0
         879         946         945         944         943         878           0           0           0           0           0           0           0           0           0           0           0           0           0           0           0           0
         880         881         882         947         946         879           0           0           0           0           0           0           0           0           0           0           0           0           0           0           0           0
         882         883         950         949         948         947           0           0           0           0           0           0           0           0           0           0           0           0           0           0           0           0
         885         886         951         950         883         884           0           0           0           0           0           0           0           0           0           0           0           0           0           0           0           0
         887         954         953         952         951         886           0           0           0           0           0           0           0           0           0           0           0           0           0           0           0           0
         889         890         955         954         887         888           0           0           0           0           0           0           0           0           0           0           0           0           0           0           0           0
         890         891         958         957         956         955           0           0           0           0           0           0           0           0           0           0           0           0           0           0           0           0
         892         893         894         959         958         891           0           0           0           0           0           0           0           0           0           0           0           0           0           0           0           0
         894         895         962         961         960         959           0           0           0           0           0           0           0           0           0           0           0           0           0           0           0           0
         897         898         963         962         895         896           0           0           0           0           0           0           0           0           0           0           0           0           0           0           0           0
         898         899         966         965         964         963           0           0           0           0           0           0           0           0           0           0           0           0           0           0           0           0
         901         902         967         966         899         900           0           0           0           0           0           0           0           0           0           0           0           0           0           0           0           0
         903         970         969         968         967         902           0           0           0           0           0           0           0           0           0           0           0           0           0           0           0           0
         905         906         971         970         903         904           0           0           0           0           0           0           0           0           0           0           0           0           0           0           0           0
         907         974         973         972         971         906           0           0           0           0           0           0           0           0           0           0           0           0           0           0           0           0
         908         909         910         975         974         907           0           0           0           0           0           0           0           0           0           0           0           0           0           0           0           0
         910         911         978         977         976         975           0           0           0           0           0           0           0           0           0           0           0           0           0           0           0           0
         913         914         979         978         911         912           0           0           0           0           0           0           0           0           0           0           0           0           0           0           0           0
         914         915         982         981         980         979           0           0           0           0           0           0           0           0           0           0           0           0           0           0           0           0
         917         918         983         982         915         916           0           0           0           0           0           0           0           0           0           0           0           0           0           0           0           0
         919         986         985         984         983         918           0           0           0           0           0           0           0           0           0           0           0           0           0           0           0           0
         921         988         987         986         919         920           0           0           0           0           0           0           0           0           0           0           0           0           0           0           0           0
         924         991         990         989         992         923           0           0           0           0           0           0           0           0           0           0           0           0           0           0           0           0
         927         928         993         991         924         925           0           0           0           0           0           0           0           0           0           0           0           0           0           0           0           0
         929         996         995         994         993         928           0           0           0           0           0           0           0           0           0           0           0           0           0           0           0           0
         931         932         997         996         929         930           0           0           0           0           0           0           0           0           0           0           0           0           0           0           0           0
         933        1000         999         998         997         932           0           0           0           0           0           0           0           0           0           0           0           0           0           0           0           0
         934         935         936        1001        1000         933           0           0           0           0           0           0           0           0           0           0           0           0           0           0           0           0
         936         937        1004        1003        1002        1001           0           0           0           0           0           0           0           0           0           0           0           0           0           0           0           0
         939         940        1005        1004         937         938           0           0           0           0           0           0           0           0           0           0           0           0           0           0           0           0
         941        1008        1007        1006        1005         940           0           0           0           0           0           0           0           0           0           0           0           0           0           0           0           0
         942         943         944        1009        1008         941           0           0           0           0           0           0           0           0           0           0           0           0           0           0           0           0
         944         945        1012        1011        1010        1009           0           0           0           0           0           0           0           0           0           0           0           0           0           0           0           0
         946         947         948        1013        1012         945           0           0           0           0           0           0           0           0           0           0           0           0           0           0           0           0
         949        1016        1015        1014        1013         948           0           0           0           0           0           0           0           0           0           0           0           0           0           0           0           0
         951         952        1017        1016         949         950           0           0           0           0           0           0           0           0           0           0           0           0           0           0           0           0
         952         953        1020        1019        1018        1017           0           0           0           0           0           0           0           0           0           0           0           0           0           0           0           0
         954         955         956        1021        1020         953           0           0           0           0           0           0           0           0           0           0           0           0           0           0           0           0
         957        1024        1023        1022        1021         956           0           0           0           0           0           0           0           0           0           0           0           0           0           0           0           0
         958         959         960        1025        1024         957           0           0           0           0           0           0           0           0           0           0           0           0           0           0           0           0
         961        1028        1027        1026        1025         960           0           0           0           0           0           0           0           0           0           0           0           0           0           0           0           0
         962         963         964        1029        1028         961           0           0           0           0           0           0           0           0           0           0           0           0           0           0           0           0
         965        1032        1031        1030        1029         964           0           0           0           0           0           0           0           0           0           0           0           0           0           0           0           0
         966         967         968        1033        1032         965           0           0           0           0           0           0           0           0           0           0           0           0           0           0           0           0
         969        1036        1035        1034        1033         968           0           0           0           0           0           0           0           0           0           0           0           0           0           0           0           0
         970         971         972        1037        1036         969           0           0           0           0           0           0           0           0           0           0           0           0           0           0           0           0
         973        1040        1039        1038        1037         972           0           0           0           0           0           0           0           0           0           0           0           0           0           0           0           0
         974         975         976        1041        1040         973           0           0           0           0           0           0           0           0           0           0           0           0           0           0           0           0
         977        1044        1043        1042        1041         976           0           0           0           0           0           0           0           0           0           0           0           0           0           0           0           0
         978         979         980        1045        1044         977           0           0           0           0           0           0           0           0           0           0           0           0           0           0           0           0
         981        1048        1047        1046        1045         980           0           0           0           0           0           0           0           0           0           0           0           0           0           0           0           0
         983         984        1049        1048         981         982           0           0           0           0           0           0           0           0           0           0           0           0           0           0           0           0
         984         985        1052        1051        1050        1049           0           0           0           0           0           0           0           0           0           0           0           0           0           0           0           0
         986         987        1054        1053        1052         985           0           0           0           0           0           0           0           0           0           0           0           0           0           0           0           0
         990        1057        1056        1055        1058         989           0           0           0           0           0           0           0           0           0           0           0           0           0           0           0           0
         993         994        1059        1057         990         991           0           0           0           0           0           0           0           0           0           0           0           0           0           0           0           0
         995        1062        1061        1060        1059         994           0           0           0           0           0           0           0           0           0           0           0           0           0           0           0           0
         997         998        1063        1062         995         996           0           0           0           0           0           0           0           0           0           0           0           0           0           0           0           0
         998         999        1066        1065        1064        1063           0           0           0           0           0           0           0           0           0           0           0           0           0           0           0           0
        1001        1002        1067        1066         999        1000           0           0           0           0           0           0           0           0           0           0           0           0           0           0           0           0
        1003        1070        1069        1068        1067        1002           0           0           0           0           0           0           0           0           0           0           0           0           0           0           0           0
        1005        1006        1071        1070        1003        1004           0           0           0           0           0           0           0           0           0           0           0           0           0           0           0           0
        1006        1007        1074        1073        1072        1071           0           0           0           0           0           0           0           0           0           0           0           0           0           0           0           0
        1009        1010        1075        1074        1007        1008           0           0           0           0           0           0           0           0           0           0           0           0           0           0           0           0
        1010        1011        1078        1077        1076        1075           0           0           0           0           0           0           0           0           0           0           0           0           0           0           0           0
        1013        1014        1079        1078        1011        1012           0           0           0           0           0           0           0           0           0           0           0           0           0           0           0           0
        1015        1082        1081        1080        1079        1014           0           0           0           0           0           0           0           0           0           0           0           0           0           0           0           0
        1017        1018        1083        1082        1015        1016           0           0           0           0           0           0           0           0           0           0           0           0           0           0           0           0
        1018        1019        1086        1085        1084        1083           0           0           0           0           0           0           0           0           0           0           0           0           0           0           0           0
        1021        1022        1087        1086        1019        1020           0           0           0           0           0           0           0           0           0           0           0           0           0           0           0           0
        1022        1023        1090        1089        1088        1087           0           0           0           0           0           0           0           0           0           0           0           0           0           0           0           0
        1024        1025        1026        1091        1090        1023           0           0           0           0           0           0           0           0           0           0           0           0           0           0           0           0
        1026        1027        1094        1093        1092        1091           0           0           0           0           0           0           0           0           0           0           0           0           0           0           0           0
        1029        1030        1095        1094        1027        1028           0           0           0           0           0           0           0           0           0           0           0           0           0           0           0           0
        1030        1031        1098        1097        1096        1095           0           0           0           0           0           0           0           0           0           0           0           0           0           0           0           0
        1032        1033        1034        1099        1098        1031           0           0           0           0           0           0           0           0           0           0           0           0           0           0           0           0
        1034        1035        1102        1101        1100        1099           0           0           0           0           0           0           0           0           0           0           0           0           0           0           0           0
        1037        1038        1103        1102        1035        1036           0           0           0           0           0           0           0           0           0           0           0           0           0           0           0           0
        1038        1039        1106        1105        1104        1103           0           0           0           0           0           0           0           0           0           0           0           0           0           0           0           0
        1041        1042        1107        1106        1039        1040           0           0           0           0           0           0           0           0           0           0           0           0           0           0           0           0
        1042        1043        1110        1109        1108        1107           0           0           0           0           0           0           0           0           0           0           0           0           0           0           0           0
        1044        1045        1046        1111        1110        1043           0           0           0           0           0           0           0           0           0           0           0           0           0           0           0           0
        1047        1114        1113        1112        1111        1046           0           0           0           0           0           0           0           0           0           0           0           0           0           0           0           0
        1048        1049        1050        1115        1114        1047           0           0           0           0           0           0           0           0           0           0           0           0           0           0           0           0
        1051        1118        1117        1116        1115        1050           0           0           0           0           0           0           0           0           0           0           0           0           0           0           0           0
        1053        1120        1119        1118        1051        1052           0           0           0           0           0           0           0           0           0           0           0           0           0           0           0           0
        1056        1123        1122        1121        1124        1055           0           0           0           0           0           0           0           0           0           0           0           0           0           0           0           0
        1059        1060        1125        1123        1056        1057           0           0           0           0           0           0           0           0           0           0           0           0           0           0           0           0
        1060        1061        1128        1127        1126        1125           0           0           0           0           0           0           0           0           0           0           0           0           0           0           0           0
        1062        1063        1064        1129        1128        1061           0           0           0           0           0           0           0           0           0           0           0           0           0           0           0           0
        1065        1132        1131        1130        1129        1064           0           0           0           0           0           0           0           0           0           0           0           0           0           0           0           0
        1066        1067        1068        1133        1132        1065           0           0           0           0           0           0           0           0           0           0           0           0           0           0           0           0
        1068        1069        1136        1135        1134        1133           0           0           0           0           0           0           0           0           0           0           0           0           0           0           0           0
        1070        1071        1072        1137        1136        1069           0           0           0           0           0           0           0           0           0           0           0           0           0           0           0           0
        1073        1140        1139        1138        1137        1072           0           0           0           0           0           0           0           0           0           0           0           0           0           0           0           0
        1074        1075        1076        1141        1140        1073           0           0           0           0           0           0           0           0           0           0           0           0           0           0           0           0
        1077        1144        1143        1142        1141        1076           0           0           0           0           0           0           0           0           0           0           0           0           0           0           0           0
        1079        1080        1145        1144        1077        1078           0           0           0           0           0           0           0           0           0           0           0           0           0           0           0           0
        1080        1081        1148        1147        1146        1145           0           0           0           0           0           0           0           0           0           0           0           0           0           0           0           0
        1082        1083        1084        1149        1148        1081           0           0           0           0           0           0           0           0           0           0           0           0           0           0           0           0
        1084        1085        1152        1151        1150        1149           0           0           0           0           0           0           0           0           0           0           0           0           0           0           0           0
        1087        1088        1153        1152        1085        1086           0           0           0           0           0           0           0           0           0           0           0           0           0           0           0           0
        1089        1156        1155        1154        1153        1088           0           0           0           0           0           0           0           0           0           0           0           0           0           0           0           0
        1091        1092        1157        1156        1089        1090           0           0           0           0           0           0           0           0           0           0           0           0           0           0           0           0
        1093        1160        1159        1158        1157        1092           0           0           0           0           0           0           0           0           0           0           0           0           0           0           0           0
        1094        1095        1096        1161        1160        1093           0           0           0           0           0           0           0           0           0           0           0           0           0           0           0           0
        1097        1164        1163        1162        1161        1096           0           0           0           0           0           0           0           0           0           0           0           0           0           0           0           0
        1099        1100        1165        1164        1097        1098           0           0           0           0           0           0           0           0           0           0           0           0           0           0           0           0
        1101        1168        1167        1166        1165        1100           0           0           0           0           0           0           0           0           0           0           0           0           0           0           0           0
        1102        1103        1104        1169        1168        1101           0           0           0           0           0           0           0           0           0           0           0           0           0           0           0           0
        1104        1105        1172        1171        1170        1169           0           0           0           0           0           0           0           0           0           0           0           0           0           0           0           0
        1106        1107        1108        1173        1172        1105           0           0           0           0           0           0           0           0           0           0           0           0           0           0           0           0
        1108        1109        1176        1175        1174        1173           0           0           0           0           0           0           0           0           0           0           0           0           0           0           0           0
        1111        1112        1177        1176        1109        1110           0           0           0           0           0           0           0           0           0           0           0           0           0           0           0           0
        1112        1113        1180        1179        1178        1177           0           0           0           0           0           0           0           0           0           0           0           0           0           0           0           0
        1115        1116        1181        1180        1113        1114           0           0           0           0           0           0           0           0           0           0           0           0           0           0           0           0
        1116        1117        1184        1183        1182        1181           0           0           0           0           0           0           0           0           0           0           0           0           0           0           0           0
        1119        1186        1185        1184        1117        1118           0           0           0           0           0           0           0           0           0           0           0           0           0           0           0           0
        1122        1189        1188        1187        1190        1121           0           0           0           0           0           0           0           0           0           0           0           0           0           0           0           0
        1123        1125        1126        1191        1189        1122           0           0           0           0           0           0           0           0           0           0           0           0           0           0           0           0
        1126        1127        1194        1193        1192        1191           0           0           0           0           0           0           0           0           0           0           0           0           0           0           0           0
        1129        1130        1195        1194        1127        1128           0           0           0           0           0           0           0           0           0           0           0           0           0           0           0           0
        1130        1131        1198        1197        1196        1195           0           0           0           0           0           0           0           0           0           0           0           0           0           0           0           0
        1133        1134        1199        1198        1131        1132           0           0           0           0           0           0           0           0           0           0           0           0           0           0           0           0
        1134        1135        1202        1201        1200        1199           0           0           0           0           0           0           0           0           0           0           0           0           0           0           0           0
        1137        1138        1203        1202        1135        1136           0           0           0           0           0           0           0           0           0           0           0           0           0           0           0           0
        1138        1139        1206        1205        1204        1203           0           0           0           0           0           0           0           0           0           0           0           0           0           0           0           0
        1141        1142        1207        1206        1139        1140           0           0           0           0           0           0           0           0           0           0           0           0           0           0           0           0
        1143        1210        1209        1208        1207        1142           0           0           0           0           0           0           0           0           0           0           0           0           0           0           0           0
        1144        1145        1146        1211        1210        1143           0           0           0           0           0           0           0           0           0           0           0           0           0           0           0           0
        1146        1147        1214        1213        1212        1211           0           0           0           0           0           0           0           0           0           0           0           0           0           0           0           0
        1149        1150        1215        1214        1147        1148           0           0           0           0           0           0           0           0           0           0           0           0           0           0           0           0
        1151        1218        1217        1216        1215        1150           0           0           0           0           0           0           0           0           0           0           0           0           0           0           0           0
        1152        1153        1154        1219        1218        1151           0           0           0           0           0           0           0           0           0           0           0           0           0           0           0           0
        1155        1222        1221        1220        1219        1154           0           0           0           0           0           0           0           0           0           0           0           0           0           0           0           0
        1156        1157        1158        1223        1222        1155           0           0           0           0           0           0           0           0           0           0           0           0           0           0           0           0
        1159        1226        1225        1224        1223        1158           0           0           0           0           0           0           0           0           0           0           0           0           0           0           0           0
        1161        1162        1227        1226        1159        1160           0           0           0           0           0           0           0           0           0           0           0           0           0           0           0           0
        1162        1163        1230        1229        1228        1227           0           0           0           0           0           0           0           0           0           0           0           0           0           0           0           0
        1165        1166        1231        1230        1163        1164           0           0           0           0           0           0           0           0           0           0           0           0           0           0           0           0
        1167        1234        1233        1232        1231        1166           0           0           0           0           0           0           0           0           0           0           0           0           0           0           0           0
        1169        1170        1235        1234        1167        1168           0           0           0           0           0           0           0           0           0           0           0           0           0           0           0           0
        1171        1238        1237        1236        1235        1170           0           0           0           0           0           0           0           0           0           0           0           0           0           0           0           0
        1172        1173        1174        1239        1238        1171           0           0           0           0           0           0           0           0           0           0           0           0           0           0           0           0
        1175        1242        1241        1240        1239        1174           0           0           0           0           0           0           0           0           0           0           0           0           0           0           0           0
        1176        1177        1178        1243        1242        1175           0           0           0           0           0           0           0           0           0           0           0           0           0           0           0           0
        1179        1246        1245        1244        1243        1178           0           0           0           0           0           0           0           0           0           0           0           0           0           0           0           0
        1181        1182        1247        1246        1179        1180           0           0           0           0           0           0           0           0           0           0           0           0           0           0           0           0
        1183        1250        1249        1248        1247        1182           0           0           0           0           0           0           0           0           0           0           0           0           0           0           0           0
        1185        1252        1251        1250        1183        1184           0           0           0           0           0           0           0           0           0           0           0           0           0           0           0           0
        1188        1255        1254        1253        1256        1187           0           0           0           0           0           0           0           0           0           0           0           0           0           0           0           0
        1189        1191        1192        1257        1255        1188           0           0           0           0           0           0           0           0           0           0           0           0           0           0           0           0
        1192        1193        1260        1259        1258        1257           0           0           0           0           0           0           0           0           0           0           0           0           0           0           0           0
        1194        1195        1196        1261        1260        1193           0           0           0           0           0           0           0           0           0           0           0           0           0           0           0           0
        1197        1264        1263        1262        1261        1196           0           0           0           0           0           0           0           0           0           0           0           0           0           0           0           0
        1198        1199        1200        1265        1264        1197           0           0           0           0           0           0           0           0           0           0           0           0           0           0           0           0
        1201        1268        1267        1266        1265        1200           0           0           0           0           0           0           0           0           0           0           0           0           0           0           0           0
        1203        1204        1269        1268        1201        1202           0           0           0           0           0           0           0           0           0           0           0           0           0           0           0           0
        1205        1272        1271        1270        1269        1204           0           0           0           0           0           0           0           0           0           0           0           0           0           0           0           0
        1207        1208        1273        1272        1205        1206           0           0           0           0           0           0           0           0           0           0           0           0           0           0           0           0
        1208        1209        1276        1275        1274        1273           0           0           0           0           0           0           0           0           0           0           0           0           0           0           0           0
        1210        1211        1212        1277        1276        1209           0           0           0           0           0           0           0           0           0           0           0           0           0           0           0           0
        1212        1213        1280        1279        1278        1277           0           0           0           0           0           0           0           0           0           0           0           0           0           0           0           0
        1215        1216        1281        1280        1213        1214           0           0           0           0           0           0           0           0           0           0           0           0           0           0           0           0
        1216        1217        1284        1283        1282        1281           0           0           0           0           0           0           0           0           0           0           0           0           0           0           0           0
        1219        1220        1285        1284        1217        1218           0           0           0           0           0           0           0           0           0           0           0           0           0           0           0           0
        1220        1221        1288        1287        1286        1285           0           0           0           0           0           0           0           0           0           0           0           0           0           0           0           0
        1222        1223        1224        1289        1288        1221           0           0           0           0           0           0           0           0           0           0           0           0           0           0           0           0
        1224        1225        1292        1291        1290        1289           0           0           0           0           0           0           0           0           0           0           0           0           0           0           0           0
        1226        1227        1228        1293        1292        1225           0           0           0           0           0           0           0           0           0           0           0           0           0           0           0           0
        1228        1229        1296        1295        1294        1293           0           0           0           0           0           0           0           0           0           0           0           0           0           0           0           0
        1231        1232        1297        1296        1229        1230           0           0           0           0           0           0           0           0           0           0           0           0           0           0           0           0
        1232        1233        1300        1299        1298        1297           0           0           0           0           0           0           0           0           0           0           0           0           0           0           0           0
        1234        1235        1236        1301        1300        1233           0           0           0           0           0           0           0           0           0           0           0           0           0           0           0           0
        1237        1304        1303        1302        1301        1236           0           0           0           0           0           0           0           0           0           0           0           0           0           0           0           0
        1239        1240        1305        1304        1237        1238           0           0           0           0           0           0           0           0           0           0           0           0           0           0           0           0
        1241        1308        1307        1306        1305        1240           0           0           0           0           0           0           0           0           0           0           0           0           0           0           0           0
        1243        1244        1309        1308        1241        1242           0           0           0           0           0           0           0           0           0           0           0           0           0           0           0           0
        1245        1310        1312        1311        1309        1244           0           0           0           0           0           0           0           0           0           0           0           0           0           0           0           0
        1246        1247        1248        1313        1310        1245           0           0           0           0           0           0           0           0           0           0           0           0           0           0           0           0
        1249        1316        1315        1314        1313        1248           0           0           0           0           0           0           0           0           0           0           0           0           0           0           0           0
        1250        1251        1318        1317        1316        1249           0           0           0           0           0           0           0           0           0           0           0           0           0           0           0           0
        1254        1321        1320        1319        1322        1253           0           0           0           0           0           0           0           0           0           0           0           0           0           0           0           0
        1257        1258        1323        1321        1254        1255           0           0           0           0           0           0           0           0           0           0           0           0           0           0           0           0
        1259        1326        1325        1324        1323        1258           0           0           0           0           0           0           0           0           0           0           0           0           0           0           0           0
        1261        1262        1327        1326        1259        1260           0           0           0           0           0           0           0           0           0           0           0           0           0           0           0           0
        1263        1330        1329        1328        1327        1262           0           0           0           0           0           0           0           0           0           0           0           0           0           0           0           0
        1265        1266        1331        1330        1263        1264           0           0           0           0           0           0           0           0           0           0           0           0           0           0           0           0
        1267        1334        1333        1332        1331        1266           0           0           0           0           0           0           0           0           0           0           0           0           0           0           0           0
        1268        1269        1270        1335        1334        1267           0           0           0           0           0           0           0           0           0           0           0           0           0           0           0           0
        1271        1338        1337        1336        1335        1270           0           0           0           0           0           0           0           0           0           0           0           0           0           0           0           0
        1272        1273        1274        1339        1338        1271           0           0           0           0           0           0           0           0           0           0           0           0           0           0           0           0
        1275        1342        1341        1340        1339        1274           0           0           0           0           0           0           0           0           0           0           0           0           0           0           0           0
        1277        1278        1343        1342        1275        1276           0           0           0           0           0           0           0           0           0           0           0           0           0           0           0           0
        1279        1346        1345        1344        1343        1278           0           0           0           0           0           0           0           0           0           0           0           0           0           0           0           0
        1280        1281        1282        1347        1346        1279           0           0           0           0           0           0           0           0           0           0           0           0           0           0           0           0
        1283        1350        1349        1348        1347        1282           0           0           0           0           0           0           0           0           0           0           0           0           0           0           0           0
        1284        1285        1286        1351        1350        1283           0           0           0           0           0           0           0           0           0           0           0           0           0           0           0           0
        1286        1287        1354        1353        1352        1351           0           0           0           0           0           0           0           0           0           0           0           0           0           0           0           0
        1288        1289        1290        1355        1354        1287           0           0           0           0           0           0           0           0           0           0           0           0           0           0           0           0
        1290        1291        1358        1357        1356        1355           0           0           0           0           0           0           0           0           0           0           0           0           0           0           0           0
        1293        1294        1359        1358        1291        1292           0           0           0           0           0           0           0           0           0           0           0           0           0           0           0           0
        1295        1362        1361        1360        1359        1294           0           0           0           0           0           0           0           0           0           0           0           0           0           0           0           0
        1296        1297        1298        1363        1362        1295           0           0           0           0           0           0           0           0           0           0           0           0           0           0           0           0
        1298        1299        1366        1365        1364        1363           0           0           0           0           0           0           0           0           0           0           0           0           0           0           0           0
        1300        1301        1302        1367        1366        1299           0           0           0           0           0           0           0           0           0           0           0           0           0           0           0           0
        1302        1303        1370        1369        1368        1367           0           0           0           0           0           0           0           0           0           0           0           0           0           0           0           0
        1305        1306        1371        1370        1303        1304           0           0           0           0           0           0           0           0           0           0           0           0           0           0           0           0
        1306        1307        1374        1373        1372        1371           0           0           0           0           0           0           0           0           0           0           0           0           0           0           0           0
        1308        1309        1311        1375        1374        1307           0           0           0           0           0           0           0           0           0           0           0           0           0           0           0           0
        1312        1378        1377        1376        1375        1311           0           0           0           0           0           0           0           0           0           0           0           0           0           0           0           0
        1313        1314        1379        1378        1312        1310           0           0           0           0           0           0           0           0           0           0           0           0           0           0           0           0
        1315        1382        1381        1380        1379        1314           0           0           0           0           0           0           0           0           0           0           0           0           0           0           0           0
        1317        1384        1383        1382        1315        1316           0           0           0           0           0           0           0           0           0           0           0           0           0           0           0           0
        1320        1387        1386        1385        1388        1319           0           0           0           0           0           0           0           0           0           0           0           0           0           0           0           0
        1323        1324        1389        1387        1320        1321           0           0           0           0           0           0           0           0           0           0           0           0           0           0           0           0
        1325        1392        1391        1390        1389        1324           0           0           0           0           0           0           0           0           0           0           0           0           0           0           0           0
        1326        1327        1328        1393        1392        1325           0           0           0           0           0           0           0           0           0           0           0           0           0           0           0           0
        1328        1329        1396        1395        1394        1393           0           0           0           0           0           0           0           0           0           0           0           0           0           0           0           0
        1330        1331        1332        1397        1396        1329           0           0           0           0           0           0           0           0           0           0           0           0           0           0           0           0
        1332        1333        1400        1399        1398        1397           0           0           0           0           0           0           0           0           0           0           0           0           0           0           0           0
        1335        1336        1401        1400        1333        1334           0           0           0           0           0           0           0           0           0           0           0           0           0           0           0           0
        1336        1337        1404        1403        1402        1401           0           0           0           0           0           0           0           0           0           0           0           0           0           0           0           0
        1338        1339        1340        1405        1404        1337           0           0           0           0           0           0           0           0           0           0           0           0           0           0           0           0
        1340        1341        1408        1407        1406        1405           0           0           0           0           0           0           0           0           0           0           0           0           0           0           0           0
        1343        1344        1409        1408        1341        1342           0           0           0           0           0           0           0           0           0           0           0           0           0           0           0           0
        1344        1345        1412        1411        1410        1409           0           0           0           0           0           0           0           0           0           0           0           0           0           0           0           0
        1347        1348        1413        1412        1345        1346           0           0           0           0           0           0           0           0           0           0           0           0           0           0           0           0
        1349        1416        1415        1414        1413        1348           0           0           0           0           0           0           0           0           0           0           0           0           0           0           0           0
        1350        1351        1352        1417        1416        1349           0           0           0           0           0           0           0           0           0           0           0           0           0           0           0           0
        1353        1420        1419        1418        1417        1352           0           0           0           0           0           0           0           0           0           0           0           0           0           0           0           0
        1354        1355        1356        1421        1420        1353           0           0           0           0           0           0           0           0           0           0           0           0           0           0           0           0
        1357        1424        1423        1422        1421        1356           0           0           0           0           0           0           0           0           0           0           0           0           0           0           0           0
        1358        1359        1360        1425        1424        1357           0           0           0           0           0           0           0           0           0           0           0           0           0           0           0           0
        1360        1361        1428        1427        1426        1425           0           0           0           0           0           0           0           0           0           0           0           0           0           0           0           0
        1363        1364        1429        1428        1361        1362           0           0           0           0           0           0           0           0           0           0           0           0           0           0           0           0
        1365        1432        1431        1430        1429        1364           0           0           0           0           0           0           0           0           0           0           0           0           0           0           0           0
        1366        1367        1368        1433        1432        1365           0           0           0           0           0           0           0           0           0           0           0           0           0           0           0           0
        1368        1369        1436        1435        1434        1433           0           0           0           0           0           0           0           0           0           0           0           0           0           0           0           0
        1370        1371        1372        1437        1436        1369           0           0           0           0           0           0           0           0           0           0           0           0           0           0           0           0
        1373        1440        1439        1438        1437        1372           0           0           0           0           0           0           0           0           0           0           0           0           0           0           0           0
        1375        1376        1441        1440        1373        1374           0           0           0           0           0           0           0           0           0           0           0           0           0           0           0           0
        1377        1444        1443        1442        1441        1376           0           0           0           0           0           0           0           0           0           0           0           0           0           0           0           0
        1378        1379        1380        1445        1444        1377           0           0           0           0           0           0           0           0           0           0           0           0           0           0           0           0
        1380        1381        1448        1447        1446        1445           0           0           0           0           0           0           0           0           0           0           0           0           0           0           0           0
        1382        1383        1450        1449        1448        1381           0           0           0           0           0           0           0           0           0           0           0           0           0           0           0           0
        1386        1453        1452        1451        1454        1385           0           0           0           0           0           0           0           0           0           0           0           0           0           0           0           0
        1387        1389        1390        1455        1453        1386           0           0           0           0           0           0           0           0           0           0           0           0           0           0           0           0
        1390        1391        1458        1457        1456        1455           0           0           0           0           0           0           0           0           0           0           0           0           0           0           0           0
        1393        1394        1459        1458        1391        1392           0           0           0           0           0           0           0           0           0           0           0           0           0           0           0           0
        1394        1395        1462        1461        1460        1459           0           0           0           0           0           0           0           0           0           0           0           0           0           0           0           0
        1397        1398        1463        1462        1395        1396           0           0           0           0           0           0           0           0           0           0           0           0           0           0           0           0
        1399        1466        1465        1464        1463        1398           0           0           0           0           0           0           0           0           0           0           0           0           0           0           0           0
        1401        1402        1467        1466        1399        1400           0           0           0           0           0           0           0           0           0           0           0           0           0           0           0           0
        1403        1470        1469        1468        1467        1402           0           0           0           0           0           0           0           0           0           0           0           0           0           0           0           0
        1405        1406        1471        1470        1403        1404           0           0           0           0           0           0           0           0           0           0           0           0           0           0           0           0
        1407        1474        1473        1472        1471        1406           0           0           0           0           0           0           0           0           0           0           0           0           0           0           0           0
        1408        1409        1410        1475        1474        1407           0           0           0           0           0           0           0           0           0           0           0           0           0           0           0           0
        1410        1411        1478        1477        1476        1475           0           0           0           0           0           0           0           0           0           0           0           0           0           0           0           0
        1412        1413        1414        1479        1478        1411           0           0           0           0           0           0           0           0           0           0           0           0           0           0           0           0
        1414        1415        1482        1481        1480        1479           0           0           0           0           0           0           0           0           0           0           0           0           0           0           0           0
        1417        1418        1483        1482        1415        1416           0           0           0           0           0           0           0           0           0           0           0           0           0           0           0           0
        1418        1419        1486        1485        1484        1483           0           0           0           0           0           0           0           0           0           0           0           0           0           0           0           0
        1420        1421        1422        1487        1486        1419           0           0           0           0           0           0           0           0           0           0           0           0           0           0           0           0
        1422        1423        1490        1489        1488        1487           0           0           0           0           0           0           0           0           0           0           0           0           0           0           0           0
        1425        1426        1491        1490        1423        1424           0           0           0           0           0           0           0           0           0           0           0           0           0           0           0           0
        1426        1427        1494        1493        1492        1491           0           0           0           0           0           0           0           0           0           0           0           0           0           0           0           0
        1428        1429        1430        1495        1494        1427           0           0           0           0           0           0           0           0           0           0           0           0           0           0           0           0
        1430        1431        1498        1497        1496        1495           0           0           0           0           0           0           0           0           0           0           0           0           0           0           0           0
        1433        1434        1499        1498        1431        1432           0           0           0           0           0           0           0           0           0           0           0           0           0           0           0           0
        1434        1435        1502        1501        1500        1499           0           0           0           0           0           0           0           0           0           0           0           0           0           0           0           0
        1436        1437        1438        1503        1502        1435           0           0           0           0           0           0           0           0           0           0           0           0           0           0           0           0
        1438        1439        1506        1505        1504        1503           0           0           0           0           0           0           0           0           0           0           0           0           0           0           0           0
        1440        1441        1442        1507        1506        1439           0           0           0           0           0           0           0           0           0           0           0           0           0           0           0           0
        1442        1443        1510        1509        1508        1507           0           0           0           0           0           0           0           0           0           0           0           0           0           0           0           0
        1445        1446        1511        1510        1443        1444           0           0           0           0           0           0           0           0           0           0           0           0           0           0           0           0
        1446        1447        1514        1513        1512        1511           0           0           0           0           0           0           0           0           0           0           0           0           0           0           0           0
        1448        1449        1516        1515        1514        1447           0           0           0           0           0           0           0           0           0           0           0           0           0           0           0           0
        1452        1519        1518        1517        1520        1451           0           0           0           0           0           0           0           0           0           0           0           0           0           0           0           0
        1455        1456        1521        1519        1452        1453           0           0           0           0           0           0           0           0           0           0           0           0           0           0           0           0
        1457        1524        1523        1522        1521        1456           0           0           0           0           0           0           0           0           0           0           0           0           0           0           0           0
        1459        1460        1525        1524        1457        1458           0           0           0           0           0           0           0           0           0           0           0           0           0           0           0           0
        1460        1461        1528        1527        1526        1525           0           0           0           0           0           0           0           0           0           0           0           0           0           0           0           0
        1463        1464        1529        1528        1461        1462           0           0           0           0           0           0           0           0           0           0           0           0           0           0           0           0
        1464        1465        1532        1531        1530        1529           0           0           0           0           0           0           0           0           0           0           0           0           0           0           0           0
        1466        1467        1468        1533        1532        1465           0           0           0           0           0           0           0           0           0           0           0           0           0           0           0           0
        1468        1469        1536        1535        1534        1533           0           0           0           0           0           0           0           0           0           0           0           0           0           0           0           0
        1470        1471        1472        1537        1536        1469           0           0           0           0           0           0           0           0           0           0           0           0           0           0           0           0
        1472        1473        1540        1539        1538        1537           0           0           0           0           0           0           0           0           0           0           0           0           0           0           0           0
        1475        1476        1541        1540        1473        1474           0           0           0           0           0           0           0           0           0           0           0           0           0           0           0           0
        1477        1544        1543        1542        1541        1476           0           0           0           0           0           0           0           0           0           0           0           0           0           0           0           0
        1479        1480        1545        1544        1477        1478           0           0           0           0           0           0           0           0           0           0           0           0           0           0           0           0
        1480        1481        1548        1547        1546        1545           0           0           0           0           0           0           0           0           0           0           0           0           0           0           0           0
        1483        1484        1549        1548        1481        1482           0           0           0           0           0           0           0           0           0           0           0           0           0           0           0           0
        1484        1485        1552        1551        1550        1549           0           0           0           0           0           0           0           0           0           0           0           0           0           0           0           0
        1487        1488        1553        1552        1485        1486           0           0           0           0           0           0           0           0           0           0           0           0           0           0           0           0
        1488        1489        1556        1555        1554        1553           0           0           0           0           0           0           0           0           0           0           0           0           0           0           0           0
        1491        1492        1557        1556        1489        1490           0           0           0           0           0           0           0           0           0           0           0           0           0           0           0           0
        1493        1560        1559        1558        1557        1492           0           0           0           0           0           0           0           0           0           0           0           0           0           0           0           0
        1494        1495        1496        1561        1560        1493           0           0           0           0           0           0           0           0           0           0           0           0           0           0           0           0
        1497        1564        1563        1562        1561        1496           0           0           0           0           0           0           0           0           0           0           0           0           0           0           0           0
        1498        1499        1500        1565        1564        1497           0           0           0           0           0           0           0           0           0           0           0           0           0           0           0           0
        1500        1501        1568        1567        1566        1565           0           0           0           0           0           0           0           0           0           0           0           0           0           0           0           0
        1502        1503        1504        1569        1568        1501           0           0           0           0           0           0           0           0           0           0           0           0           0           0           0           0
        1505        1572        1571        1570        1569        1504           0           0           0           0           0           0           0           0           0           0           0           0           0           0           0           0
        1507        1508        1573        1572        1505        1506           0           0           0           0           0           0           0           0           0           0           0           0           0           0           0           0
        1509        1576        1575        1574        1573        1508           0           0           0           0           0           0           0           0           0           0           0           0           0           0           0           0
        1510        1511        1512        1577        1576        1509           0           0           0           0           0           0           0           0           0           0           0           0           0           0           0           0
        1512        1513        1580        1579        1578        1577           0           0           0           0           0           0           0           0           0           0           0           0           0           0           0           0
        1515        1582        1581        1580        1513        1514           0           0           0           0           0           0           0           0           0           0           0           0           0           0           0           0
        1518        1585        1584        1583        1586        1517           0           0           0           0           0           0           0           0           0           0           0           0           0           0           0           0
        1519        1521        1522        1587        1585        1518           0           0           0           0           0           0           0           0           0           0           0           0           0           0           0           0
        1522        1523        1590        1589        1588        1587           0           0           0           0           0           0           0           0           0           0           0           0           0           0           0           0
        1524        1525        1526        1591        1590        1523           0           0           0           0           0           0           0           0           0           0           0           0           0           0           0           0
        1526        1527        1594        1593        1592        1591           0           0           0           0           0           0           0           0           0           0           0           0           0           0           0           0
        1529        1530        1595        1594        1527        1528           0           0           0           0           0           0           0           0           0           0           0           0           0           0           0           0
        1530        1531        1597        1596        1598        1595           0           0           0           0           0           0           0           0           0           0           0           0           0           0           0           0
        1532        1533        1534        1599        1597        1531           0           0           0           0           0           0           0           0           0           0           0           0           0           0           0           0
        1535        1602        1601        1600        1599        1534           0           0           0           0           0           0           0           0           0           0           0           0           0           0           0           0
        1537        1538        1603        1602        1535        1536           0           0           0           0           0           0           0           0           0           0           0           0           0           0           0           0
        1538        1539        1606        1605        1604        1603           0           0           0           0           0           0           0           0           0           0           0           0           0           0           0           0
        1540        1541        1542        1607        1606        1539           0           0           0           0           0           0           0           0           0           0           0           0           0           0           0           0
        1543        1610        1609        1608        1607        1542           0           0           0           0           0           0           0           0           0           0           0           0           0           0           0           0
        1544        1545        1546        1611        1610        1543           0           0           0           0           0           0           0           0           0           0           0           0           0           0           0           0
        1547        1614        1613        1612        1611        1546           0           0           0           0           0           0           0           0           0           0           0           0           0           0           0           0
        1549        1550        1615        1614        1547        1548           0           0           0           0           0           0           0           0           0           0           0           0           0           0           0           0
        1551        1618        1617        1616        1615        1550           0           0           0           0           0           0           0           0           0           0           0           0           0           0           0           0
        1552        1553        1554        1619        1618        1551           0           0           0           0           0           0           0           0           0           0           0           0           0           0           0           0
        1555        1622        1621        1620        1619        1554           0           0           0           0           0           0           0           0           0           0           0           0           0           0           0           0
        1556        1557        1558        1623        1622        1555           0           0           0           0           0           0           0           0           0           0           0           0           0           0           0           0
        1558        1559        1626        1625        1624        1623           0           0           0           0           0           0           0           0           0           0           0           0           0           0           0           0
        1560        1561        1562        1627        1626        1559           0           0           0           0           0           0           0           0           0           0           0           0           0           0           0           0
        1563        1630        1629        1628        1627        1562           0           0           0           0           0           0           0           0           0           0           0           0           0           0           0           0
        1565        1566        1631        1630        1563        1564           0           0           0           0           0           0           0           0           0           0           0           0           0           0           0           0
        1566        1567        1634        1633        1632        1631           0           0           0           0           0           0           0           0           0           0           0           0           0           0           0           0
        1569        1570        1635        1634        1567        1568           0           0           0           0           0           0           0           0           0           0           0           0           0           0           0           0
        1571        1638        1637        1636        1635        1570           0           0           0           0           0           0           0           0           0           0           0           0           0           0           0           0
        1573        1574        1639        1638        1571        1572           0           0           0           0           0           0           0           0           0           0           0           0           0           0           0           0
        1574        1575        1642        1641        1640        1639           0           0           0           0           0           0           0           0           0           0           0           0           0           0           0           0
        1577        1578        1643        1642        1575        1576           0           0           0           0           0           0           0           0           0           0           0           0           0           0           0           0
        1579        1646        1645        1644        1643        1578           0           0           0           0           0           0           0           0           0           0           0           0           0           0           0           0
        1581        1648        1647        1646        1579        1580           0           0           0           0           0           0           0           0           0           0           0           0           0           0           0           0
        1584        1651        1650        1649        1652        1583           0           0           0           0           0           0           0           0           0           0           0           0           0           0           0           0
        1587        1588        1653        1651        1584        1585           0           0           0           0           0           0           0           0           0           0           0           0           0           0           0           0
        1589        1656        1655        1654        1653        1588           0           0           0           0           0           0           0           0           0           0           0           0           0           0           0           0
        1591        1592        1657        1656        1589        1590           0           0           0           0           0           0           0           0           0           0           0           0           0           0           0           0
        1592        1593        1660        1659        1658        1657           0           0           0           0           0           0           0           0           0           0           0           0           0           0           0           0
        1594        1595        1598        1661        1660        1593           0           0           0           0           0           0           0           0           0           0           0           0           0           0           0           0
        1596        1664        1663        1662        1661        1598           0           0           0           0           0           0           0           0           0           0           0           0           0           0           0           0
        1597        1599        1600        1665        1664        1596           0           0           0           0           0           0           0           0           0           0           0           0           0           0           0           0
        1600        1601        1668        1667        1666        1665           0           0           0           0           0           0           0           0           0           0           0           0           0           0           0           0
        1602        1603        1604        1669        1668        1601           0           0           0           0           0           0           0           0           0           0           0           0           0           0           0           0
        1605        1672        1671        1670        1669        1604           0           0           0           0           0           0           0           0           0           0           0           0           0           0           0           0
        1606        1607        1608        1673        1672        1605           0           0           0           0           0           0           0           0           0           0           0           0           0           0           0           0
        1609        1676        1675        1674        1673        1608           0           0           0           0           0           0           0           0           0           0           0           0           0           0           0           0
        1611        1612        1677        1676        1609        1610           0           0           0           0           0           0           0           0           0           0           0           0           0           0           0           0
        1612        1613        1680        1679        1678        1677           0           0           0           0           0           0           0           0           0           0           0           0           0           0           0           0
        1614        1615        1616        1681        1680        1613           0           0           0           0           0           0           0           0           0           0           0           0           0           0           0           0
        1617        1684        1683        1682        1681        1616           0           0           0           0           0           0           0           0           0           0           0           0           0           0           0           0
        1619        1620        1685        1684        1617        1618           0           0           0           0           0           0           0           0           0           0           0           0           0           0           0           0
        1620        1621        1688        1687        1686        1685           0           0           0           0           0           0           0           0           0           0           0           0           0           0           0           0
        1623        1624        1689        1688        1621        1622           0           0           0           0           0           0           0           0           0           0           0           0           0           0           0           0
        1625        1692        1691        1690        1689        1624           0           0           0           0           0           0           0           0           0           0           0           0           0           0           0           0
        1627        1628        1693        1692        1625        1626           0           0           0           0           0           0           0           0           0           0           0           0           0           0           0           0
        1628        1629        1696        1695        1694        1693           0           0           0           0           0           0           0           0           0           0           0           0           0           0           0           0
        1630        1631        1632        1697        1696        1629           0           0           0           0           0           0           0           0           0           0           0           0           0           0           0           0
        1633        1700        1699        1698        1697        1632           0           0           0           0           0           0           0           0           0           0           0           0           0           0           0           0
        1635        1636        1701        1700        1633        1634           0           0           0           0           0           0           0           0           0           0           0           0           0           0           0           0
        1636        1637        1704        1703        1702        1701           0           0           0           0           0           0           0           0           0           0           0           0           0           0           0           0
        1638        1639        1640        1705        1704        1637           0           0           0           0           0           0           0           0           0           0           0           0           0           0           0           0
        1640        1641        1707        1706        1708        1705           0           0           0           0           0           0           0           0           0           0           0           0           0           0           0           0
        1642        1643        1644        1709        1707        1641           0           0           0           0           0           0           0           0           0           0           0           0           0           0           0           0
        1644        1645        1712        1711        1710        1709           0           0           0           0           0           0           0           0           0           0           0           0           0           0           0           0
        1647        1714        1713        1712        1645        1646           0           0           0           0           0           0           0           0           0           0           0           0           0           0           0           0
        1650        1717        1716        1715        1718        1649           0           0           0           0           0           0           0           0           0           0           0           0           0           0           0           0
        1651        1653        1654        1719        1717        1650           0           0           0           0           0           0           0           0           0           0           0           0           0           0           0           0
        1655        1722        1721        1720        1719        1654           0           0           0           0           0           0           0           0           0           0           0           0           0           0           0           0
        1657        1658        1723        1722        1655        1656           0           0           0           0           0           0           0           0           0           0           0           0           0           0           0           0
        1659        1726        1725        1724        1723        1658           0           0           0           0           0           0           0           0           0           0           0           0           0           0           0           0
        1660        1661        1662        1727        1726        1659           0           0           0           0           0           0           0           0           0           0           0           0           0           0           0           0
        1662        1663        1730        1729        1728        1727           0           0           0           0           0           0           0           0           0           0           0           0           0           0           0           0
        1665        1666        1731        1730        1663        1664           0           0           0           0           0           0           0           0           0           0           0           0           0           0           0           0
        1667        1734        1733        1732        1731        1666           0           0           0           0           0           0           0           0           0           0           0           0           0           0           0           0
        1668        1669        1670        1735        1734        1667           0           0           0           0           0           0           0           0           0           0           0           0           0           0           0           0
        1670        1671        1738        1737        1736        1735           0           0           0           0           0           0           0           0           0           0           0           0           0           0           0           0
        1673        1674        1739        1738        1671        1672           0           0           0           0           0           0           0           0           0           0           0           0           0           0           0           0
        1674        1675        1742        1741        1740        1739           0           0           0           0           0           0           0           0           0           0           0           0           0           0           0           0
        1676        1677        1678        1743        1742        1675           0           0           0           0           0           0           0           0           0           0           0           0           0           0           0           0
        1679        1746        1745        1744        1743        1678           0           0           0           0           0           0           0           0           0           0           0           0           0           0           0           0
        1680        1681        1682        1747        1746        1679           0           0           0           0           0           0           0           0           0           0           0           0           0           0           0           0
        1683        1750        1749        1748        1747        1682           0           0           0           0           0           0           0           0           0           0           0           0           0           0           0           0
        1684        1685        1686        1751        1750        1683           0           0           0           0           0           0           0           0           0           0           0           0           0           0           0           0
        1686        1687        1754        1753        1752        1751           0           0           0           0           0           0           0           0           0           0           0           0           0           0           0           0
        1689        1690        1755        1754        1687        1688           0           0           0           0           0           0           0           0           0           0           0           0           0           0           0           0
        1690        1691        1758        1757        1756        1755           0           0           0           0           0           0           0           0           0           0           0           0           0           0           0           0
        1692        1693        1694        1759        1758        1691           0           0           0           0           0           0           0           0           0           0           0           0           0           0           0           0
        1694        1695        1762        1761        1760        1759           0           0           0           0           0           0           0           0           0           0           0           0           0           0           0           0
        1697        1698        1763        1762        1695        1696           0           0           0           0           0           0           0           0           0           0           0           0           0           0           0           0
        1699        1766        1765        1764        1763        1698           0           0           0           0           0           0           0           0           0           0           0           0           0           0           0           0
        1700        1701        1702        1767        1766        1699           0           0           0           0           0           0           0           0           0           0           0           0           0           0           0           0
        1702        1703        1770        1769        1768        1767           0           0           0           0           0           0           0           0           0           0           0           0           0           0           0           0
        1705        1708        1771        1770        1703        1704           0           0           0           0           0           0           0           0           0           0           0           0           0           0           0           0
        1706        1774        1773        1772        1771        1708           0           0           0           0           0           0           0           0           0           0           0           0           0           0           0           0
        1707        1709        1710        1775        1774        1706           0           0           0           0           0           0           0           0           0           0           0           0           0           0           0           0
        1710        1711        1778        1777        1776        1775           0           0           0           0           0           0           0           0           0           0           0           0           0           0           0           0
        1713        1780        1779        1778        1711        1712           0           0           0           0           0           0           0           0           0           0           0           0           0           0           0           0
        1716        1783        1782        1781        1784        1715           0           0           0           0           0           0           0           0           0           0           0           0           0           0           0           0
        1719        1720        1785        1783        1716        1717           0           0           0           0           0           0           0           0           0           0           0           0           0           0           0           0
        1720        1721        1788        1787        1786        1785           0           0           0           0           0           0           0           0           0           0           0           0           0           0           0           0
        1722        1723        1724        1789        1788        1721           0           0           0           0           0           0           0           0           0           0           0           0           0           0           0           0
        1724        1725        1792        1791        1790        1789           0           0           0           0           0           0           0           0           0           0           0           0           0           0           0           0
        1727        1728        1793        1792        1725        1726           0           0           0           0           0           0           0           0           0           0           0           0           0           0           0           0
        1729        1796        1795        1794        1793        1728           0           0           0           0           0           0           0           0           0           0           0           0           0           0           0           0
        1730        1731        1732        1797        1796        1729           0           0           0           0           0           0           0           0           0           0           0           0           0           0           0           0
        1732        1733        1800        1799        1798        1797           0           0           0           0           0           0           0           0           0           0           0           0           0           0           0           0
        1735        1736        1801        1800        1733        1734           0           0           0           0           0           0           0           0           0           0           0           0           0           0           0           0
        1737        1804        1803        1802        1801        1736           0           0           0           0           0           0           0           0           0           0           0           0           0           0           0           0
        1739        1740        1805        1804        1737        1738           0           0           0           0           0           0           0           0           0           0           0           0           0           0           0           0
        1740        1741        1808        1807        1806        1805           0           0           0           0           0           0           0           0           0           0           0           0           0           0           0           0
        1743        1744        1809        1808        1741        1742           0           0           0           0           0           0           0           0           0           0           0           0           0           0           0           0
        1744        1745        1812        1811        1810        1809           0           0           0           0           0           0           0           0           0           0           0           0           0           0           0           0
        1746        1747        1748        1813        1812        1745           0           0           0           0           0           0           0           0           0           0           0           0           0           0           0           0
        1748        1749        1816        1815        1814        1813           0           0           0           0           0           0           0           0           0           0           0           0           0           0           0           0
        1751        1752        1817        1816        1749        1750           0           0           0           0           0           0           0           0           0           0           0           0           0           0           0           0
        1752        1753        1820        1819        1818        1817           0           0           0           0           0           0           0           0           0           0           0           0           0           0           0           0
        1754        1755        1756        1821        1820        1753           0           0           0           0           0           0           0           0           0           0           0           0           0           0           0           0
        1756        1757        1824        1823        1822        1821           0           0           0           0           0           0           0           0           0           0           0           0           0           0           0           0
        1759        1760        1825        1824        1757        1758           0           0           0           0           0           0           0           0           0           0           0           0           0           0           0           0
        1761        1828        1827        1826        1825        1760           0           0           0           0           0           0           0           0           0           0           0           0           0           0           0           0
        1762        1763        1764        1829        1828        1761           0           0           0           0           0           0           0           0           0           0           0           0           0           0           0           0
        1764        1765        1830        1832        1831        1829           0           0           0           0           0           0           0           0           0           0           0           0           0           0           0           0
        1766        1767        1768        1833        1830        1765           0           0           0           0           0           0           0           0           0           0           0           0           0           0           0           0
        1769        1836        1835        1834        1833        1768           0           0           0           0           0           0           0           0           0           0           0           0           0           0           0           0
        1771        1772        1837        1836        1769        1770           0           0           0           0           0           0           0           0           0           0           0           0           0           0           0           0
        1772        1773        1840        1839        1838        1837           0           0           0           0           0           0           0           0           0           0           0           0           0           0           0           0
        1775        1776        1841        1840        1773        1774           0           0           0           0           0           0           0           0           0           0           0           0           0           0           0           0
        1777        1844        1843        1842        1841        1776           0           0           0           0           0           0           0           0           0           0           0           0           0           0           0           0
        1779        1846        1845        1844        1777        1778           0           0           0           0           0           0           0           0           0           0           0           0           0           0           0           0
        1782        1849        1848        1847        1850        1781           0           0           0           0           0           0           0           0           0           0           0           0           0           0           0           0
        1783        1785        1786        1851        1849        1782           0           0           0           0           0           0           0           0           0           0           0           0           0           0           0           0
        1786        1787        1854        1853        1852        1851           0           0           0           0           0           0           0           0           0           0           0           0           0           0           0           0
        1789        1790        1855        1854        1787        1788           0           0           0           0           0           0           0           0           0           0           0           0           0           0           0           0
        1791        1858        1857        1856        1855        1790           0           0           0           0           0           0           0           0           0           0           0           0           0           0           0           0
        1792        1793        1794        1859        1858        1791           0           0           0           0           0           0           0           0           0           0           0           0           0           0           0           0
        1794        1795        1862        1861        1860        1859           0           0           0           0           0           0           0           0           0           0           0           0           0           0           0           0
        1797        1798        1863        1862        1795        1796           0           0           0           0           0           0           0           0           0           0           0           0           0           0           0           0
        1799        1866        1865        1864        1863        1798           0           0           0           0           0           0           0           0           0           0           0           0           0           0           0           0
        1801        1802        1867        1866        1799        1800           0           0           0           0           0           0           0           0           0           0           0           0           0           0           0           0
        1803        1870        1869        1868        1867        1802           0           0           0           0           0           0           0           0           0           0           0           0           0           0           0           0
        1804        1805        1806        1871        1870        1803           0           0           0           0           0           0           0           0           0           0           0           0           0           0           0           0
        1807        1874        1873        1872        1871        1806           0           0           0           0           0           0           0           0           0           0           0           0           0           0           0           0
        1809        1810        1875        1874        1807        1808           0           0           0           0           0           0           0           0           0           0           0           0           0           0           0           0
        1811        1878        1877        1876        1875        1810           0           0           0           0           0           0           0           0           0           0           0           0           0           0           0           0
        1812        1813        1814        1879        1878        1811           0           0           0           0           0           0           0           0           0           0           0           0           0           0           0           0
        1814        1815        1882        1881        1880        1879           0           0           0           0           0           0           0           0           0           0           0           0           0           0           0           0
        1816        1817        1818        1883        1882        1815           0           0           0           0           0           0           0           0           0           0           0           0           0           0           0           0
        1819        1886        1885        1884        1883        1818           0           0           0           0           0           0           0           0           0           0           0           0           0           0           0           0
        1820        1821        1822        1887        1886        1819           0           0           0           0           0           0           0           0           0           0           0           0           0           0           0           0
        1823        1890        1889        1888        1887        1822           0           0           0           0           0           0           0           0           0           0           0           0           0           0           0           0
        1825        1826        1891        1890        1823        1824           0           0           0           0           0           0           0           0           0           0           0           0           0           0           0           0
        1826        1827        1894        1893        1892        1891           0           0           0           0           0           0           0           0           0           0           0           0           0           0           0           0
        1828        1829        1831        1895        1894        1827           0           0           0           0           0           0           0           0           0           0           0           0           0           0           0           0
        1832        1898        1897        1896        1895        1831           0           0           0           0           0           0           0           0           0           0           0           0           0           0           0           0
        1833        1834        1899        1898        1832        1830           0           0           0           0           0           0           0           0           0           0           0           0           0           0           0           0
        1835        1902        1901        1900        1899        1834           0           0           0           0           0           0           0           0           0           0           0           0           0           0           0           0
        1837        1838        1903        1902        1835        1836           0           0           0           0           0           0           0           0           0           0           0           0           0           0           0           0
        1839        1906        1905        1904        1903        1838           0           0           0           0           0           0           0           0           0           0           0           0           0           0           0           0
        1841        1842        1907        1906        1839        1840           0           0           0           0           0           0           0           0           0           0           0           0           0           0           0           0
        1843        1910        1909        1908        1907        1842           0           0           0           0           0           0           0           0           0           0           0           0           0           0           0           0
        1845        1912        1911        1910        1843        1844           0           0           0           0           0           0           0           0           0           0           0           0           0           0           0           0
        1848        1915        1914        1913        1916        1847           0           0           0           0           0           0           0           0           0           0           0           0           0           0           0           0
        1851        1852        1917        1915        1848        1849           0           0           0           0           0           0           0           0           0           0           0           0           0           0           0           0
        1852        1853        1920        1919        1918        1917           0           0           0           0           0           0           0           0           0           0           0           0           0           0           0           0
        1854        1855        1856        1921        1920        1853           0           0           0           0           0           0           0           0           0           0           0           0           0           0           0           0
        1856        1857        1924        1923        1922        1921           0           0           0           0           0           0           0           0           0           0           0           0           0           0           0           0
        1859        1860        1925        1924        1857        1858           0           0           0           0           0           0           0           0           0           0           0           0           0           0           0           0
        1861        1928        1927        1926        1925        1860           0           0           0           0           0           0           0           0           0           0           0           0           0           0           0           0
        1863        1864        1929        1928        1861        1862           0           0           0           0           0           0           0           0           0           0           0           0           0           0           0           0
        1865        1932        1931        1930        1929        1864           0           0           0           0           0           0           0           0           0           0           0           0           0           0           0           0
        1866        1867        1868        1933        1932        1865           0           0           0           0           0           0           0           0           0           0           0           0           0           0           0           0
        1868        1869        1936        1935        1934        1933           0           0           0           0           0           0           0           0           0           0           0           0           0           0           0           0
        1871        1872        1937        1936        1869        1870           0           0           0           0           0           0           0           0           0           0           0           0           0           0           0           0
        1873        1940        1939        1938        1937        1872           0           0           0           0           0           0           0           0           0           0           0           0           0           0           0           0
        1875        1876        1941        1940        1873        1874           0           0           0           0           0           0           0           0           0           0           0           0           0           0           0           0
        1877        1944        1943        1942        1941        1876           0           0           0           0           0           0           0           0           0           0           0           0           0           0           0           0
        1879        1880        1945        1944        1877        1878           0           0           0           0           0           0           0           0           0           0           0           0           0           0           0           0
        1881        1948        1947        1946        1945        1880           0           0           0           0           0           0           0           0           0           0           0           0           0           0           0           0
        1883        1884        1949        1948        1881        1882           0           0           0           0           0           0           0           0           0           0           0           0           0           0           0           0
        1884        1885        1952        1951        1950        1949           0           0           0           0           0           0           0           0           0           0           0           0           0           0           0           0
        1886        1887        1888        1953        1952        1885           0           0           0           0           0           0           0           0           0           0           0           0           0           0           0           0
        1889        1956        1955        1954        1953        1888           0           0           0           0           0           0           0           0           0           0           0           0           0           0           0           0
        1890        1891        1892        1957        1956        1889           0           0           0           0           0           0           0           0           0           0           0           0           0           0           0           0
        1893        1960        1959        1958        1957        1892           0           0           0           0           0           0           0           0           0           0           0           0           0           0           0           0
        1895        1896        1961        1960        1893        1894           0           0           0           0           0           0           0           0           0           0           0           0           0           0           0           0
        1896        1897        1964        1963        1962        1961           0           0           0           0           0           0           0           0           0           0           0           0           0           0           0           0
        1898        1899        1900        1965        1964        1897           0           0           0           0           0           0           0           0           0           0           0           0           0           0           0           0
        1900        1901        1968        1967        1966        1965           0           0           0           0           0           0           0           0           0           0           0           0           0           0           0           0
        1902        1903        1904        1969        1968        1901           0           0           0           0           0           0           0           0           0           0           0           0           0           0           0           0
        1904        1905        1971        1970        1972        1969           0           0           0           0           0           0           0           0           0           0           0           0           0           0           0           0
        1906        1907        1908        1973        1971        1905           0           0           0           0           0           0           0           0           0           0           0           0           0           0           0           0
        1909        1976        1975        1974        1973        1908           0           0           0           0           0           0           0           0           0           0           0           0           0           0           0           0
        1910        1911        1978        1977        1976        1909           0           0           0           0           0           0           0           0           0           0           0           0           0           0           0           0
        1914        1981        1980        1979        1982        1913           0           0           0           0           0           0           0           0           0           0           0           0           0           0           0           0
        1917        1918        1983        1981        1914        1915           0           0           0           0           0           0           0           0           0           0           0           0           0           0           0           0
        1918        1919        1986        1985        1984        1983           0           0           0           0           0           0           0           0           0           0           0           0           0           0           0           0
        1920        1921        1922        1987        1986        1919           0           0           0           0           0           0           0           0           0           0           0           0           0           0           0           0
        1923        1990        1989        1988        1987        1922           0           0           0           0           0           0           0           0           0           0           0           0           0           0           0           0
        1924        1925        1926        1991        1990        1923           0           0           0           0           0           0           0           0           0           0           0           0           0           0           0           0
        1927        1994        1993        1992        1991        1926           0           0           0           0           0           0           0           0           0           0           0           0           0           0           0           0
        1928        1929        1930        1995        1994        1927           0           0           0           0           0           0           0           0           0           0           0           0           0           0           0           0
        1930        1931        1998        1997        1996        1995           0           0           0           0           0           0           0           0           0           0           0           0           0           0           0           0
        1932        1933        1934        1999        1998        1931           0           0           0           0           0           0           0           0           0           0           0           0           0           0           0           0
        1935        2002        2001        2000        1999        1934           0           0           0           0           0           0           0           0           0           0           0           0           0           0           0           0
        1937        1938        2003        2002        1935        1936           0           0           0           0           0           0           0           0           0           0           0           0           0           0           0           0
        1938        1939        2006        2005        2004        2003           0           0           0           0           0           0           0           0           0           0           0           0           0           0           0           0
        1940        1941        1942        2007        2006        1939           0           0           0           0           0           0           0           0           0           0           0           0           0           0           0           0
        1942        1943        2010        2009        2008        2007           0           0           0           0           0           0           0           0           0           0           0           0           0           0           0           0
        1944        1945        1946        2011        2010        1943           0           0           0           0           0           0           0           0           0           0           0           0           0           0           0           0
        1947        2014        2013        2012        2011        1946           0           0           0           0           0           0           0           0           0           0           0           0           0           0           0           0
        1949        1950        2015        2014        1947        1948           0           0           0           0           0           0           0           0           0           0           0           0           0           0           0           0
        1950        1951        2018        2017        2016        2015           0           0           0           0           0           0           0           0           0           0           0           0           0           0           0           0
        1953        1954        2019        2018        1951        1952           0           0           0           0           0           0           0           0           0           0           0           0           0           0           0           0
        1954        1955        2022        2021        2020        2019           0           0           0           0           0           0           0           0           0           0           0           0           0           0           0           0
        1957        1958        2023        2022        1955        1956           0           0           0           0           0           0           0           0           0           0           0           0           0           0           0           0
        1958        1959        2026        2025        2024        2023           0           0           0           0           0           0           0           0           0           0           0           0           0           0           0           0
        1961        1962        2027        2026        1959        1960           0           0           0           0           0           0           0           0           0           0           0           0           0           0           0           0
        1962        1963        2030        2029        2028        2027           0           0           0           0           0           0           0           0           0           0           0           0           0           0           0           0
        1965        1966        2031        2030        1963        1964           0           0           0           0           0           0           0           0           0           0           0           0           0           0           0           0
        1966        1967        2034        2033        2032        2031           0           0           0           0           0           0           0           0           0           0           0           0           0           0           0           0
        1969        1972        2035        2034        1967        1968           0           0           0           0           0           0           0           0           0           0           0           0           0           0           0           0
        1970        2038        2037        2036        2035        1972           0           0           0           0           0           0           0           0           0           0           0           0           0           0           0           0
        1973        1974        2039        2038        1970        1971           0           0           0           0           0           0           0           0           0           0           0           0           0           0           0           0
        1975        2042        2041        2040        2039        1974           0           0           0           0           0           0           0           0           0           0           0           0           0           0           0           0
        1977        2044        2043        2042        1975        1976           0           0           0           0           0           0           0           0           0           0           0           0           0           0           0           0
        1980        2047        2046        2045        2048        1979           0           0           0           0           0           0           0           0           0           0           0           0           0           0           0           0
        1981        1983        1984        2049        2047        1980           0           0           0           0           0           0           0           0           0           0           0           0           0           0           0           0
        1984        1985        2052        2051        2050        2049           0           0           0           0           0           0           0           0           0           0           0           0           0           0           0           0
        1987        1988        2053        2052        1985        1986           0           0           0           0           0           0           0           0           0           0           0           0           0           0           0           0
        1988        1989        2056        2055        2054        2053           0           0           0           0           0           0           0           0           0           0           0           0           0           0           0           0
        1991        1992        2057        2056        1989        1990           0           0           0           0           0           0           0           0           0           0           0           0           0           0           0           0
        1992        1993        2060        2059        2058        2057           0           0           0           0           0           0           0           0           0           0           0           0           0           0           0           0
        1995        1996        2061        2060        1993        1994           0           0           0           0           0           0           0           0           0           0           0           0           0           0           0           0
        1997        2064        2063        2062        2061        1996           0           0           0           0           0           0           0           0           0           0           0           0           0           0           0           0
        1999        2000        2065        2064        1997        1998           0           0           0           0           0           0           0           0           0           0           0           0           0           0           0           0
        2000        2001        2068        2067        2066        2065           0           0           0           0           0           0           0           0           0           0           0           0           0           0           0           0
        2003        2004        2069        2068        2001        2002           0           0           0           0           0           0           0           0           0           0           0           0           0           0           0           0
        2005        2072        2071        2070        2069        2004           0           0           0           0           0           0           0           0           0           0           0           0           0           0           0           0
        2007        2008        2073        2072        2005        2006           0           0           0           0           0           0           0           0           0           0           0           0           0           0           0           0
        2009        2076        2075        2074        2073        2008           0           0           0           0           0           0           0           0           0           0           0           0           0           0           0           0
        2011        2012        2077        2076        2009        2010           0           0           0           0           0           0           0           0           0           0           0           0           0           0           0           0
        2012        2013        2080        2079        2078        2077           0           0           0           0           0           0           0           0           0           0           0           0           0           0           0           0
        2015        2016        2081        2080        2013        2014           0           0           0           0           0           0           0           0           0           0           0           0           0           0           0           0
        2017        2084        2083        2082        2081        2016           0           0           0           0           0           0           0           0           0           0           0           0           0           0           0           0
        2018        2019        2020        2085        2084        2017           0           0           0           0           0           0           0           0           0           0           0           0           0           0           0           0
        2021        2088        2087        2086        2085        2020           0           0           0           0           0           0           0           0           0           0           0           0           0           0           0           0
        2022        2023        2024        2089        2088        2021           0           0           0           0           0           0           0           0           0           0           0           0           0           0           0           0
        2025        2092        2091        2090        2089        2024           0           0           0           0           0           0           0           0           0           0           0           0           0           0           0           0
        2026        2027        2028        2093        2092        2025           0           0           0           0           0           0           0           0           0           0           0           0           0           0           0           0
        2029        2096        2095        2094        2093        2028           0           0           0           0           0           0           0           0           0           0           0           0           0           0           0           0
        2030        2031        2032        2097        2096        2029           0           0           0           0           0           0           0           0           0           0           0           0           0           0           0           0
        2033        2100        2099        2098        2097        2032           0           0           0           0           0           0           0           0           0           0           0           0           0           0           0           0
        2035        2036        2101        2100        2033        2034           0           0           0           0           0           0           0           0           0           0           0           0           0           0           0           0
        2036        2037        2104        2103        2102        2101           0           0           0           0           0           0           0           0           0           0           0           0           0           0           0           0
        2038        2039        2040        2105        2104        2037           0           0           0           0           0           0           0           0           0           0           0           0           0           0           0           0
        2041        2108        2107        2106        2105        2040           0           0           0           0           0           0           0           0           0           0           0           0           0           0           0           0
        2043        2110        2109        2108        2041        2042           0           0           0           0           0           0           0           0           0           0           0           0           0           0           0           0
        2046        2113        2112        2111        2114        2045           0           0           0           0           0           0           0           0           0           0           0           0           0           0           0           0
        2047        2049        2050        2115        2113        2046           0           0           0           0           0           0           0           0           0           0           0           0           0           0           0           0
        2051        2118        2117        2116        2115        2050           0           0           0           0           0           0           0           0           0           0           0           0           0           0           0           0
        2053        2054        2119        2118        2051        2052           0           0           0           0           0           0           0           0           0           0           0           0           0           0           0           0
        2055        2122        2121        2120        2119        2054           0           0           0           0           0           0           0           0           0           0           0           0           0           0           0           0
        2056        2057        2058        2123        2122        2055           0           0           0           0           0           0           0           0           0           0           0           0           0           0           0           0
        2059        2126        2125        2124        2123        2058           0           0           0           0           0           0           0           0           0           0           0           0           0           0           0           0
        2060        2061        2062        2127        2126        2059           0           0           0           0           0           0           0           0           0           0           0           0           0           0           0           0
        2063        2130        2129        2128        2127        2062           0           0           0           0           0           0           0           0           0           0           0           0           0           0           0           0
        2065        2066        2131        2130        2063        2064           0           0           0           0           0           0           0           0           0           0           0           0           0           0           0           0
        2067        2134        2133        2132        2131        2066           0           0           0           0           0           0           0           0           0           0           0           0           0           0           0           0
        2068        2069        2070        2135        2134        2067           0           0           0           0           0           0           0           0           0           0           0           0           0           0           0           0
        2070        2071        2138        2137        2136        2135           0           0           0           0           0           0           0           0           0           0           0           0           0           0           0           0
        2072        2073        2074        2139        2138        2071           0           0           0           0           0           0           0           0           0           0           0           0           0           0           0           0
        2075        2142        2141        2140        2139        2074           0           0           0           0           0           0           0           0           0           0           0           0           0           0           0           0
        2076        2077        2078        2143        2142        2075           0           0           0           0           0           0           0           0           0           0           0           0           0           0           0           0
        2078        2079        2146        2145        2144        2143           0           0           0           0           0           0           0           0           0           0           0           0           0           0           0           0
        2080        2081        2082        2147        2146        2079           0           0           0           0           0           0           0           0           0           0           0           0           0           0           0           0
        2082        2083        2150        2149        2148        2147           0           0           0           0           0           0           0           0           0           0           0           0           0           0           0           0
        2085        2086        2151        2150        2083        2084           0           0           0           0           0           0           0           0           0           0           0           0           0           0           0           0
        2086        2087        2154        2153        2152        2151           0           0           0           0           0           0           0           0           0           0           0           0           0           0           0           0
        2089        2090        2155        2154        2087        2088           0           0           0           0           0           0           0           0           0           0           0           0           0           0           0           0
        2091        2158        2157        2156        2155        2090           0           0           0           0           0           0           0           0           0           0           0           0           0           0           0           0
        2093        2094        2159        2158        2091        2092           0           0           0           0           0           0           0           0           0           0           0           0           0           0           0           0
        2094        2095        2162        2161        2160        2159           0           0           0           0           0           0           0           0           0           0           0           0           0           0           0           0
        2096        2097        2098        2163        2162        2095           0           0           0           0           0           0           0           0           0           0           0           0           0           0           0           0
        2098        2099        2166        2165        2164        2163           0           0           0           0           0           0           0           0           0           0           0           0           0           0           0           0
        2100        2101        2102        2167        2166        2099           0           0           0           0           0           0           0           0           0           0           0           0           0           0           0           0
        2103        2170        2169        2168        2167        2102           0           0           0           0           0           0           0           0           0           0           0           0           0           0           0           0
        2105        2106        2171        2170        2103        2104           0           0           0           0           0           0           0           0           0           0           0           0           0           0           0           0
        2106        2107        2174        2173        2172        2171           0           0           0           0           0           0           0           0           0           0           0           0           0           0           0           0
        2108        2109        2176        2175        2174        2107           0           0           0           0           0           0           0           0           0           0           0           0           0           0           0           0
           0           0           0           0           0           0           0           0           0           0           0           0           0           0           0           0           0           0           0           0           0           0
           0           0           0           0           0           0           0           0           0           0           0           0           0           0           0           0           0           0           0           0           0           0
           0           0           0           0           0           0           0           0           0           0           0           0           0           0           0           0           0           0           0           0           0           0
           0           0           0           0           0           0           0           0           0           0           0           0           0           0           0           0           0           0           0           0           0           0
           0           0           0           0           0           0           0           0           0           0           0           0           0           0           0           0           0           0           0           0           0           0
           0           0           0           0           0           0           0           0           0           0           0           0           0           0           0           0           0           0           0           0           0           0
           0           0           0           0           0           0           0           0           0           0           0           0           0           0           0           0           0           0           0           0           0           0
           0           0           0           0           0           0           0           0           0           0           0           0           0           0           0           0           0           0           0           0           0           0
           0           0           0           0           0           0           0           0           0           0           0           0           0           0           0           0           0           0           0           0           0           0
           0           0           0           0           0           0           0           0           0           0           0           0           0           0           0           0           0           0           0           0           0           0
           0           0           0           0           0           0           0           0           0           0           0           0           0           0           0           0           0           0           0           0           0           0
           0           0           0           0           0           0           0           0           0           0           0           0           0           0           0           0           0           0           0           0           0           0
           0           0           0           0           0           0           0           0           0           0           0           0           0           0           0           0           0           0           0           0           0           0
           0           0           0           0           0           0           0           0           0           0           0           0           0           0           0           0           0           0           0           0           0           0
           0           0           0           0           0           0           0           0           0           0           0           0           0           0           0           0           0           0           0           0           0           0
           0           0           0           0           0           0           0           0           0           0           0           0           0           0           0           0           0           0           0           0           0           0
           0           0           0           0           0           0           0           0           0           0           0           0           0           0           0           0           0           0           0           0           0           0
           0           0           0           0           0           0           0           0           0           0           0           0           0           0           0           0           0           0           0           0           0           0
           0           0           0           0           0           0           0           0           0           0           0           0           0           0           0           0           0           0           0           0           0           0
           0           0           0           0           0           0           0           0           0           0           0           0           0           0           0           0           0           0           0           0           0           0
           0           0           0           0           0           0           0           0           0           0           0           0           0           0           0           0           0           0           0           0           0           0
           0           0           0           0           0           0           0           0           0           0           0           0           0           0           0           0           0           0           0           0           0           0
           0           0           0           0           0           0           0           0           0           0           0           0           0           0           0           0           0           0           0           0           0           0
           0           0           0           0           0           0           0           0           0           0           0           0           0           0           0           0           0           0           0           0           0           0
           0           0           0           0           0           0           0           0           0           0           0           0           0           0           0           0           0           0           0           0           0           0
           0           0           0           0           0           0           0           0           0           0           0           0           0           0           0           0           0           0           0           0           0           0
           0           0           0           0           0           0           0           0           0           0           0           0           0           0           0           0           0           0           0           0           0           0
           0           0           0           0           0           0           0           0           0           0           0           0           0           0           0           0           0           0           0           0           0           0
           0           0           0           0           0           0           0           0           0           0           0           0           0           0           0           0           0           0           0           0           0           0
           0           0           0           0           0           0           0           0           0           0           0           0           0           0           0           0           0           0           0           0           0           0
           0           0           0           0           0           0           0           0           0           0           0           0           0           0           0           0           0           0           0           0           0           0
           0           0           0           0           0           0           0           0           0           0           0           0           0           0           0           0           0           0           0           0           0           0
           0           0           0           0           0           0           0           0           0           0           0           0           0           0           0           0           0           0           0           0           0           0
           0           0           0           0           0           0           0           0           0           0           0           0           0           0           0           0           0           0           0           0           0           0
           0           0           0           0           0           0           0           0           0           0           0           0           0           0           0           0           0           0           0           0           0           0
           0           0           0           0           0           0           0           0           0           0           0           0           0           0           0           0           0           0           0           0           0           0
           0           0           0           0           0           0           0           0           0           0           0           0           0           0           0           0           0           0           0           0           0           0
           0           0           0           0           0           0           0           0           0           0           0           0           0           0           0           0           0           0           0           0           0           0
           0           0           0           0           0           0           0           0           0           0           0           0           0           0           0           0           0           0           0           0           0           0
           0           0           0           0           0           0           0           0           0           0           0           0           0           0           0           0           0           0           0           0           0           0
           0           0           0           0           0           0           0           0           0           0           0           0           0           0           0           0           0           0           0           0           0           0
           0           0           0           0           0           0           0           0           0           0           0           0           0           0           0           0           0           0           0           0           0           0
           0           0           0           0           0           0           0           0           0           0           0           0           0           0           0           0           0           0           0           0           0           0
           0           0           0           0           0           0           0           0           0           0           0           0           0           0           0           0           0           0           0           0           0           0
           0           0           0           0           0           0           0           0           0           0           0           0           0           0           0           0           0           0           0           0           0           0
           0           0           0           0           0           0           0           0           0           0           0           0           0           0           0           0           0           0           0           0           0           0
           0           0           0           0           0           0           0           0           0           0           0           0           0           0           0           0           0           0           0           0           0           0
           0           0           0           0           0           0           0           0           0           0           0           0           0           0           0           0           0           0           0           0           0           0
           0           0           0           0           0           0           0           0           0           0           0           0           0           0           0           0           0           0           0           0           0           0
           0           0           0           0           0           0           0           0           0           0           0           0           0           0           0           0           0           0           0           0           0           0
           0           0           0           0           0           0           0           0           0           0           0           0           0           0           0           0           0           0           0           0           0           0
           0           0           0           0           0           0           0           0           0           0           0           0           0           0           0           0           0           0           0           0           0           0
           0           0           0           0           0           0           0           0           0           0           0           0           0           0           0           0           0           0           0           0           0           0
           0           0           0           0           0           0           0           0           0           0           0           0           0           0           0           0           0           0           0           0           0           0
           0           0           0           0           0           0           0           0           0           0           0           0           0           0           0           0           0           0           0           0           0           0
           0           0           0           0           0           0           0           0           0           0           0           0           0           0           0           0           0           0           0           0           0           0
           0           0           0           0           0           0           0           0           0           0           0           0           0           0           0           0           0           0           0           0           0           0
           0           0           0           0           0           0           0           0           0           0           0           0           0           0           0           0           0           0           0           0           0           0
           0           0           0           0           0           0           0           0           0           0           0           0           0           0           0           0           0           0           0           0           0           0
           0           0           0           0           0           0           0           0           0           0           0           0           0           0           0           0           0           0           0           0           0           0
           0           0           0           0           0           0           0           0           0           0           0           0           0           0           0           0           0           0           0           0           0           0
           0           0           0           0           0           0           0           0           0           0           0           0           0           0           0           0           0           0           0           0           0           0
           0           0           0           0           0           0           0           0           0           0           0           0           0           0           0           0           0           0           0           0           0           0
           0           0           0           0           0           0           0           0           0           0           0           0           0           0           0           0           0           0           0           0           0           0
           0           0           0           0           0           0           0           0           0           0           0           0           0           0           0           0           0           0           0           0           0           0
           0           0           0           0           0           0           0           0           0           0           0           0           0           0           0           0           0           0           0           0           0           0
           0           0           0           0           0           0           0           0           0           0           0           0           0           0           0           0           0           0           0           0           0           0
           0           0           0           0           0           0           0           0           0           0           0           0           0           0           0           0           0           0           0           0           0           0
           0           0           0           0           0           0           0           0           0           0           0           0           0           0           0           0           0           0           0           0           0           0
           0           0           0           0           0           0           0           0           0           0           0           0           0           0           0           0           0           0           0           0           0           0
           0           0           0           0           0           0           0           0           0           0           0           0           0           0           0           0           0           0           0           0           0           0
           0           0           0           0           0           0           0           0           0           0           0           0           0           0           0           0           0           0           0           0           0           0
           0           0           0           0           0           0           0           0           0           0           0           0           0           0           0           0           0           0           0           0           0           0
           0           0           0           0           0           0           0           0           0           0           0           0           0           0           0           0           0           0           0           0           0           0
           0           0           0           0           0           0           0           0           0           0           0           0           0           0           0           0           0           0           0           0           0           0
           0           0           0           0           0           0           0           0           0           0           0           0           0           0           0           0           0           0           0           0           0           0
           0           0           0           0           0           0           0           0           0           0           0           0           0           0           0           0           0           0           0           0           0           0
           0           0           0           0           0           0           0           0           0           0           0           0           0           0           0           0           0           0           0           0           0           0
           0           0           0           0           0           0           0           0           0           0           0           0           0           0           0           0           0           0           0           0           0           0
           0           0           0           0           0           0           0           0           0           0           0           0           0           0           0           0           0           0           0           0           0           0
           0           0           0           0           0           0           0           0           0           0           0           0           0           0           0           0           0           0           0           0           0           0
           0           0           0           0           0           0           0           0           0           0           0           0           0           0           0           0           0           0           0           0           0           0
           0           0           0           0           0           0           0           0           0           0           0           0           0           0           0           0           0           0           0           0           0           0
           0           0           0           0           0           0           0           0           0           0           0           0           0           0           0           0           0           0           0           0           0           0
           0           0           0           0           0           0           0           0           0           0           0           0           0           0           0           0           0           0           0           0           0           0
           0           0           0           0           0           0           0           0           0           0           0           0           0           0           0           0           0           0           0           0           0           0
           0           0           0           0           0           0           0           0           0           0           0           0           0           0           0           0           0           0           0           0           0           0
           0           0           0           0           0           0           0           0           0           0           0           0           0           0           0           0           0           0           0           0           0           0
           0           0           0           0           0           0           0           0           0           0           0           0           0           0           0           0           0           0           0           0           0           0
           0           0           0           0           0           0           0           0           0           0           0           0           0           0           0           0           0           0           0           0           0           0
           0           0           0           0           0           0           0           0           0           0           0           0           0           0           0           0           0           0           0           0           0           0
           0           0           0           0           0           0           0           0           0           0           0           0           0           0           0           0           0           0           0           0           0           0
           0           0           0           0           0           0           0           0           0           0           0           0           0           0           0           0           0           0           0           0           0           0
           0           0           0           0           0           0           0           0           0           0           0           0           0           0           0           0           0           0           0           0           0           0
           0           0           0           0           0           0           0           0           0           0           0           0           0           0           0           0           0           0           0           0           0           0
           0           0           0           0           0           0           0           0           0           0           0           0           0           0           0           0           0           0           0           0           0           0
           0           0           0           0           0           0           0           0           0           0           0           0           0           0           0           0           0           0           0           0           0           0
           0           0           0           0           0           0           0           0           0           0           0           0           0           0           0           0           0           0           0           0           0           0
           0           0           0           0           0           0           0           0           0           0           0           0           0           0           0           0           0           0           0           0           0           0
           0           0           0           0           0           0           0           0           0           0           0           0           0           0           0           0           0           0           0           0           0           0
           0           0           0           0           0           0           0           0           0           0           0           0           0           0           0           0           0           0           0           0           0           0
           0           0           0           0           0           0           0           0           0           0           0           0           0           0           0           0           0           0           0           0           0           0
           0           0           0           0           0           0           0           0           0           0           0           0           0           0           0           0           0           0           0           0           0           0
           0           0           0           0           0           0           0           0           0           0           0           0           0           0           0           0           0           0           0           0           0           0
           0           0           0           0           0           0           0           0           0           0           0           0           0           0           0           0           0           0           0           0           0           0
           0           0           0           0           0           0           0           0           0           0           0           0           0           0           0           0           0           0           0           0           0           0
           0           0           0           0           0           0           0           0           0           0           0           0           0           0           0           0           0           0           0           0           0           0
           0           0           0           0           0           0           0           0           0           0           0           0           0           0           0           0           0           0           0           0           0           0
           0           0           0           0           0           0           0           0           0           0           0           0           0           0           0           0           0           0           0           0           0           0
           0           0           0           0           0           0           0           0           0           0           0           0           0           0           0           0           0           0           0           0           0           0
           0           0           0           0           0           0           0           0           0           0           0           0           0           0           0           0           0           0           0           0           0           0
           0           0           0           0           0           0           0           0           0           0           0           0           0           0           0           0           0           0           0           0           0           0
           0           0           0           0           0           0           0           0           0           0           0           0           0           0           0           0           0           0           0           0           0           0
           0           0           0           0           0           0           0           0           0           0           0           0           0           0           0           0           0           0           0           0           0           0
           0           0           0           0           0           0           0           0           0           0           0           0           0           0           0           0           0           0           0           0           0           0
           0           0           0           0           0           0           0           0           0           0           0           0           0           0           0           0           0           0           0           0           0           0
           0           0           0           0           0           0           0           0           0           0           0           0           0           0           0           0           0           0           0           0           0           0
           0           0           0           0           0           0           0           0           0           0           0           0           0           0           0           0           0           0           0           0           0           0
           0           0           0           0           0           0           0           0           0           0           0           0           0           0           0           0           0           0           0           0           0           0
           0           0           0           0           0           0           0           0           0           0           0           0           0           0           0           0           0           0           0           0           0           0
           0           0           0           0           0           0           0           0           0           0           0           0           0           0           0           0           0           0           0           0           0           0
           0           0           0           0           0           0           0           0           0           0           0           0           0           0           0           0           0           0           0           0           0           0
           0           0           0           0           0           0           0           0           0           0           0           0           0           0           0           0           0           0           0           0           0           0
           0           0           0           0           0           0           0           0           0           0           0           0           0           0           0           0           0           0           0           0           0           0
           0           0           0           0           0           0           0           0           0           0           0           0           0           0           0           0           0           0           0           0           0           0
           0           0           0           0           0           0           0           0           0           0           0           0           0           0           0           0           0           0           0           0           0           0
           0           0           0           0           0           0           0           0           0           0           0           0           0           0           0           0           0           0           0           0           0           0
           0           0           0           0           0           0           0           0           0           0           0           0           0           0           0           0           0           0           0           0           0           0
           0           0           0           0           0           0           0           0           0           0           0           0           0           0           0           0           0           0           0           0           0           0
           0           0           0           0           0           0           0           0           0           0           0           0           0           0           0           0           0           0           0           0           0           0
           0           0           0           0           0           0           0           0           0           0           0           0           0           0           0           0           0           0           0           0           0           0
           0           0           0           0           0           0           0           0           0           0           0           0           0           0           0           0           0           0           0           0           0           0
           0           0           0           0           0           0           0           0           0           0           0           0           0           0           0           0           0           0           0           0           0           0
           0           0           0           0           0           0           0           0           0           0           0           0           0           0           0           0           0           0           0           0           0           0
           0           0           0           0           0           0           0           0           0           0           0           0           0           0           0           0           0           0           0           0           0           0
           0           0           0           0           0           0           0           0           0           0           0           0           0           0           0           0           0           0           0           0           0           0
           0           0           0           0           0           0           0           0           0           0           0           0           0           0           0           0           0           0           0           0           0           0
           0           0           0           0           0           0           0           0           0           0           0           0           0           0           0           0           0           0           0           0           0           0
           0           0           0           0           0           0           0           0           0           0           0           0           0           0           0           0           0           0           0           0           0           0
           0           0           0           0           0           0           0           0           0           0           0           0           0           0           0           0           0           0           0           0           0           0
           0           0           0           0           0           0           0           0           0           0           0           0           0           0           0           0           0           0           0           0           0           0
           0           0           0           0           0           0           0           0           0           0           0           0           0           0           0           0           0           0           0           0           0           0
           0           0           0           0           0           0           0           0           0           0           0           0           0           0           0           0           0           0           0           0           0           0
           0           0           0           0           0           0           0           0           0           0           0           0           0           0           0           0           0           0           0           0           0           0
           0           0           0           0           0           0           0           0           0           0           0           0           0           0           0           0           0           0           0           0           0           0
           0           0           0           0           0           0           0           0           0           0           0           0           0           0           0           0           0           0           0           0           0           0
           0           0           0           0           0           0           0           0           0           0           0           0           0           0           0           0           0           0           0           0           0           0
           0           0           0           0           0           0           0           0           0           0           0           0           0           0           0           0           0           0           0           0           0           0
           0           0           0           0           0           0           0           0           0           0           0           0           0           0           0           0           0           0           0           0           0           0
           0           0           0           0           0           0           0           0           0           0           0           0           0           0           0           0           0           0           0           0           0           0
           0           0           0           0           0           0           0           0           0           0           0           0           0           0           0           0           0           0           0           0           0           0
           0           0           0           0           0           0           0           0           0           0           0           0           0           0           0           0           0           0           0           0           0           0
           0           0           0           0           0           0           0           0           0           0           0           0           0           0           0           0           0           0           0           0           0           0
           0           0           0           0           0           0           0           0           0           0           0           0           0           0           0           0           0           0           0           0           0           0
           0           0           0           0           0           0           0           0           0           0           0           0           0           0           0           0           0           0           0           0           0           0
           0           0           0           0           0           0           0           0           0           0           0           0           0           0           0           0           0           0           0           0           0           0
           0           0           0           0           0           0           0           0           0           0           0           0           0           0           0           0           0           0           0           0           0           0
           0           0           0           0           0           0           0           0           0           0           0           0           0           0           0           0           0           0           0           0           0           0
           0           0           0           0           0           0           0           0           0           0           0           0           0           0           0           0           0           0           0           0           0           0
           0           0           0           0           0           0           0           0           0           0           0           0           0           0           0           0           0           0           0           0           0           0
           0           0           0           0           0           0           0           0           0           0           0           0           0           0           0           0           0           0           0           0           0           0
           0           0           0           0           0           0           0           0           0           0           0           0           0           0           0           0           0           0           0           0           0           0
           0           0           0           0           0           0           0           0           0           0           0           0           0           0           0           0           0           0           0           0           0           0
           0           0           0           0           0           0           0           0           0           0           0           0           0           0           0           0           0           0           0           0           0           0
           0           0           0           0           0           0           0           0           0           0           0           0           0           0           0           0           0           0           0           0           0           0
           0           0           0           0           0           0           0           0           0           0           0           0           0           0           0           0           0           0           0           0           0           0
           0           0           0           0           0           0           0           0           0           0           0           0           0           0           0           0           0           0           0           0           0           0
           0           0           0           0           0           0           0           0           0           0           0           0           0           0           0           0           0           0           0           0           0           0
           0           0           0           0           0           0           0           0           0           0           0           0           0           0           0           0           0           0           0           0           0           0
           0           0           0           0           0           0           0           0           0           0           0           0           0           0           0           0           0           0           0           0           0           0
           0           0           0           0           0           0           0           0           0           0           0           0           0           0           0           0           0           0           0           0           0           0
           0           0           0           0           0           0           0           0           0           0           0           0           0           0           0           0           0           0           0           0           0           0
           0           0           0           0           0           0           0           0           0           0           0           0           0           0           0           0           0           0           0           0           0           0
           0           0           0           0           0           0           0           0           0           0           0           0           0           0           0           0           0           0           0           0           0           0
           0           0           0           0           0           0           0           0           0           0           0           0           0           0           0           0           0           0           0           0           0           0
           0           0           0           0           0           0           0           0           0           0           0           0           0           0           0           0           0           0           0           0           0           0
           0           0           0           0           0           0           0           0           0           0           0           0           0           0           0           0           0           0           0           0           0           0
           0           0           0           0           0           0           0           0           0           0           0           0           0           0           0           0           0           0           0           0           0           0
           0           0           0           0           0           0           0           0           0           0           0           0           0           0           0           0           0           0           0           0           0           0
           0           0           0           0           0           0           0           0           0           0           0           0           0           0           0           0           0           0           0           0           0           0
           0           0           0           0           0           0           0           0           0           0           0           0           0           0           0           0           0           0           0           0           0           0
           0           0           0           0           0           0           0           0           0           0           0           0           0           0           0           0           0           0           0           0           0           0
           0           0           0           0           0           0           0           0           0           0           0           0           0           0           0           0           0           0           0           0           0           0
           0           0           0           0           0           0           0           0           0           0           0           0           0           0           0           0           0           0           0           0           0           0
           0           0           0           0           0           0           0           0           0           0           0           0           0           0           0           0           0           0           0           0           0           0
           0           0           0           0           0           0           0           0           0           0           0           0           0           0           0           0           0           0           0           0           0           0
           0           0           0           0           0           0           0           0           0           0           0           0           0           0           0           0           0           0           0           0           0           0
           0           0           0           0           0           0           0           0           0           0           0           0           0           0           0           0           0           0           0           0           0           0
           0           0           0           0           0           0           0           0           0           0           0           0           0           0           0           0           0           0           0           0           0           0
           0           0           0           0           0           0           0           0           0           0           0           0           0           0           0           0           0           0           0           0           0           0
           0           0           0           0           0           0           0           0           0           0           0           0           0           0           0           0           0           0           0           0           0           0
           0           0           0           0           0           0           0           0           0           0           0           0           0           0           0           0           0           0           0           0           0           0
           0           0           0           0           0           0           0           0           0           0           0           0           0           0           0           0           0           0           0           0           0           0
           0           0           0           0           0           0           0           0           0           0           0           0           0           0           0           0           0           0           0           0           0           0
           0           0           0           0           0           0           0           0           0           0           0           0           0           0           0           0           0           0           0           0           0           0
           0           0           0           0           0           0           0           0           0           0           0           0           0           0           0           0           0           0           0           0           0           0
           0           0           0           0           0           0           0           0           0           0           0           0           0           0           0           0           0           0           0           0           0           0
           0           0           0           0           0           0           0           0           0           0           0           0           0           0           0           0           0           0           0           0           0           0
           0           0           0           0           0           0           0           0           0           0           0           0           0           0           0           0           0           0           0           0           0           0
           0           0           0           0           0           0           0           0           0           0           0           0           0           0           0           0           0           0           0           0           0           0
           0           0           0           0           0           0           0           0           0           0           0           0           0           0           0           0           0           0           0           0           0           0
           0           0           0           0           0           0           0           0           0           0           0           0           0           0           0           0           0           0           0           0           0           0
           0           0           0           0           0           0           0           0           0           0           0           0           0           0           0           0           0           0           0           0           0           0
           0           0           0           0           0           0           0           0           0           0           0           0           0           0           0           0           0           0           0           0           0           0
           0           0           0           0           0           0           0           0           0           0           0           0           0           0           0           0           0           0           0           0           0           0
           0           0           0           0           0           0           0           0           0           0           0           0           0           0           0           0           0           0           0           0           0           0
           0           0           0           0           0           0           0           0           0           0           0           0           0           0           0           0           0           0           0           0           0           0
           0           0           0           0           0           0           0           0           0           0           0           0           0           0           0           0           0           0           0           0           0           0
           0           0           0           0           0           0           0           0           0           0           0           0           0           0           0           0           0           0           0           0           0           0
           0           0           0           0           0           0           0           0           0           0           0           0           0           0           0           0           0           0           0           0           0           0
           0           0           0           0           0           0           0           0           0           0           0           0           0           0           0           0           0           0           0           0           0           0
           0           0           0           0           0           0           0           0           0           0           0           0           0           0           0           0           0           0           0           0           0           0
           0           0           0           0           0           0           0           0           0           0           0           0           0           0           0           0           0           0           0           0           0           0
           0           0           0           0           0           0           0           0           0           0           0           0           0           0           0           0           0           0           0           0           0           0
           0           0           0           0           0           0           0           0           0           0           0           0           0           0           0           0           0           0           0           0           0           0
           0           0           0           0           0           0           0           0           0           0           0           0           0           0           0           0           0           0           0           0           0           0
           0           0           0           0           0           0           0           0           0           0           0           0           0           0           0           0           0           0           0           0           0           0
           0           0           0           0           0           0           0           0           0           0           0           0           0           0           0           0           0           0           0           0           0           0
           0           0           0           0           0           0           0           0           0           0           0           0           0           0           0           0           0           0           0           0           0           0
           0           0           0           0           0           0           0           0           0           0           0           0           0           0           0           0           0           0           0           0           0           0
           0           0           0           0           0           0           0           0           0           0           0           0           0           0           0           0           0           0           0           0           0           0
           0           0           0           0           0           0           0           0           0           0           0           0           0           0           0           0           0           0           0           0           0           0
           0           0           0           0           0           0           0           0           0           0           0           0           0           0           0           0           0           0           0           0           0           0
           0           0           0           0           0           0           0           0           0           0           0           0           0           0           0           0           0           0           0           0           0           0
           0           0           0           0           0           0           0           0           0           0           0           0           0           0           0           0           0           0           0           0           0           0
           0           0           0           0           0           0           0           0           0           0           0           0           0           0           0           0           0           0           0           0           0           0
           0           0           0           0           0           0           0           0           0           0           0           0           0           0           0           0           0           0           0           0           0           0
           0           0           0           0           0           0           0           0           0           0           0           0           0           0           0           0           0           0           0           0           0           0
           0           0           0           0           0           0           0           0           0           0           0           0           0           0           0           0           0           0           0           0           0           0
           0           0           0           0           0           0           0           0           0           0           0           0           0           0           0           0           0           0           0           0           0           0
           0           0           0           0           0           0           0           0           0           0           0           0           0           0           0           0           0           0           0           0           0           0
           0           0           0           0           0           0           0           0           0           0           0           0           0           0           0           0           0           0           0           0           0           0
           0           0           0           0           0           0           0           0           0           0           0           0           0           0           0           0           0           0           0           0           0           0
           0           0           0           0           0           0           0           0           0           0           0           0           0           0           0           0           0           0           0           0           0           0
           0           0           0           0           0           0           0           0           0           0           0           0           0           0           0           0           0           0           0           0           0           0
           0           0           0           0           0           0           0           0           0           0           0           0           0           0           0           0           0           0           0           0           0           0
           0           0           0           0           0           0           0           0           0           0           0           0           0           0           0           0           0           0           0           0           0           0
           0           0           0           0           0           0           0           0           0           0           0           0           0           0           0           0           0           0           0           0           0           0
           0           0           0           0           0           0           0           0           0           0           0           0           0           0           0           0           0           0           0           0           0           0
           0           0           0           0           0           0           0           0           0           0           0           0           0           0           0           0           0           0           0           0           0           0
           0           0           0           0           0           0           0           0           0           0           0           0           0           0           0           0           0           0           0           0           0           0
           0           0           0           0           0           0           0           0           0           0           0           0           0           0           0           0           0           0           0           0           0           0
           0           0           0           0           0           0           0           0           0           0           0           0           0           0           0           0           0           0           0           0           0           0
           0           0           0           0           0           0           0           0           0           0           0           0           0           0           0           0           0           0           0           0           0           0
           0           0           0           0           0           0           0           0           0           0           0           0           0           0           0           0           0           0           0           0           0           0
           0           0           0           0           0           0           0           0           0           0           0           0           0           0           0           0           0           0           0           0           0           0
           0           0           0           0           0           0           0           0           0           0           0           0           0           0           0           0           0           0           0           0           0           0
           0           0           0           0           0           0           0           0           0           0           0           0           0           0           0           0           0           0           0           0           0           0
           0           0           0           0           0           0           0           0           0           0           0           0           0           0           0           0           0           0           0           0           0           0
           0           0           0           0           0           0           0           0           0           0           0           0           0           0           0           0           0           0           0           0           0           0
           0           0           0           0           0           0           0           0           0           0           0           0           0           0           0           0           0           0           0           0           0           0
           0           0           0           0           0           0           0           0           0           0           0           0           0           0           0           0           0           0           0           0           0           0
           0           0           0           0           0           0           0           0           0           0           0           0           0           0           0           0           0           0           0           0           0           0
           0           0           0           0           0           0           0           0           0           0           0           0           0           0           0           0           0           0           0           0           0           0
           0           0           0           0           0           0           0           0           0           0           0           0           0           0           0           0           0           0           0           0           0           0
           0           0           0           0           0           0           0           0           0           0           0           0           0           0           0           0           0           0           0           0           0           0
           0           0           0           0           0           0           0           0           0           0           0           0           0           0           0           0           0           0           0           0           0           0
           0           0           0           0           0           0           0           0           0           0           0           0           0           0           0           0           0           0           0           0           0           0
           0           0           0           0           0           0           0           0           0           0           0           0           0           0           0           0           0           0           0           0           0           0
           0           0           0           0           0           0           0           0           0           0           0           0           0           0           0           0           0           0           0           0           0           0
           0           0           0           0           0           0           0           0           0           0           0           0           0           0           0           0           0           0           0           0           0           0
           0           0           0           0           0           0           0           0           0           0           0           0           0           0           0           0           0           0           0           0           0           0
           0           0           0           0           0           0           0           0           0           0           0           0           0           0           0           0           0           0           0           0           0           0
           0           0           0           0           0           0           0           0           0           0           0           0           0           0           0           0           0           0           0           0           0           0
           0           0           0           0           0           0           0           0           0           0           0           0           0           0           0           0           0           0           0           0           0           0
           0           0           0           0           0           0           0           0           0           0           0           0           0           0           0           0           0           0           0           0           0           0
           0           0           0           0           0           0           0           0           0           0           0           0           0           0           0           0           0           0           0           0           0           0
           0           0           0           0           0           0           0           0           0           0           0           0           0           0           0           0           0           0           0           0           0           0
           0           0           0           0           0           0           0           0           0           0           0           0           0           0           0           0           0           0           0           0           0           0
           0           0           0           0           0           0           0           0           0           0           0           0           0           0           0           0           0           0           0           0           0           0
           0           0           0           0           0           0           0           0           0           0           0           0           0           0           0           0           0           0           0           0           0           0
           0           0           0           0           0           0           0           0           0           0           0           0           0           0           0           0           0           0           0           0           0           0
           0           0           0           0           0           0           0           0           0           0           0           0           0           0           0           0           0           0           0           0           0           0
           0           0           0           0           0           0           0           0           0           0           0           0           0           0           0           0           0           0           0           0           0           0
           0           0           0           0           0           0           0           0           0           0           0           0           0           0           0           0           0           0           0           0           0           0
           0           0           0           0           0           0           0           0           0           0           0           0           0           0           0           0           0           0           0           0           0           0
           0           0           0           0           0           0           0           0           0           0           0           0           0           0           0           0           0           0           0           0           0           0
           0           0           0           0           0           0           0           0           0           0           0           0           0           0           0           0           0           0           0           0           0           0
           0           0           0           0           0           0           0           0           0           0           0           0           0           0           0           0           0           0           0           0           0           0
           0           0           0           0           0           0           0           0           0           0           0           0           0           0           0           0           0           0           0           0           0           0
           0           0           0           0           0           0           0           0           0           0           0           0           0           0           0           0           0           0           0           0           0           0
           0           0           0           0           0           0           0           0           0           0           0           0           0           0           0           0           0           0           0           0           0           0
           0           0           0           0           0           0           0           0           0           0           0           0           0           0           0           0           0           0           0           0           0           0
           0           0           0           0           0           0           0           0           0           0           0           0           0           0           0           0           0           0           0           0           0           0
           0           0           0           0           0           0           0           0           0           0           0           0           0           0           0           0           0           0           0           0           0           0
           0           0           0           0           0           0           0           0           0           0           0           0           0           0           0           0           0           0           0           0           0           0
           0           0           0           0           0           0           0           0           0           0           0           0           0           0           0           0           0           0           0           0           0           0
           0           0           0           0           0           0           0           0           0           0           0           0           0           0           0           0           0           0           0           0           0           0
           0           0           0           0           0           0           0           0           0           0           0           0           0           0           0           0           0           0           0           0           0           0
           0           0           0           0           0           0           0           0           0           0           0           0           0           0           0           0           0           0           0           0           0           0
           0           0           0           0           0           0           0           0           0           0           0           0           0           0           0           0           0           0           0           0           0           0
           0           0           0           0           0           0           0           0           0           0           0           0           0           0           0           0           0           0           0           0           0           0
           0           0           0           0           0           0           0           0           0           0           0           0           0           0           0           0           0           0           0           0           0           0
           0           0           0           0           0           0           0           0           0           0           0           0           0           0           0           0           0           0           0           0           0           0
           0           0           0           0           0           0           0           0           0           0           0           0           0           0           0           0           0           0           0           0           0           0
           0           0           0           0           0           0           0           0           0           0           0           0           0           0           0           0           0           0           0           0           0           0
           0           0           0           0           0           0           0           0           0           0           0           0           0           0           0           0           0           0           0           0           0           0
           0           0           0           0           0           0           0           0           0           0           0           0           0           0           0           0           0           0           0           0           0           0
           0           0           0           0           0           0           0           0           0           0           0           0           0           0           0           0           0           0           0           0           0           0
           0           0           0           0           0           0           0           0           0           0           0           0           0           0           0           0           0           0           0           0           0           0
           0           0           0           0           0           0           0           0           0           0           0           0           0           0           0           0           0           0           0           0           0           0
           0           0           0           0           0           0           0           0           0           0           0           0           0           0           0           0           0           0           0           0           0           0
           0           0           0           0           0           0           0           0           0           0           0           0           0           0           0           0           0           0           0           0           0           0
           0           0           0           0           0           0           0           0           0           0           0           0           0           0           0           0           0           0           0           0           0           0
           0           0           0           0           0           0           0           0           0           0           0           0           0           0           0           0           0           0           0           0           0           0
           0           0           0           0           0           0           0           0           0           0           0           0           0           0           0           0           0           0           0           0           0           0
           0           0           0           0           0           0           0           0           0           0           0           0           0           0           0           0           0           0           0           0           0           0
           0           0           0           0           0           0           0           0           0           0           0           0           0           0           0           0           0           0           0           0           0           0
           0           0           0           0           0           0           0           0           0           0           0           0           0           0           0           0           0           0           0           0           0           0
           0           0           0           0           0           0           0           0           0           0           0           0           0           0           0           0           0           0           0           0           0           0
           0           0           0           0           0           0           0           0           0           0           0           0           0           0           0           0           0           0           0           0           0           0
           0           0           0           0           0           0           0           0           0           0           0           0           0           0           0           0           0           0           0           0           0           0
           0           0           0           0           0           0           0           0           0           0           0           0           0           0           0           0           0           0           0           0           0           0
           0           0           0           0           0           0           0           0           0           0           0           0           0           0           0           0           0           0           0           0           0           0
           0           0           0           0           0           0           0           0           0           0           0           0           0           0           0           0           0           0           0           0           0           0
           0           0           0           0           0           0           0           0           0           0           0           0           0           0           0           0           0           0           0           0           0           0
           0           0           0           0           0           0           0           0           0           0           0           0           0           0           0           0           0           0           0           0           0           0
           0           0           0           0           0           0           0           0           0           0           0           0           0           0           0           0           0           0           0           0           0           0
           0           0           0           0           0           0           0           0           0           0           0           0           0           0           0           0           0           0           0           0           0           0
           0           0           0           0           0           0           0           0           0           0           0           0           0           0           0           0           0           0           0           0           0           0
           0           0           0           0           0           0           0           0           0           0           0           0           0           0           0           0           0           0           0           0           0           0
           0           0           0           0           0           0           0           0           0           0           0           0           0           0           0           0           0           0           0           0           0           0
           0           0           0           0           0           0           0           0           0           0           0           0           0           0           0           0           0           0           0           0           0           0
           0           0           0           0           0           0           0           0           0           0           0           0           0           0           0           0           0           0           0           0           0           0
           0           0           0           0           0           0           0           0           0           0           0           0           0           0           0           0           0           0           0           0           0           0
           0           0           0           0           0           0           0           0           0           0           0           0           0           0           0           0           0           0           0           0           0           0
           0           0           0           0           0           0           0           0           0           0           0           0           0           0           0           0           0           0           0           0           0           0
           0           0           0           0           0           0           0           0           0           0           0           0           0           0           0           0           0           0           0           0           0           0
           0           0           0           0           0           0           0           0           0           0           0           0           0           0           0           0           0           0           0           0           0           0
           0           0           0           0           0           0           0           0           0           0           0           0           0           0           0           0           0           0           0           0           0           0
           0           0           0           0           0           0           0           0           0           0           0           0           0           0           0           0           0           0           0           0           0           0
           0           0           0           0           0           0           0           0           0           0           0           0           0           0           0           0           0           0           0           0           0           0
           0           0           0           0           0           0           0           0           0           0           0           0           0           0           0           0           0           0           0           0           0           0
           0           0           0           0           0           0           0           0           0           0           0           0           0           0           0           0           0           0           0           0           0           0
           0           0           0           0           0           0           0           0           0           0           0           0           0           0           0           0           0           0           0           0           0           0
           0           0           0           0           0           0           0           0           0           0           0           0           0           0           0           0           0           0           0           0           0           0
           0           0           0           0           0           0           0           0           0           0           0           0           0           0           0           0           0           0           0           0           0           0
           0           0           0           0           0           0           0           0           0           0           0           0           0           0           0           0           0           0           0           0           0           0
           0           0           0           0           0           0           0           0           0           0           0           0           0           0           0           0           0           0           0           0           0           0
           0           0           0           0           0           0           0           0           0           0           0           0           0           0           0           0           0           0           0           0           0           0
           0           0           0           0           0           0           0           0           0           0           0           0           0           0           0           0           0           0           0           0           0           0
           0           0           0           0           0           0           0           0           0           0           0           0           0           0           0           0           0           0           0           0           0           0
           0           0           0           0           0           0           0           0           0           0           0           0           0           0           0           0           0           0           0           0           0           0
           0           0           0           0           0           0           0           0           0           0           0           0           0           0           0           0           0           0           0           0           0           0
           0           0           0           0           0           0           0           0           0           0           0           0           0           0           0           0           0           0           0           0           0           0
           0           0           0           0           0           0           0           0           0           0           0           0           0           0           0           0           0           0           0           0           0           0
           0           0           0           0           0           0           0           0           0           0           0           0           0           0           0           0           0           0           0           0           0           0
           0           0           0           0           0           0           0           0           0           0           0           0           0           0           0           0           0           0           0           0           0           0
           0           0           0           0           0           0           0           0           0           0           0           0           0           0           0           0           0           0           0           0           0           0
           0           0           0           0           0           0           0           0           0           0           0           0           0           0           0           0           0           0           0           0           0           0
           0           0           0           0           0           0           0           0           0           0           0           0           0           0           0           0           0           0           0           0           0           0
           0           0           0           0           0           0           0           0           0           0           0           0           0           0           0           0           0           0           0           0           0           0
           0           0           0           0           0           0           0           0           0           0           0           0           0           0           0           0           0           0           0           0           0           0
           0           0           0           0           0           0           0           0           0           0           0           0           0           0           0           0           0           0           0           0           0           0
           0           0           0           0           0           0           0           0           0           0           0           0           0           0           0           0           0           0           0           0           0           0
           0           0           0           0           0           0           0           0           0           0           0           0           0           0           0           0           0           0           0           0           0           0
           0           0           0           0           0           0           0           0           0           0           0           0           0           0           0           0           0           0           0           0           0           0
           0           0           0           0           0           0           0           0           0           0           0           0           0           0           0           0           0           0           0           0           0           0
           0           0           0           0           0           0           0           0           0           0           0           0           0           0           0           0           0           0           0           0           0           0
           0           0           0           0           0           0           0           0           0           0           0           0           0           0           0           0           0           0           0           0           0           0
           0           0           0           0           0           0           0           0           0           0           0           0           0           0           0           0           0           0           0           0           0           0
           0           0           0           0           0           0           0           0           0           0           0           0           0           0           0           0           0           0           0           0           0           0
           0           0           0           0           0           0           0           0           0           0           0           0           0           0           0           0           0           0           0           0           0           0
           0           0           0           0           0           0           0           0           0           0           0           0           0           0           0           0           0           0           0           0           0           0
           0           0           0           0           0           0           0           0           0           0           0           0           0           0           0           0           0           0           0           0           0           0
           0           0           0           0           0           0           0           0           0           0           0           0           0           0           0           0           0           0           0           0           0           0
           0           0           0           0           0           0           0           0           0           0           0           0           0           0           0           0           0           0           0           0           0           0
           0           0           0           0           0           0           0           0           0           0           0           0           0           0           0           0           0           0           0           0           0           0
           0           0           0           0           0           0           0           0           0           0           0           0           0           0           0           0           0           0           0           0           0           0
           0           0           0           0           0           0           0           0           0           0           0           0           0           0           0           0           0           0           0           0           0           0
           0           0           0           0           0           0           0           0           0           0           0           0           0           0           0           0           0           0           0           0           0           0
           0           0           0           0           0           0           0           0           0           0           0           0           0           0           0           0           0           0           0           0           0           0
           0           0           0           0           0           0           0           0           0           0           0           0           0           0           0           0           0           0           0           0           0           0
           0           0           0           0           0           0           0           0           0           0           0           0           0           0           0           0           0           0           0           0           0           0
           0           0           0           0           0           0           0           0           0           0           0           0           0           0           0           0           0           0           0           0           0           0
           0           0           0           0           0           0           0           0           0           0           0           0           0           0           0           0           0           0           0           0           0           0
           0           0           0           0           0           0           0           0           0           0           0           0           0           0           0           0           0           0           0           0           0           0
           0           0           0           0           0           0           0           0           0           0           0           0           0           0           0           0           0           0           0           0           0           0
           0           0           0           0           0           0           0           0           0           0           0           0           0           0           0           0           0           0           0           0           0           0
           0           0           0           0           0           0           0           0           0           0           0           0           0           0           0           0           0           0           0           0           0           0
           0           0           0           0           0           0           0           0           0           0           0           0           0           0           0           0           0           0           0           0           0           0
           0           0           0           0           0           0           0           0           0           0           0           0           0           0           0           0           0           0           0           0           0           0
           0           0           0           0           0           0           0           0           0           0           0           0           0           0           0           0           0           0           0           0           0           0
           0           0           0           0           0           0           0           0           0           0           0           0           0           0           0           0           0           0           0           0           0           0
           0           0           0           0           0           0           0           0           0           0           0           0           0           0           0           0           0           0           0           0           0           0
           0           0           0           0           0           0           0           0           0           0           0           0           0           0           0           0           0           0           0           0           0           0
           0           0           0           0           0           0           0           0           0           0           0           0           0           0           0           0           0           0           0           0           0           0
           0           0           0           0           0           0           0           0           0           0           0           0           0           0           0           0           0           0           0           0           0           0
           0           0           0           0           0           0           0           0           0           0           0           0           0           0           0           0           0           0           0           0           0           0
           0           0           0           0           0           0           0           0           0           0           0           0           0           0           0           0           0           0           0           0           0           0
           0           0           0           0           0           0           0           0           0           0           0           0           0           0           0           0           0           0           0           0           0           0
           0           0           0           0           0           0           0           0           0           0           0           0           0           0           0           0           0           0           0           0           0           0
           0           0           0           0           0           0           0           0           0           0           0           0           0           0           0           0           0           0           0           0           0           0
           0           0           0           0           0           0           0           0           0           0           0           0           0           0           0           0           0           0           0           0           0           0
           0           0           0           0           0           0           0           0           0           0           0           0           0           0           0           0           0           0           0           0           0           0
           0           0           0           0           0           0           0           0           0           0           0           0           0           0           0           0           0           0           0           0           0           0
           0           0           0           0           0           0           0           0           0           0           0           0           0           0           0           0           0           0           0           0           0           0
           0           0           0           0           0           0           0           0           0           0           0           0           0           0           0           0           0           0           0           0           0           0
           0           0           0           0           0           0           0           0           0           0           0           0           0           0           0           0           0           0           0           0           0           0
           0           0           0           0           0           0           0           0           0           0           0           0           0           0           0           0           0           0           0           0           0           0
           0           0           0           0           0           0           0           0           0           0           0           0           0           0           0           0           0           0           0           0           0           0
           0           0           0           0           0           0           0           0           0           0           0           0           0           0           0           0           0           0           0           0           0           0
           0           0           0           0           0           0           0           0           0           0           0           0           0           0           0           0           0           0           0           0           0           0
           0           0           0           0           0           0           0           0           0           0           0           0           0           0           0           0           0           0           0           0           0           0
           0           0           0           0           0           0           0           0           0           0           0           0           0           0           0           0           0           0           0           0           0           0
           0           0           0           0           0           0           0           0           0           0           0           0           0           0           0           0           0           0           0           0           0           0
           0           0           0           0           0           0           0           0           0           0           0           0           0           0           0           0           0           0           0           0           0           0
           0           0           0           0           0           0           0           0           0           0           0           0           0           0           0           0           0           0           0           0           0           0
           0           0           0           0           0           0           0           0           0           0           0           0           0           0           0           0           0           0           0           0           0           0
           0           0           0           0           0           0           0           0           0           0           0           0           0           0           0           0           0           0           0           0           0           0
           0           0           0           0           0           0           0           0           0           0           0           0           0           0           0           0           0           0           0           0           0           0
           0           0           0           0           0           0           0           0           0           0           0           0           0           0           0           0           0           0           0           0           0           0
           0           0           0           0           0           0           0           0           0           0           0           0           0           0           0           0           0           0           0           0           0           0
           0           0           0           0           0           0           0           0           0           0           0           0           0           0           0           0           0           0           0           0           0           0
           0           0           0           0           0           0           0           0           0           0           0           0           0           0           0           0           0           0           0           0           0           0
           0           0           0           0           0           0           0           0           0           0           0           0           0           0           0           0           0           0           0           0           0           0
           0           0           0           0           0           0           0           0           0           0           0           0           0           0           0           0           0           0           0           0           0           0
           0           0           0           0           0           0           0           0           0           0           0           0           0           0           0           0           0           0           0           0           0           0
           0           0           0           0           0           0           0           0           0           0           0           0           0           0           0           0           0           0           0           0           0           0
           0           0           0           0           0           0           0           0           0           0           0           0           0           0           0           0           0           0           0           0           0           0
           0           0           0           0           0           0           0           0           0           0           0           0           0           0           0           0           0           0           0           0           0           0
           0           0           0           0           0           0           0           0           0           0           0           0           0           0           0           0           0           0           0           0           0           0
           0           0           0           0           0           0           0           0           0           0           0           0           0           0           0           0           0           0           0           0           0           0
           0           0           0           0           0           0           0           0           0           0           0           0           0           0           0           0           0           0           0           0           0           0
           0           0           0           0           0           0           0           0           0           0           0           0           0           0           0           0           0           0           0           0           0           0
           0           0           0           0           0           0           0           0           0           0           0           0           0           0           0           0           0           0           0           0           0           0
           0           0           0           0           0           0           0           0           0           0           0           0           0           0           0           0           0           0           0           0           0           0
           0           0           0           0           0           0           0           0           0           0           0           0           0           0           0           0           0           0           0           0           0           0
           0           0           0           0           0           0           0           0           0           0           0           0           0           0           0           0           0           0           0           0           0           0
           0           0           0           0           0           0           0           0           0           0           0           0           0           0           0           0           0           0           0           0           0           0
           0           0           0           0           0           0           0           0           0           0           0           0           0           0           0           0           0           0           0           0           0           0
           0           0           0           0           0           0           0           0           0           0           0           0           0           0           0           0           0           0           0           0           0           0
           0           0           0           0           0           0           0           0           0           0           0           0           0           0           0           0           0           0           0           0           0           0
           0           0           0           0           0           0           0           0           0           0           0           0           0           0           0           0           0           0           0           0           0           0
           0           0           0           0           0           0           0           0           0           0           0           0           0           0           0           0           0           0           0           0           0           0
           0           0           0           0           0           0           0           0           0           0           0           0           0           0           0           0           0           0           0           0           0           0
           0           0           0           0           0           0           0           0           0           0           0           0           0           0           0           0           0           0           0           0           0           0
           0           0           0           0           0           0           0           0           0           0           0           0           0           0           0           0           0           0           0           0           0           0
           0           0           0           0           0           0           0           0           0           0           0           0           0           0           0           0           0           0           0           0           0           0
           0           0           0           0           0           0           0           0           0           0           0           0           0           0           0           0           0           0           0           0           0           0
           0           0           0           0           0           0           0           0           0           0           0           0           0           0           0           0           0           0           0           0           0           0
           0           0           0           0           0           0           0           0           0           0           0           0           0           0           0           0           0           0           0           0           0           0
           0           0           0           0           0           0           0           0           0           0           0           0           0           0           0           0           0           0           0           0           0           0
           0           0           0           0           0           0           0           0           0           0           0           0           0           0           0           0           0           0           0           0           0           0
           0           0           0           0           0           0           0           0           0           0           0           0           0           0           0           0           0           0           0           0           0           0
           0           0           0           0           0           0           0           0           0           0           0           0           0           0           0           0           0           0           0           0           0           0
           0           0           0           0           0           0           0           0           0           0           0           0           0           0           0           0           0           0           0           0           0           0
           0           0           0           0           0           0           0           0           0           0           0           0           0           0           0           0           0           0           0           0           0           0
           0           0           0           0           0           0           0           0           0           0           0           0           0           0           0           0           0           0           0           0           0           0
           0           0           0           0           0           0           0           0           0           0           0           0           0           0           0           0           0           0           0           0           0           0
           0           0           0           0           0           0           0           0           0           0           0           0           0           0           0           0           0           0           0           0           0           0
           0           0           0           0           0           0           0           0           0           0           0           0           0           0           0           0           0           0           0           0           0           0
           0           0           0           0           0           0           0           0           0           0           0           0           0           0           0           0           0           0           0           0           0           0
           0           0           0           0           0           0           0           0           0           0           0           0           0           0           0           0           0           0           0           0           0           0
           0           0           0           0           0           0           0           0           0           0           0           0           0           0           0           0           0           0           0           0           0           0
           0           0           0           0           0           0           0           0           0           0           0           0           0           0           0           0           0           0           0           0           0           0
           0           0           0           0           0           0           0           0           0           0           0           0           0           0           0           0           0           0           0           0           0           0
           0           0           0           0           0           0           0           0           0           0           0           0           0           0           0           0           0           0           0           0           0           0
           0           0           0           0           0           0           0           0           0           0           0           0           0           0           0           0           0           0           0           0           0           0
           0           0           0           0           0           0           0           0           0           0           0           0           0           0           0           0           0           0           0           0           0           0
           0           0           0           0           0           0           0           0           0           0           0           0           0           0           0           0           0           0           0           0           0           0
           0           0           0           0           0           0           0           0           0           0           0           0           0           0           0           0           0           0           0           0           0           0
           0           0           0           0           0           0           0           0           0           0           0           0           0           0           0           0           0           0           0           0           0           0
           0           0           0           0           0           0           0           0           0           0           0           0           0           0           0           0           0           0           0           0           0           0
           0           0           0           0           0           0           0           0           0           0           0           0           0           0           0           0           0           0           0           0           0           0
           0           0           0           0           0           0           0           0           0           0           0           0           0           0           0           0           0           0           0           0           0           0
           0           0           0           0           0           0           0           0           0           0           0           0           0           0           0           0           0           0           0           0           0           0
           0           0           0           0           0           0           0           0           0           0           0           0           0           0           0           0           0           0           0           0           0           0
           0           0           0           0           0           0           0           0           0           0           0           0           0           0           0           0           0           0           0           0           0           0
           0           0           0           0           0           0           0           0           0           0           0           0           0           0           0           0           0           0           0           0           0           0
           0           0           0           0           0           0           0           0           0           0           0           0           0           0           0           0           0           0           0           0           0           0
           0           0           0           0           0           0           0           0           0           0           0           0           0           0           0           0           0           0           0           0           0           0
           0           0           0           0           0           0           0           0           0           0           0           0           0           0           0           0           0           0           0           0           0           0
           0           0           0           0           0           0           0           0           0           0           0           0           0           0           0           0           0           0           0           0           0           0
           0           0           0           0           0           0           0           0           0           0           0           0           0           0           0           0           0           0           0           0           0           0
           0           0           0           0           0           0           0           0           0           0           0           0           0           0           0           0           0           0           0           0           0           0
           0           0           0           0           0           0           0           0           0           0           0           0           0           0           0           0           0           0           0           0           0           0
           0           0           0           0           0           0           0           0           0           0           0           0           0           0           0           0           0           0           0           0           0           0
           0           0           0           0           0           0           0           0           0           0           0           0           0           0           0           0           0           0           0           0           0           0
           0           0           0           0           0           0           0           0           0           0           0           0           0           0           0           0           0           0           0           0           0           0
           0           0           0           0           0           0           0           0           0           0           0           0           0           0           0           0           0           0           0           0           0           0
           0           0           0           0           0           0           0           0           0           0           0           0           0           0           0           0           0           0           0           0           0           0
           0           0           0           0           0           0           0           0           0           0           0           0           0           0           0           0           0           0           0           0           0           0
           0           0           0           0           0           0           0           0           0           0           0           0           0           0           0           0           0           0           0           0           0           0
           0           0           0           0           0           0           0           0           0           0           0           0           0           0           0           0           0           0           0           0           0           0
           0           0           0           0           0           0           0           0           0           0           0           0           0           0           0           0           0           0           0           0           0           0
           0           0           0           0           0           0           0           0           0           0           0           0           0           0           0           0           0           0           0           0           0           0
           0           0           0           0           0           0           0           0           0           0           0           0           0           0           0           0           0           0           0           0           0           0
           0           0           0           0           0           0           0           0           0           0           0           0           0           0           0           0           0           0           0           0           0           0
           0           0           0           0           0           0           0           0           0           0           0           0           0           0           0           0           0           0           0           0           0           0
           0           0           0           0           0           0           0           0           0           0           0           0           0           0           0           0           0           0           0           0           0           0
           0           0           0           0           0           0           0           0           0           0           0           0           0           0           0           0           0           0           0           0           0           0
           0           0           0           0           0           0           0           0           0           0           0           0           0           0           0           0           0           0           0           0           0           0
           0           0           0           0           0           0           0           0           0           0           0           0           0           0           0           0           0           0           0           0           0           0
           0           0           0           0           0           0           0           0           0           0           0           0           0           0           0           0           0           0           0           0           0           0
           0           0           0           0           0           0           0           0           0           0           0           0           0           0           0           0           0           0           0           0           0           0
           0           0           0           0           0           0           0           0           0           0           0           0           0           0           0           0           0           0           0           0           0           0
           0           0           0           0           0           0           0           0           0           0           0           0           0           0           0           0           0           0           0           0           0           0
           0           0           0           0           0           0           0           0           0           0           0           0           0           0           0           0           0           0           0           0           0           0
           0           0           0           0           0           0           0           0           0           0           0           0           0           0           0           0           0           0           0           0           0           0
           0           0           0           0           0           0           0           0           0           0           0           0           0           0           0           0           0           0           0           0           0           0
           0           0           0           0           0           0           0           0           0           0           0           0           0           0           0           0           0           0           0           0           0           0
           0           0           0           0           0           0           0           0           0           0           0           0           0           0           0           0           0           0           0           0           0           0
           0           0           0           0           0           0           0           0           0           0           0           0           0           0           0           0           0           0           0           0           0           0
           0           0           0           0           0           0           0           0           0           0           0           0           0           0           0           0           0           0           0           0           0           0
           0           0           0           0           0           0           0           0           0           0           0           0           0           0           0           0           0           0           0           0           0           0
           0           0           0           0           0           0           0           0           0           0           0           0           0           0           0           0           0           0           0           0           0           0
           0           0           0           0           0           0           0           0           0           0           0           0           0           0           0           0           0           0           0           0           0           0
           0           0           0           0           0           0           0           0           0           0           0           0           0           0           0           0           0           0           0           0           0           0
           0           0           0           0           0           0           0           0           0           0           0           0           0           0           0           0           0           0           0           0           0           0
           0           0           0           0           0           0           0           0           0           0           0           0           0           0           0           0           0           0           0           0           0           0
           0           0           0           0           0           0           0           0           0           0           0           0           0           0           0           0           0           0           0           0           0           0
