   1.5000000000000000       0.62500000000000000     
   1.5000000000000000        1.3529076181638402     
  0.96792628820893334        1.6089631441044667     
  0.50000000000000000        1.3750000000000000     
  0.50000000000000000       0.62500000000000000     
   1.0000000000000000       0.37500000000000000     
  0.99672829230535287        2.3766358538473233     
  0.49999999999999989        2.6250000000000000     
   0.0000000000000000        2.3750000000000000     
   0.0000000000000000        1.6250000000000000     
   1.4480662294110016        2.5786774071995069     
   1.4983477088013615        3.4158311074275272     
   1.0529613643195945        3.6514806821597974     
  0.50000000000000000        3.3750000000000000     
   1.0111922256038288        4.3694038871980858     
  0.49999999999999994        4.6250000000000000     
   0.0000000000000000        4.3750000000000000     
   0.0000000000000000        3.6250000000000000     
   1.4714131807509774        4.6449671303062061     
   1.4980964013916944        5.4116708115137913     
   1.0475304033404162        5.6487652016702086     
  0.49999999999999989        5.3750000000000000     
   1.0097090652495844        6.3701454673752078     
  0.50000000000000000        6.6250000000000000     
   0.0000000000000000        6.3750000000000000     
   0.0000000000000000        5.6250000000000000     
   1.4476442447921538        6.6275883482463467     
   1.4987226215308720        7.4196089040893201     
   1.0579465780575541        7.6539732890287775     
  0.49999999999999989        7.3750000000000000     
   1.0126213801816926        8.3686893099091542     
  0.49999999999999994        8.6250000000000000     
   0.0000000000000000        8.3750000000000000     
   0.0000000000000000        7.6250000000000000     
   1.4803355797526150        8.6535007591843680     
   1.4985925223298431        9.4177505373290806     
   1.0555355832825080        9.6527677916412546     
  0.50000000000000000        9.3750000000000000     
   1.0119221032444454        10.369038948377778     
  0.49999999999999983        10.625000000000000     
   0.0000000000000000        10.375000000000000     
   0.0000000000000000        9.6250000000000000     
   1.5364640868435249        10.685861992606135     
   1.5098233486509116        11.313081306055523     
  0.91022436910818516        11.580112184554093     
  0.50000000000000000        11.375000000000000     
  0.99725691664768878        12.376371541676155     
  0.50000000000000000        12.625000000000000     
   0.0000000000000000        12.375000000000000     
   0.0000000000000000        11.625000000000000     
   1.5878457677410025        12.592207309643118     
   1.5227255842256682        13.336257783102468     
  0.95902543512794503        13.604512717563972     
  0.50000000000000000        13.375000000000000     
  0.99627988780208443        14.376860056098957     
  0.50000000000000011        14.625000000000000     
   0.0000000000000000        14.375000000000000     
   0.0000000000000000        13.625000000000000     
   1.5649695914264767        14.623678662217809     
   1.5094910107170709        15.434686689436791     
   1.0835255239405741        15.666762761970286     
  0.50000000000000000        15.375000000000000     
   1.0209740993732450        16.364512950313376     
  0.50000000000000000        16.625000000000000     
   0.0000000000000000        16.375000000000000     
   0.0000000000000000        15.625000000000000     
   1.5206669262796066        17.310891847167248     
  0.91497504104419758        17.582487520522101     
  0.50000000000000000        17.375000000000000     
   1.5652047495836054        16.725799393835668     
  0.99691263812205566        18.376543680938973     
  0.50000000000000000        18.625000000000000     
   0.0000000000000000        18.375000000000000     
   0.0000000000000000        17.625000000000000     
   1.5580893881833493        18.585130851160223     
   1.5121533364561728        19.358527584631986     
  0.98505267982615385        19.617526339913077     
  0.50000000000000000        19.375000000000000     
  0.99815039070036971        20.375924804649816     
  0.50000000000000011        20.625000000000000     
   0.0000000000000000        20.375000000000000     
   0.0000000000000000        19.625000000000000     
   1.5576303247644818        20.641655154969605     
   1.5152205195313968        21.322211761311308     
  0.93036641779221529        21.590183208896107     
  0.50000000000000000        21.375000000000000     
  0.99616098354453042        22.376919508227736     
  0.50000000000000000        22.625000000000000     
   0.0000000000000000        22.375000000000000     
   0.0000000000000000        21.625000000000000     
   1.4957311583353798        22.573016107409480     
   1.4995572207536305        23.399721039233938     
   1.0331106300626760        23.641555315031336     
  0.50000000000000000        23.375000000000000     
   1.0061440935475359        24.371927953226233     
  0.49999999999999994        24.625000000000000     
   0.0000000000000000        24.375000000000000     
   0.0000000000000000        23.625000000000000     
   1.5177404829090682        24.658318642991219     
   1.5028342644348047        25.383172665494389     
   1.0132644254530230        25.631632212726512     
  0.50000000000000000        25.375000000000000     
   1.0021211628006856        26.373939418599658     
  0.50000000000000000        26.625000000000000     
   0.0000000000000000        26.375000000000000     
   0.0000000000000000        25.625000000000000     
   1.5439752116376120        26.657445294185266     
   1.5069412432335039        27.410561571075732     
   1.0520453734451500        27.651022686722577     
  0.50000000000000000        27.375000000000000     
   1.0109366813063447        28.369531659346826     
  0.50000000000000000        28.625000000000000     
   0.0000000000000000        28.375000000000000     
   0.0000000000000000        27.625000000000000     
   1.5033657486046195        28.663467509681141     
   1.5004501920946061        29.391590571416732     
   1.0229796841114533        29.636489842055727     
  0.50000000000000000        29.375000000000000     
   1.0039629066533342        30.373018546673332     
  0.49999999999999994        30.625000000000000     
   0.0000000000000000        30.375000000000000     
   0.0000000000000000        29.625000000000000     
   1.5675605698470072        30.677833596796745     
   1.5160004040823691        31.366999797958815     
   1.0000000000000000        31.625000000000000     
  0.50000000000000000        31.375000000000000     
   1.0000000000000000        32.375000000000000     
  0.50000000000000000        32.625000000000000     
   0.0000000000000000        32.375000000000000     
   0.0000000000000000        31.625000000000000     
   2.5000000000000000       0.62500000000000000     
   2.5000000000000000        1.3416087222470310     
   1.9473277225389518        1.6017461431933064     
   2.0000000000000000       0.37500000000000000     
   1.9615401980397675        2.3273130058886244     
   2.4598423946428669        2.5774263370016408     
   2.4456340053413923        3.3393612634845615     
   1.9798384615667577        3.5800969971230123     
   2.0532499548402026        4.3847316372207690     
   2.5295130445205709        4.6313928520618939     
   2.4772522763808986        5.3841857782452225     
   2.0419647425796454        5.6169585073876460     
   2.0527790507551673        6.3646911109514166     
   2.5075666751421117        6.6692813869215284     
   2.4527997780888913        7.3576360357085919     
   2.0179488776155496        7.5906624487339007     
   2.0610222411533634        8.3922386261926896     
   2.4745190778390969        8.6248621787302007     
   2.4762873969044605        9.3235152318873151     
   1.9326389413028904        9.5820208146688746     
   2.0644375821546350        10.427394485180226     
   2.4692521531515568        10.567467461440181     
   2.5432699169474442        11.454281474557785     
   2.0462015100643671        11.715401446419280     
   1.9355285488076011        12.390065737441162     
   2.5709183182010702        12.709463750188272     
   2.5915420871211667        13.417462309563611     
   1.9908197278719564        13.686444844033494     
   1.9582918476459017        14.406033620858635     
   2.4374707050274242        14.597283573067374     
   2.5635330345408351        15.372714466836310     
   1.9386357683551925        15.633530905112323     
   2.1042927321343541        16.460661208606680     
   2.4466479343557475        16.564554391627002     
   2.5836810411619688        17.457781607531302     
   2.0348562520493907        17.732646771890103     
   1.9389029215767659        18.368931867258368     
   2.4692805396354531        18.651102746215319     
   2.5580575055590935        19.415264210062272     
   2.0144245313987974        19.675286119495791     
   1.9871491823359539        20.410357207445390     
   2.4335510995484944        20.604785430048320     
   2.5599884313156784        21.387319011474599     
   1.9586449830568333        21.655483455958336     
   1.9284106718809748        22.342039042829818     
   2.5199576852392203        22.614903495450022     
   2.5002585703363622        23.343290874822316     
   1.9605060038654629        23.601725660996475     
   2.0337864358522784        24.404848965820776     
   2.4620181424607623        24.579039829060967     
   2.5140768508199480        25.354988945841846     
   1.9538802831555424        25.612612397118230     
   2.0128878975023632        26.414737662484136     
   2.4909821106741985        26.585639960059464     
   2.5470660129387466        27.419539102371026     
   2.0391331920040425        27.669561743466808     
   2.0573711949854978        28.403104213310744     
   2.4552854577670646        28.622051302118216     
   2.5020940272121641        29.415664799271639     
   2.0553485803186820        29.650737206798560     
   2.0304673863211757        30.434446761405603     
   2.5385926434697330        30.672414302657824     
   2.5748139641461187        31.410751847683468     
   2.0000000000000244        31.672872836960618     
   2.0000000000000000        32.375000000000000     
   1.5000000000000000        32.625000000000000     
   3.5000000000000000       0.62500000000000000     
   3.5000000000000000        1.3651542042178448     
   2.9773482710387547        1.6222558148481547     
   3.0000000000000000       0.37500000000000000     
   2.9505605730534707        2.3277960321773250     
   3.5428649869103372        2.6437014845619187     
   3.4838373199027641        3.3145411396310775     
   2.9461586585522745        3.5779281988102238     
   2.9764000635045496        4.3947457138361070     
   3.4291636336873577        4.5602276358343810     
   3.5433435794870176        5.4450768699322847     
   3.0817029777584679        5.6863169017374515     
   3.0494393508960997        6.4025319242448226     
   3.4566947013216613        6.6468090906844575     
   3.5242084151712199        7.4271950681836305     
   3.0586048082011494        7.6689204469425407     
   3.0262658449214848        8.3612553667441265     
   3.4923376508780715        9.3131038652719909     
   2.9292059427117136        9.5813797597517532     
   3.5387607615226524        8.6949925561328385     
   2.9298708358015682        10.328862918700668     
   3.4514032838289648        10.560807072162945     
   3.4656912481053124        11.358597344152665     
   2.9920733167608518        11.601036487924185     
   3.0935014055549925        12.456278087544380     
   3.4843629454515397        12.610331743944911     
   3.5607190310992314        13.408256504062853     
   3.0043814748600401        13.667842136107900     
   3.0019458126616803        14.335552352210165     
   3.4275188316888419        14.597419370797313     
   3.4334502474887838        15.406861252671568     
   3.0552598107261000        15.620039664596849     
   2.9677049375361002        16.299477200860473     
   3.4554904878359083        16.652852383835146     
   3.4496594162613645        17.420839203153907     
   3.0927825022577897        17.621702523712017     
   3.0859009051399084        18.386830205320223     
   3.4464717490733401        18.650847338017417     
   3.4571739503880998        19.324565090005333     
   2.9468456122075128        19.575355229042959     
   3.0131894640582706        20.345106512076736     
   3.5482389850283478        20.624729666223708     
   3.4599047557236076        21.317967589522326     
   2.9772184509329414        21.570977664129224     
   2.9698065283823318        22.378394896118134     
   3.5613862255163644        22.635944842757944     
   3.5317709423937691        23.357068895321738     
   2.9602473287460640        23.623999042044300     
   2.9555795492461550        24.331422468570178     
   3.4402711229498451        24.576131725621323     
   3.4560850994462360        25.339416819202341     
   2.9637718704392224        25.587619588477384     
   2.9490286552873823        26.347388914585192     
   3.4207597061383295        26.567890616356159     
   3.4865736479845473        27.387902420411848     
   3.0259507135340553        27.626260510497428     
   3.0345088366995330        28.360420266200556     
   3.5071981458202215        28.655565463029607     
   3.4611995979648116        29.331957788720349     
   2.9744151983980420        29.581058809648923     
   3.0544191870543793        30.421166104832089     
   3.4333767687564851        30.577580819785229     
   3.5296222049855501        31.390400069330401     
   3.0000000000000213        31.645861910010471     
   3.0000000000000000        32.375000000000000     
   2.5000000000000000        32.625000000000000     
   4.5000000000000000       0.62500000000000000     
   4.5000000000000000        1.3599161055430500     
   3.9766317347121105        1.6150269841161478     
   4.0000000000000000       0.37500000000000000     
   3.9835077360495137        2.4080602585840873     
   4.5754391269548478        2.6357314207985825     
   4.5619717863430207        3.3984574377642138     
   3.9898340610501828        3.6674837349986675     
   3.9538377568635892        4.3020984020519588     
   4.5122918217535988        4.6501460198331142     
   4.4495705045872613        5.2976238076238786     
   3.9334444473732613        5.5587361666587771     
   4.0791764664619246        6.3870853746941103     
   4.4061440412536879        6.5468725069972225     
   4.4441370970844103        7.3567946030141158     
   4.0014152202544411        7.5893992739776159     
   4.0612464208518331        8.4364863366083309     
   4.4883142858786087        8.6162758246423472     
   4.5458579535561405        9.3608214818449476     
   3.9267120480262561        9.6244590253860149     
   3.9287509715295670        10.317302545163599     
   4.4637592842485976        10.566310204374918     
   4.4514189769230690        11.357261975659092     
   4.0006528045154184        11.593772034454057     
   3.9930888720415245        12.358902673332414     
   4.4768641202347990        12.616649424092806     
   4.4796197609660720        13.311212804614916     
   3.9130383441807584        13.571670303197745     
   3.9973953657632926        14.336811430157464     
   4.5432328899438374        14.593179372317184     
   4.4572700181876561        15.306503039300265     
   3.9574705727387114        15.564435698339533     
   4.0698611845401000        16.388552688396359     
   4.4238117385533915        16.566856060376065     
   4.4545946352523424        17.356892244889419     
   3.9942311834348128        17.595277938923811     
   4.0815896321118981        18.389194643866212     
   4.5455531912775236        18.658243915797470     
   4.4653964765239653        19.373555531745520     
   4.0293681889624402        19.611707363312707     
   3.9560280251993203        20.397190090436204     
   4.4066337218213247        20.603958672170553     
   4.5691659377329641        21.380068222939759     
   3.9555590838252268        21.644051317794872     
   3.9770470179377133        22.411328992224547     
   4.5255030012156290        22.600637508729026     
   4.5633453792037288        23.463098254220213     
   4.0674715223705089        23.718842164656362     
   3.9968220561718764        24.304564216960664     
   4.4638320383931420        24.672198315113551     
   4.4394952561463645        25.420161430315549     
   4.0794368838757213        25.625023899205033     
   4.0018575487315768        26.293311996867825     
   4.4415672635531198        26.661332678581033     
   4.4202802337958360        27.279441897879245     
   3.9043562551652764        27.534436924257641     
   4.0242048689092478        28.397999134861450     
   4.5455194661869545        28.575960984072253     
   4.5260082254674954        29.357871945311963     
   3.9627384901633653        29.621447585592069     
   3.9707439786607623        30.321296924094320     
   4.5512034881637575        30.641057957953677     
   4.4605376728495933        31.332651542886826     
   3.9999999999999916        31.578340420850594     
   4.0000000000000000        32.375000000000000     
   3.5000000000000000        32.625000000000000     
   5.5000000000000000       0.62500000000000000     
   5.5000000000000000        1.3860305111194720     
   5.0110558829544969        1.6346998964052712     
   5.0000000000000000       0.37500000000000000     
   4.9796220273802740        2.4150510498175111     
   5.5751485602920816        2.6627851589530338     
   5.5765556405310868        3.4413880199557441     
   5.0490686901801505        3.7005645379683996     
   5.0116234693885602        4.3928930376300972     
   5.4124365578565987        4.6092451299844130     
   5.5340277920368850        5.4014557942540025     
   5.0047008773282053        5.6629072487980654     
   4.9570856248977559        6.2820490645958866     
   5.4084267413908087        6.6004991083284601     
   5.4024749646856636        7.2885369069647368     
   4.9241998207606699        7.5323645939136146     
   4.9951201178192219        8.3670291368863499     
   5.4200618056167107        8.5421873449874646     
   5.4779226707554782        9.3376741051079595     
   4.9417182725111832        9.5949563764836228     
   4.9283298365754256        10.325210971056176     
   5.4248006554382648        10.558297293157390     
   5.4635555072353084        11.377652085923847     
   5.0192918424067852        11.611532256829699     
   5.0047985538757152        12.359544770832416     
   5.4975612079591105        13.327162922744977     
   4.9451491359732263        13.597051391985646     
   5.5543948373232590        12.673276950199559     
   4.9088403991401703        14.385480572497336     
   5.4469904420311046        14.574967068948851     
   5.5547623542831577        15.381253348521485     
   4.9587605473359906        15.644384133058155     
   4.9593902667491196        16.310224067852417     
   5.4271038587139877        16.572592788149585     
   5.4201833684567022        17.354903915224689     
   5.0105267009800709        17.577068353822096     
   4.9956673221027046        18.417362267117948     
   5.5620981491825754        18.654280897512866     
   5.5679769580894831        19.362736300468534     
   4.9334331523799539        19.625155505590101     
   5.0341419485049457        20.343398193189984     
   5.4116930546325115        20.544907027987037     
   5.4016495595259055        21.306141212233381     
   4.9496182304315512        21.542766753388545     
   4.9508045970345789        22.373506238658166     
   5.5665270364971624        22.617333667703228     
   5.5346035737128352        23.332714715276886     
   4.9190793919650053        23.603947733025123     
   5.0951354879995820        24.402495328432064     
   5.5841011211792768        24.609682907215056     
   5.4954899306464444        25.388582671121785     
   5.0568466237306264        25.624936166862085     
   5.0906771556961763        26.393051881211427     
   5.5521987190336679        26.705533399004842     
   5.4764126691927766        27.355910910808682     
   4.9975497225737637        27.610817545599936     
   4.9189982879418555        28.365737251526134     
   5.4223897528478613        28.597071247611535     
   5.5444799286754556        29.398960916161204     
   4.9985430309366770        29.660705282820945     
   4.9652512511801410        30.412171704969321     
   5.4397003420950734        30.601773325657327     
   5.5746488024485439        31.409249070279124     
   4.9999999999999929        31.671892337374121     
   5.0000000000000000        32.375000000000000     
   4.5000000000000000        32.625000000000000     
   6.5000000000000000       0.62500000000000000     
   6.5000000000000000        1.3511410977156970     
   5.9662499185915028        1.6071479432151918     
   6.0000000000000000       0.37500000000000000     
   6.0156500699509445        2.4305538091301089     
   6.4073847374826176        2.5662310345957238     
   6.5714998541344336        3.3915593576903795     
   5.9808907203450428        3.6529274721374021     
   6.0481703225271231        4.3514283421384432     
   6.4454893082460325        4.5956638853322325     
   6.4094036847564855        5.2912579014525818     
   5.9333829229172750        5.5364407195987262     
   6.0125063560357086        6.3364777005966753     
   6.4331162037084990        6.5608436282787750     
   6.4135622014359646        7.3068432495478985     
   5.9437087493856726        7.5500989622502166     
   5.9253014321491513        8.2909971163330827     
   6.4329268934275028        8.5692545540356679     
   6.4174473800717164        9.3526283620787360     
   6.0028888356024108        9.5779553437236284     
   5.9580585885625945        10.298336302469227     
   6.5340494100033997        10.672573789114804     
   6.4536302231423637        11.304935920236492     
   5.9646566251244169        11.559246600379327     
   6.0193726168188268        12.429697600319908     
   6.4160000019905228        12.569423051334523     
   6.5745461150637663        13.432900529431278     
   6.0299555689892932        13.699741031590316     
   5.9752553659575733        14.313105795148967     
   6.5382248889193466        14.695178795535879     
   6.4689696785256245        15.344297283516434     
   5.9960848586974009        15.593323000820796     
   5.9664440082954737        16.311299675833510     
   6.4575524699501790        17.274055027415322     
   5.9073850179622696        17.542161811302446     
   6.5233397248621277        16.655713936572926     
   6.0137105380154070        18.417845001567301     
   6.5619731437327928        18.579967461635764     
   6.5614688464363411        19.437548774134140     
   6.0283859974044098        19.704596051206984     
   5.9579706136534067        20.274143030430874     
   6.4924436072911051        20.682519647858790     
   6.4361059388949418        21.279401424054484     
   5.9199273427760497        21.538348787488573     
   5.9490978591593624        22.405369735912046     
   6.5232792646901645        22.577683077336832     
   6.5626380595764520        23.362349172009182     
   5.9154598473564857        23.626185512341490     
   5.9178915831359209        24.417096735125149     
   6.5989042538278291        24.598120456060339     
   6.5996931606721789        25.454463214112888     
   6.0647736554223819        25.712688286533268     
   6.0569324640132285        26.446696102866888     
   6.5656462234654116        26.689394410538974     
   6.5797425608053164        27.444496196762550     
   6.0528079784639628        27.702039878306998     
   6.0282075025801589        28.329480629175464     
   6.4557196602132683        28.652191028285205     
   6.4207768571679482        29.347666307189172     
   6.0078568083129591        29.571717642610924     
   6.0074730249603956        30.339740377037383     
   6.5649851646609072        30.683357052948242     
   6.4735690634848080        31.332451826882959     
   6.0000000000000124        31.583497464435304     
   6.0000000000000000        32.375000000000000     
   5.5000000000000000        32.625000000000000     
   7.5000000000000000       0.62500000000000000     
   7.5000000000000000        1.3947255738791802     
   7.0191046374583692        1.6424033724416596     
   7.0000000000000000       0.37500000000000000     
   6.9761821245943150        2.2973508233789328     
   7.5508583246958985        2.7043273897660876     
   7.4582054679785657        3.2883393028717545     
   6.9569286031239246        3.5501161759389315     
   6.9699673752611035        4.3377767035819383     
   7.5121057215826648        4.6088782862642104     
   7.4680457783033773        5.3204918390674774     
   6.9467880802899078        5.5794710502916161     
   6.9343438784156417        6.3089540424224237     
   7.4956589165728422        6.6000436737508457     
   7.4435767708317906        7.4055091392854129     
   7.0608473342488551        7.6210256091433628     
   6.9804771889175363        8.2985094206196663     
   7.5181474513299591        8.7047209952792581     
   7.4559956804118315        9.3397358569873461     
   6.9978821001453753        9.5819403910266896     
   7.0100892046980547        10.422157531789008     
   7.5953803413490713        10.657933428563368     
   7.5713423926773666        11.430335590975076     
   7.0334961478077886        11.695652407488542     
   6.9833379773102280        12.299399327345421     
   7.5129459244870862        12.689782621309915     
   7.4322145720665542        13.403836503777404     
   7.0927529615393166        13.599252728473061     
   7.0585692184526110        14.431668837544851     
   7.5313407600384670        14.689857998945371     
   7.5619179883889975        15.452680978094691     
   7.0675756334517388        15.704199907641035     
   7.0154477121096441        16.398868253991640     
   7.5577972724834011        16.699773646240441     
   7.5489193309429883        17.442413919870635     
   7.0343564405124948        17.707764809036828     
   6.9355098095039756        18.367679600715736     
   7.5353813429271250        18.684028528072467     
   7.5587535456229302        19.428631116153618     
   7.0479809224656762        19.679847843016947     
   7.0609255946570499        20.411819155258851     
   7.5371289760160955        21.328022522443195     
   6.9209192000709727        21.603408502447365     
   7.5827720325122208        20.695369104414695     
   6.9172295054688790        22.361831140119300     
   7.4252093235588994        22.545857648754549     
   7.5163040341048326        23.363214039287477     
   6.9507471156379994        23.626969799088048     
   6.9167787493228090        24.414473703628449     
   7.5004631776824118        24.599464140497624     
   7.5931521732118661        25.447745279313530     
   7.0533711076346304        25.704128931454065     
   7.0647419961235771        26.440549846609990     
   7.4986494800137891        26.649534624329515     
   7.5597808215327804        27.441986782102997     
   7.0651322198729343        27.689867719657684     
   7.0610698499401918        28.380304047972967     
   7.5510406430932395        28.705363714016983     
   7.4945896837655965        29.293288816556473     
   6.9128913094447810        29.565168927671920     
   7.0118085737660536        30.441133333674976     
   7.5079290676195622        30.568587197817177     
   7.5910119931147788        31.420512007078273     
   7.0000000000000187        31.683244398742339     
   7.0000000000000000        32.375000000000000     
   6.5000000000000000        32.625000000000000     
   8.5000000000000000       0.62500000000000000     
   8.5000000000000000        1.4283160892479203     
   8.0755633404102873        1.6565469783960531     
   8.0000000000000000       0.37500000000000000     
   8.0375452696808480        2.4457699734934502     
   8.5800727943810049        2.7041546803745558     
   8.5942446478541381        3.4069835798766785     
   7.9754825131500997        3.6754532625278182     
   7.9583185499115032        4.3719659408150262     
   8.5861577902766246        4.6490576481171271     
   8.5339391720572486        5.4140411545778448     
   8.0369830960682069        5.6714622333108720     
   7.9699322123394110        6.3501419538248305     
   8.5208948237432658        6.6716313157630340     
   8.5096114712119899        7.3258004112234341     
   7.9166320999312472        7.5923431330135811     
   8.0850558925098213        8.4321730900838716     
   8.4580997033344545        8.5543227335634082     
   8.5408884856292548        9.4198944145782413     
   8.0346763969743549        9.6724575196052420     
   8.0014678952503591        10.436199212691127     
   8.5105086375313750        10.650278456673892     
   8.5903464631452771        11.428270264301492     
   8.0212655390192804        11.687359604533672     
   8.0493698480564166        12.424014090390912     
   8.5916839830851828        12.673228856000691     
   8.5533110054591805        13.415491290885178     
   8.0497877451871265        13.667803778887542     
   8.0888440775009016        14.431562547504402     
   8.4942715774173152        14.646509241906911     
   8.5215784086749693        15.364711111883695     
   7.9670240372069285        15.622767559054852     
   8.0804481903309675        16.444643366346543     
   8.4229336835281288        16.569986259068916     
   8.5611314757864729        17.430698560608398     
   8.0571776509402717        17.681388720688428     
   8.0765839345668446        18.427174800535777     
   8.4472277910564575        18.625576949397598     
   8.5302117598263010        19.424572264968813     
   8.0573009109164015        19.667311389830200     
   8.0472821827069225        20.452125657887368     
   8.5576512945768961        20.680187352194491     
   8.5905334983938424        21.437699413467190     
   8.0071048558469027        21.711260246004407     
   7.9479254741140828        22.284283478073895     
   8.4145845000036719        22.607984738480255     
   8.4223134351712865        23.378774831732606     
   8.0338001210716232        23.594089592737646     
   7.9747661214053602        24.353080979534774     
   8.4891225625207340        24.645630153346247     
   8.4990405846561465        25.385591069002622     
   8.0183685089051142        25.629493494700785     
   8.0466920205128094        26.392762940190025     
   8.5030079682943214        26.637351092480177     
   8.4940058803066663        27.348286999460139     
   7.9674027505416962        27.603736547415206     
   8.0640364944117078        28.446837954486867     
   8.5504392783815035        28.617263031180375     
   8.5713043583204218        29.447452204181282     
   8.0257040558107811        29.719070928598061     
   7.9397029392626237        30.332265116614423     
   8.4997905155753344        30.664583199203342     
   8.5093950281041710        31.379943755955178     
   8.0000000000000000        31.631814577405645     
   8.0000000000000000        32.375000000000000     
   7.5000000000000000        32.625000000000000     
   9.5000000000000000       0.62500000000000000     
   9.5000000000000000        1.3727278686646969     
   9.0000988974242304        1.6217644190657268     
   9.0000000000000000       0.37500000000000000     
   9.0778664395376918        2.4561784304828538     
   9.4038268544160424        2.5822838645603712     
   9.5695157767281458        3.3632603181767076     
   8.9193601008033099        3.6219429379210335     
   8.9826379168301003        4.4305374520610057     
   9.4033466998206379        4.5416820819817456     
   9.5899333589680129        5.3925485703935880     
   8.9651279799338113        5.6537385162064400     
   9.0543167990446527        6.4146462345613848     
   9.5649611804206724        6.6200371312028343     
   9.5311792995081674        7.3980112217676863     
   9.0030458853041786        7.6633341963933432     
   8.9373575635082965        8.3048812367900258     
   9.5402429830947906        8.6758291385772708     
   9.4705246908311782        9.4183833783689312     
   9.0922816510121507        9.6306861992836659     
   9.0530371686470215        10.389478629468988     
   9.5527740994595387        10.715011221311467     
   9.5186643820777324        11.323695467496295     
   8.9278590991913021        11.591534592922782     
   9.0186604426751291        12.443518079076760     
   9.5393813292049376        12.585545541324320     
   9.5884529199220747        13.379653956107402     
   8.9317272778701344        13.636038906239452     
   9.0417451115483534        14.389117759753701     
   9.4569712747123269        14.555374815358189     
   9.4890059991963049        15.435452788128472     
   9.0721252687480334        15.663946204699055     
   8.9972570316377976        16.294863205310598     
   9.5258477657139284        16.727205927964274     
   9.4529896736797614        17.310238937966538     
   8.9696365921559433        17.562893199767057     
   9.0449310822898799        18.366352577436661     
   9.5593703728907151        18.648580660011788     
   9.4671516683375589        19.358307866997240     
   9.0327257441109925        19.594234824692453     
   9.0560766116981970        20.432194771032687     
   9.5584006803592185        20.666964594531901     
   9.5549960849341726        21.353733226971798     
   8.9327469217049646        21.617674102406948     
   9.0270109582330917        22.345224619082707     
   9.5576419929342347        22.618229234107574     
   9.4546411141397328        23.307748529738905     
   8.9790763322910028        23.560090568038117     
   9.0378426200700712        24.387872888923340     
   9.4765362105445519        24.601204668440875     
   9.4859711694874260        25.376183636708742     
   9.0090880735792442        25.619567236605654     
   9.0145749781763360        26.384312306973463     
   9.4723925755568334        26.615628253936880     
   9.5038229311279210        27.441244683485845     
   9.0723360582715653        27.675278716229073     
   8.9887517750003330        28.380699307064624     
   9.5247623260443177        28.689360596137465     
   9.5445920887050750        29.359804697426046     
   8.9419007740136607        29.621741178120928     
   9.0648699764714813        30.403907274552214     
   9.5618881338272139        30.607551412520081     
   9.5111926495564560        31.367402498154938     
   9.0000000000000000        31.623578177282607     
   9.0000000000000000        32.375000000000000     
   8.5000000000000000        32.625000000000000     
   10.500000000000000       0.62500000000000000     
   10.500000000000000        1.3495254282848919     
   9.9625207264633744        1.6065251998204819     
   10.000000000000000       0.37500000000000000     
   9.9908297945376336        2.3190389675144725     
   10.504718895256191        2.6210551605744037     
   10.424902085456601        3.3329573583721457     
   9.9903623897177916        3.5702804595188407     
   9.9282641468010233        4.2774804142287186     
   10.483924069889582        4.6373168185438054     
   10.430185042048123        5.3112994488452294     
   9.9598876519051629        5.5566918867530859     
   9.9543747369452102        6.4052285947027556     
   10.447191959351148        6.5792290834545906     
   10.558432673077446        7.3696728340177398     
   9.9401738723202708        7.6284795912722236     
   10.027997562633889        8.4243334951802691     
   10.460235529791069        8.5650362398902242     
   10.553450474561364        9.3945808210835633     
   9.9927523989111009        9.6522198434932154     
   10.092874030476487        10.453980483313625     
   10.454295787780515        10.595140621436848     
   10.559627480579804        11.412291137330788     
   9.9928534170391607        11.681135024993544     
   9.9327739849612904        12.367719640324880     
   10.459816716177183        12.612369642061376     
   10.537077669969417        13.420527337324673     
   10.016356158710623        13.682454230934331     
   9.9461963381633165        14.302262197518267     
   10.524478663118217        14.678918529611710     
   10.465323041201787        15.409893751151497     
   10.084115441827397        15.622307006873815     
   10.094502571667796        16.452298795879660     
   10.561386308435219        16.699821038903785     
   10.563717453179274        17.445374363743948     
   10.051472386821496        17.703963621141313     
   9.9840471359185532        18.413839615172183     
   10.572780029319587        18.696874313523658     
   10.583934773705829        19.392262235406029     
   9.9721715100085166        19.654959781771346     
   10.028965123707083        20.425447457030049     
   10.513189586483003        20.604016366282710     
   10.551172485077414        21.356599957727326     
   9.9169371719751318        21.620647388686564     
   9.9222560249583811        22.409961512527317     
   10.486217777464006        22.567338581695708     
   10.580782227476023        23.420368446952111     
   10.003639524474103        23.684433256154033     
   9.9829715957859690        24.348698717350860     
   10.554116655807089        24.665266667457448     
   10.488678174965512        25.415564873914249     
   10.075591627324265        25.642579941702124     
   10.025058373986178        26.350858967315666     
   10.503407630279279        26.685101842001608     
   10.476802596899153        27.310004059516352     
   9.9156699653658524        27.576433416784685     
   10.098782660270764        28.426246597437192     
   10.563048362126032        28.594831137171294     
   10.525941725364730        29.444464523451838     
   10.062907118134840        29.692978004701356     
   9.9647214601472918        30.382096544973848     
   10.434592450098650        30.639305670749273     
   10.566085213842456        31.404334513799682     
   9.9999999999999947        31.666329424301498     
   10.000000000000000        32.375000000000000     
   9.5000000000000000        32.625000000000000     
   11.500000000000000       0.62500000000000000     
   11.500000000000000        1.3605856521586475     
   10.973714088610409        1.6174237043154038     
   11.000000000000000       0.37500000000000000     
   10.959924011194518        2.3783573398125726     
   11.528780589762299        2.6201633978422985     
   11.529107170278193        3.3674056312022875     
   10.972571149942889        3.6275053698560660     
   11.001214162154497        4.3794329036999109     
   11.555205132132564        4.6292898092618451     
   11.509302433848180        5.4291737668622719     
   11.064545972732185        5.6692591547174631     
   10.991926937047056        6.3109482248946271     
   11.553468385798560        6.7315716949586024     
   11.481512319520863        7.3046891209274385     
   10.945944078641750        7.5732574713344025     
   10.931568578542940        8.3223696629121076     
   11.575073442333439        8.6335754177862150     
   11.490917445552094        9.3358630332494421     
   10.986593456298893        9.5946374219660342     
   10.985963213995738        10.339087861806314     
   11.451837798718714        10.598373930038424     
   11.450599162553777        11.309350162855823     
   10.929286933220430        11.563098487744766     
   11.008867336649431        12.356241232078261     
   11.549665403700237        12.604252607141904     
   11.472967204706203        13.365802431433858     
   11.028665258375245        13.603387779809381     
   11.044181595283156        14.420003807059636     
   11.419432441475832        14.599281082938305     
   11.536082754375906        15.367680793158771     
   10.959256536248665        15.627574422630165     
   11.082673882597984        16.445265733568050     
   11.593149461642930        16.625671293356270     
   11.568552862142273        17.366625002143113     
   10.955156070682808        17.633649180672318     
   11.073891100884124        18.447019581239577     
   11.506160027795605        18.591317046899213     
   11.566467522317675        19.440681335915670     
   11.037958666122613        19.701667719406757     
   10.980479315918686        20.359707055547190     
   11.557466809590911        20.691726569317140     
   11.518627203889993        21.422072661516676     
   11.037585497856409        21.676677140730838     
   10.950093577190094        22.319632122199781     
   11.543367617693825        22.698477678990042     
   11.502476355741329        23.338679374270139     
   10.963852241864579        23.599799525858586     
   11.008245888810411        24.425221258342191     
   11.489740689408109        24.593416375658798     
   11.567536781587956        25.452762910869318     
   11.080063272402320        25.698603693995299     
   11.084229985678848        26.417400006513358     
   11.576919325117844        26.716614130768956     
   11.523978488064017        27.437539111463572     
   11.057576955673818        27.689121810461977     
   10.954021129823113        28.374427318544704     
   11.574785215146587        28.715514834760089     
   11.567675545125995        29.435821283676244     
   11.062334179759022        29.686535326820490     
   11.092224533041060        30.381354826923154     
   11.437092507471158        30.635257354124320     
   11.424238959400668        31.347134812302095     
   11.000000000000000        31.574502859532693     
   11.000000000000000        32.375000000000000     
   10.500000000000000        32.625000000000000     
   12.500000000000000       0.62500000000000000     
   12.500000000000000        1.3210448088057944     
   11.915953502341679        1.5835117682193054     
   12.000000000000000       0.37500000000000000     
   11.974976627688983        2.3860094673282641     
   12.437263359558813        2.5424973331442473     
   12.524487179021216        3.3943141617333481     
   12.002720619615308        3.6502440428489278     
   11.972237816078245        4.4027454149221992     
   12.459899159050121        4.6101396074068726     
   12.555767048650356        5.3984955591835844     
   11.999046987755637        5.6556849922965267     
   12.085337355568806        6.4653221017396749     
   12.550377652179847        6.6358719994666719     
   12.581599763647040        7.3669026563357729     
   11.911507088905488        7.6252450410712784     
   11.949628208981647        8.4222690539817080     
   12.499033192543388        8.5637432092960530     
   12.592633933319116        9.4706828667407965     
   12.069424001492958        9.7315102730780332     
   12.012105801386232        10.328276909506926     
   12.477594218097677        10.675483740160782     
   12.456404675505967        11.347895590198762     
   11.977959686610999        11.595451507102499     
   11.930381622517015        12.390462420826877     
   12.461406711616320        12.599219808337251     
   12.552716978294148        13.356207877958957     
   11.916811205943194        13.613539788128842     
   12.018422888474657        14.339372403523758     
   12.459866369200695        14.556108515346333     
   12.420321539862995        15.291278085276742     
   11.929408893558703        15.540663725449638     
   11.952554183666804        16.423534661911500     
   12.544969236762400        16.591798914184544     
   12.589946209387156        17.443785055756440     
   12.022919410477225        17.713024464610633     
   11.964562717314204        18.349489662804185     
   12.540957210579906        18.676200350894185     
   12.512224860070768        19.367485067507054     
   11.995566314431125        19.622208147842947     
   12.055151030651318        20.440840013733069     
   12.542417707817101        20.632765567229470     
   12.562628200684824        21.376684774550878     
   11.959210314096733        21.638403062081302     
   12.071531190642713        22.438781511446923     
   12.410383522553349        22.559191222760884     
   12.547178454547410        23.354188194584776     
   11.919215147720440        23.614773520608722     
   11.956141936215012        24.353718870327409     
   12.418528658149823        24.535772413064176     
   12.487052769637993        25.406721860917116     
   12.056458839989306        25.635608294347652     
   12.077118944390758        26.463428588691048     
   12.547228965248760        26.673427260207593     
   12.583167073174799        27.373070375681117     
   11.920608438658476        27.632120683907601     
   12.107789199013745        28.454995115150034     
   12.564458280961151        28.587139448970436     
   12.574356461126122        29.406843541383946     
   12.006782410803702        29.667211034996370     
   12.050480904855673        30.369465484246909     
   12.520631357456496        30.648830391516451     
   12.458327761943393        31.344902965420207     
   12.000000000000000        31.586847887832629     
   12.000000000000000        32.375000000000000     
   11.500000000000000        32.625000000000000     
   13.500000000000000       0.62500000000000000     
   13.500000000000000        1.4014070738130004     
   13.012257852000159        1.6549437825154545     
   13.000000000000000       0.37500000000000000     
   12.938176709924530        2.2852747159230216     
   13.459204610815069        2.6378831932346216     
   13.440277330512552        3.3082652424637775     
   12.939176297634848        3.5586634646204613     
   13.003568050735312        4.3544303193483929     
   13.472656128383317        4.5759479194652704     
   13.457115660579479        5.3294213524646272     
   12.960147122622386        5.5786255184599742     
   12.989948990585763        6.4043246512049397     
   13.453162398760385        6.5777574361683948     
   13.539195397294090        7.3657355875476265     
   12.933455533175238        7.6325740590781148     
   12.906842369377099        8.3414217899125891     
   13.505958680592693        8.5898878154744143     
   13.503037903766412        9.3320599814003931     
   12.927347887002993        9.5963366375204178     
   13.088998588926801        10.406912093795066     
   13.582900906267053        10.613273514450428     
   13.511438591709551        11.327767588112708     
   12.957654115292231        11.595857131285227     
   12.984354286676991        12.346088920836454     
   13.411946563222061        12.557682717017455     
   13.453009102779832        13.326816634228296     
   12.938261328396409        13.581017868603876     
   12.909706999395588        14.317877238198154     
   13.503295053541779        14.595001982163058     
   13.474251955866773        15.339754856125811     
   12.961572850669272        15.596242576616367     
   12.930645780524475        16.378599314500288     
   13.475580517761511        16.592700731864660     
   13.539710168037574        17.403031252097207     
   13.016772605079488        17.655786368513024     
   13.044205113059348        18.424395214779775     
   13.490214717572412        18.624662858684196     
   13.543668442488437        19.419404880331570     
   13.030327953031440        19.673628839689297     
   12.997515081286844        20.394446827631118     
   13.470392557671849        20.629477190943049     
   13.535056765652302        21.396738117967065     
   12.994479755387445        21.657134746469772     
   12.961047004247881        22.295355458617411     
   13.464557909801341        22.626724981700399     
   13.415737769307810        23.388429418269126     
   13.042246644317533        23.600636656851293     
   12.951961534360398        24.268175235558608     
   13.459956296268924        24.659914228331310     
   13.420747988209913        25.365546546182689     
   13.034275627243799        25.579332706967683     
   13.052661945694569        26.423784105614178     
   13.458684816683334        26.621187272149196     
   13.542433881425369        27.444766903067364     
   13.041550575011607        27.705135701416918     
   12.943895934901615        28.372469579021494     
   13.419414865826674        28.624777452825970     
   13.563085320300470        29.401521191616997     
   13.000240780984065        29.663686857653122     
   13.000050224869824        30.400075385632796     
   13.548449841469907        30.643431138633382     
   13.540865782878644        31.389536024566929     
   13.000000000000060        31.648923809679061     
   13.000000000000000        32.375000000000000     
   12.500000000000000        32.625000000000000     
   14.500000000000000       0.62500000000000000     
   14.500000000000000        1.4114718588972459     
   14.054965992581948        1.6458966211353809     
   14.000000000000000       0.37500000000000000     
   14.044081142405030        2.3696220942099577     
   14.501429703025009        2.6674983702821082     
   14.471458157093382        3.3590807574642789     
   13.989718588684692        3.6081788727224051     
   13.945620730290550        4.3303872451290983     
   14.535373879248358        4.6480477908845543     
   14.491475675483620        5.3034820726791665     
   13.915523281477865        5.5713387842028164     
   13.953043144817029        6.3295939562378853     
   14.428797720112188        6.5399646540657361     
   14.448411987455071        7.3619412075788908     
   13.996556599346778        7.5998677497099392     
   13.951225013022340        8.3538177953358606     
   14.538776691079910        8.6473653834096513     
   14.514398546088460        9.3203911388022664     
   13.911270428205283        9.5891584714273730     
   13.926824910715492        10.416439113970302     
   14.549210578384278        10.580190478949426     
   14.587456708412589        11.376851964414371     
   13.923926297105632        11.636365955353774     
   13.949430374493511        12.302264655123457     
   14.520986084368415        12.597008030734262     
   14.435941500506527        13.300988486577277     
   13.959021862130042        13.551680403524177     
   13.946631040107082        14.360163357049407     
   14.469669595281061        14.586031143300550     
   14.502633202294401        15.337911624198501     
   13.932846396544997        15.597715039316247     
   13.964839239284739        16.347203932092192     
   14.568453968157213        16.610438873910951     
   14.494342791238273        17.355719993662099     
   14.004891580338267        17.608085183061565     
   14.011716677580061        18.371378732014680     
   14.485143455822605        18.621828672354603     
   14.485078175419872        19.332260553448506     
   13.944870995430815        19.589401512308207     
   14.031225633794552        20.372039487379073     
   14.561973968189651        20.619032240234439     
   14.488648221597217        21.328884833942599     
   13.972298591039783        21.588667685358473     
   14.001446252684200        22.365695138878191     
   14.478731924985784        22.597756505903885     
   14.478490091812070        23.355030472812199     
   13.984325300854431        23.602742707253217     
   14.059318236945121        24.391420077452686     
   14.541848650614213        24.638101236345751     
   14.491599609621209        25.312319169448532     
   13.933237171595733        25.578162989298047     
   14.026081405853619        26.363170216551389     
   14.494156320512435        26.581587112010734     
   14.458199514894133        27.342454203360688     
   13.983369339450491        27.587296782112507     
   14.071402871648729        28.368452657081647     
   14.470554687174312        28.616433968149366     
   14.414961379053684        29.391668253639875     
   14.067627812080907        29.590000152836474     
   14.012129769092537        30.400714099449907     
   14.484614329667249        30.654577974325086     
   14.543283294677353        31.397483583417170     
   13.999999999999993        31.654976030537977     
   14.000000000000000        32.375000000000000     
   13.500000000000000        32.625000000000000     
   15.500000000000000       0.62500000000000000     
   15.500000000000000        1.4173526289779579     
   15.064555111869982        1.6484320738888472     
   15.000000000000000       0.37500000000000000     
   15.057961052036603        2.4027510853965133     
   15.574125678453038        2.7060245463201178     
   15.523198400583880        3.4090145805176468     
   15.049343108176036        3.6567186777251295     
   15.008831443231211        4.4007624619507109     
   15.536158820044449        4.6731497861106712     
   15.545585884437495        5.4255056229150194     
   15.016618816072830        5.6911934175278596     
   14.943778469962723        6.2782240065255559     
   15.465092173040853        6.6504650588523617     
   15.431057671933351        7.3809201987261153     
   15.045669515098581        7.5946735769206022     
   15.012158218447270        8.4020443354135548     
   15.424375877073448        8.6115490281427043     
   15.543248490050729        9.4100189896371127     
   15.000023933622828        9.6775443374338721     
   14.925506888190666        10.368684447249819     
   15.444817479376935        10.612395599064575     
   15.544584320811420        11.394714464851514     
   14.977774124168038        11.661842542332817     
   14.925979774047955        12.371683294080659     
   15.582593991263566        12.654569299002373     
   15.550068583900902        13.440326340831641     
   15.056785869718603        13.696072749750869     
   14.988551152502351        14.325144421885543     
   15.410905315729503        14.619504287185240     
   15.462095640506082        15.341317543798164     
   14.957317369579222        15.592887577075135     
   14.929292540914750        16.405818549108680     
   15.421750459935168        16.573365998451944     
   15.576260891753762        17.391763663902623     
   14.970084493938522        17.654127825924185     
   15.000078434313030        18.369316906801579     
   15.407952318256783        18.560455373087212     
   15.482129594658135        19.368085156479570     
   14.985807387179062        19.618746966693934     
   14.944082900778879        20.404686977530119     
   15.471408284257445        20.607887048866591     
   15.567355773792386        21.381114156789323     
   14.947665962393458        21.642562757934119     
   14.966712314834444        22.351446838360083     
   15.413095899151381        22.551519587831802     
   15.478134607704364        23.399232353636148     
   15.038666096891610        23.633243694103740     
   14.990441757012897        24.398524696367964     
   15.475572672272287        24.636857161630520     
   15.549284787039433        25.416698599641819     
   15.006650145226999        25.681350467614390     
   14.945544106107977        26.340664797049087     
   15.428891859305470        26.604602177375131     
   15.492543933463484        27.330808682523411     
   14.926324137243851        27.588882969195470     
   14.979101945056605        28.361538464335688     
   15.546404835652501        28.592211336400659     
   15.500468567529028        29.316818343213559     
   14.926446445064157        29.585171339360404     
   15.068456356077808        30.394177173240426     
   15.508359464835451        30.581588792959263     
   15.481423283748214        31.363711944881800     
   15.000000000000000        31.609992521838315     
   15.000000000000000        32.375000000000000     
   14.500000000000000        32.625000000000000     
   16.500000000000000       0.62500000000000000     
   16.500000000000000        1.4362417914875132     
   16.090697424761689        1.6583435141071017     
   16.000000000000000       0.37500000000000000     
   16.069160159178036        2.4529535525584252     
   16.511691940130120        2.6774923861318309     
   16.576433724888297        3.3753835218376547     
   15.931444955607715        3.6323703197065869     
   16.057717849942527        4.4185868578598555     
   16.542026131083102        4.5857562910690541     
   16.535780817693549        5.3878825375667860     
   16.005057914214582        5.6437548846124113     
   16.045242417695817        6.3842510105937000     
   16.457595967797111        6.6059834674629982     
   16.473075377269677        7.3390459929631273     
   15.959281595087297        7.5905575485076016     
   16.038655553836229        8.3523630656933321     
   16.447908277111924        8.5830245797222151     
   16.420340446070483        9.2978533743277865     
   15.934423039937911        9.5452016242001072     
   16.020640873740774        10.353727975269493     
   16.446761462954690        10.564144711356430     
   16.437606935237991        11.381089490136452     
   16.037603627941373        11.600161918103860     
   16.000734426444897        12.427968041304588     
   16.561552622163155        12.672219385019135     
   16.582371017271370        13.392918707566039     
   15.972237088999044        13.654496804314221     
   16.068892594372439        14.363849383839206     
   16.400032199534085        14.562456961947005     
   16.400037256272679        15.381109614906718     
   16.046787275864443        15.581694185627667     
   15.984799457330976        16.303449407591525     
   16.481948973038328        16.666969705652317     
   16.430076118560972        17.404517668273723     
   16.069789280789863        17.609805676974055     
   15.996343555430595        18.285957725761449     
   16.426851071229535        18.647419798867997     
   16.405373434193955        19.302621123246933     
   15.948394345555727        19.540948314562140     
   15.990647753468826        20.355642589185553     
   16.541900836904993        20.613719932772472     
   16.482312497183322        21.368494546233411     
   16.007235453444583        21.617767740327675     
   15.959478881185779        22.288381280451119     
   16.444720391852183        22.622958059503556     
   16.415198540453130        23.282651565886972     
   15.911971405574148        23.535860639239413     
   16.042706068536297        24.378118753944488     
   16.409407161829471        24.533359912787418     
   16.466312043407623        25.383513487032200     
   16.029637164056862        25.614566611747705     
   16.030030545498853        26.341325801440725     
   16.415301432722323        26.605269843120304     
   16.419306585697651        27.333107927175977     
   15.970263805262087        27.570141441114860     
   15.924613936495135        28.380749797598824     
   16.426376765976123        28.579511758979301     
   16.543958245935716        29.361171596773314     
   15.928170269670687        29.625454860089508     
   15.924780995487115        30.356618393161497     
   16.415004116878951        30.545448041819547     
   16.508619647553601        31.381211170370193     
   16.000000000000007        31.632436115060230     
   16.000000000000000        32.375000000000000     
   15.500000000000000        32.625000000000000     
   17.500000000000000       0.62500000000000000     
   17.500000000000000        1.3893705570139754     
   17.025620135564388        1.6318231104260534     
   17.000000000000000       0.37500000000000000     
   17.085346997801924        2.4189627764582449     
   17.470166990235079        2.6227157581536296     
   17.499141093581184        3.3570442145212418     
   16.956385701607054        3.6175833485525546     
   16.923434472545040        4.3741727601572364     
   17.522267286657577        4.6090508076174892     
   17.540527056428303        5.4349654823851914     
   17.056810572229509        5.6829779793645105     
   17.014659253467453        6.3406410694128779     
   17.412780905356545        6.6163072652031234     
   17.452494250720832        7.3602007029177878     
   16.994016348327236        7.5994017707593553     
   16.962544260111194        8.3258540560860776     
   17.414116378792073        8.5841950541807588     
   17.452990296185817        9.3786467987037749     
   17.012974264105278        9.6139005991571107     
   16.952113220868792        10.307615606403139     
   17.488615996956291        10.646495819186860     
   17.454095359717158        11.373601502924384     
   17.030923389194768        11.601225553196880     
   17.041017918285299        12.428517147092458     
   17.498382021303883        12.637934541821366     
   17.552895698339331        13.405484286838718     
   16.998164091670148        13.667577326790688     
   16.971398159437125        14.295777703296555     
   17.433928121088094        14.610064894718800     
   17.405206639333183        15.315386163501692     
   16.965701299045769        15.548837305203191     
   17.050385353881168        16.400219555621437     
   17.579082300935617        16.639555756487063     
   17.513233104813615        17.422574079170754     
   17.084883121573164        17.653663986776252     
   17.085478428943318        18.376549836604639     
   17.555534739262200        18.735906635493233     
   17.461933599272324        19.404697373748665     
   17.073877509616487        19.625863674051043     
   16.975167780214054        20.376076629676987     
   17.489801828436349        20.669016958053568     
   17.548488741720551        21.417728746448827     
   17.030298139606863        21.671195674096669     
   17.021871074247077        22.354549451425655     
   17.528917576898110        22.672241420059240     
   17.467393286792667        23.394495136331230     
   17.035196480564530        23.631870633503933     
   16.952891390082275        24.264052562778744     
   17.474556318722470        24.672337290866423     
   17.424089992659269        25.270872566792988     
   16.905743425379661        25.530211623492399     
   17.020596035758064        26.342069766110260     
   17.549593895351855        26.599783404518803     
   17.455747229409283        27.276370543447999     
   16.930579804077162        27.542283131440193     
   16.973071645435834        28.322489003274239     
   17.439571922983554        28.559047972577719     
   17.423351420614832        29.393993691029110     
   17.045327363086905        29.606860105508730     
   16.964342820799505        30.275769558302304     
   17.466583594221962        30.665706129253344     
   17.421038551630147        31.339143495083956     
   17.000000000000000        31.566822314979401     
   17.000000000000000        32.375000000000000     
   16.500000000000000        32.625000000000000     
   18.500000000000000       0.62500000000000000     
   18.500000000000000        1.3799962339639844     
   18.009518805785724        1.6271726351936970     
   18.000000000000000       0.37500000000000000     
   18.020541468272722        2.3642337849359318     
   18.409105853583398        2.5843841345851408     
   18.460058269279251        3.3226332189233876     
   17.935843036278882        3.5756876626393854     
   17.963136684818508        4.3769697618389136     
   18.522778076997920        4.5883817728568017     
   18.521188664481553        5.3371317967739271     
   17.926227134168933        5.6014538101933891     
   18.057558646219174        6.3573346499734651     
   18.528989743768459        6.6048017807770520     
   18.428324663638723        7.3713384863287787     
   18.056153390327172        7.5826330626810190     
   18.014335730090426        8.3146775364444245     
   18.459241246011459        8.6577659917148573     
   18.411771269345639        9.4114007991977786     
   18.094539864939229        9.5954683985898370     
   18.043330008642613        10.377964742936625     
   18.446938127917715        10.647685646593269     
   18.492674269022615        11.354472969861609     
   17.968952480665404        11.606957894566865     
   18.024596694704211        12.385055767049510     
   18.421432070577374        12.566518279270117     
   18.491700267895190        13.402358090074021     
   18.040675733197254        13.639184568075281     
   18.014575992268668        14.339733105937164     
   18.413677779361361        14.608117132672236     
   18.440616214157679        15.355945442918715     
   17.996468516630770        15.590205001771313     
   17.969062980238398        16.422994644335731     
   18.510605166022877        16.626450012303380     
   18.583591952692128        17.427227682812010     
   18.027268154680232        17.684299626722879     
   18.081333871047228        18.469676438639649     
   18.535017495150154        18.647724504832290     
   18.587561999801128        19.389026481165107     
   17.948980123227692        19.648307652944940     
   18.091616104940897        20.407902886328884     
   18.454651572887510        20.567825285284204     
   18.479478142397411        21.409263148473606     
   18.058698471125592        21.635402151551780     
   18.036376454425252        22.414685767301403     
   18.521901195662537        22.667922434309137     
   18.544222219386910        23.410050713913890     
   18.028703415329048        23.661811247721097     
   18.058579731420714        24.401120718710956     
   18.551304885763187        24.668490551815683     
   18.507112282723007        25.396664237991050     
   18.013385880513063        25.654483305095280     
   17.924875492791909        26.384924004017890     
   18.593072947580755        26.688144335478167     
   18.578785263044953        27.418387677102313     
   18.001613607710581        27.691766125174805     
   17.947119704237625        28.301497727199266     
   18.446387947607441        28.618952184572436     
   18.442822650667221        29.328580637161412     
   17.961481695824418        29.573611523318963     
   18.059194374711581        30.396239897363351     
   18.495964911032615        30.599824086448848     
   18.485547004184880        31.368127656999985     
   17.999999999999975        31.614773215152301     
   18.000000000000000        32.375000000000000     
   17.500000000000000        32.625000000000000     
   19.500000000000000       0.62500000000000000     
   19.500000000000000        1.4061190323343835     
   19.043109470260912        1.6451204255958785     
   19.000000000000000       0.37500000000000000     
   19.016967285488271        2.3168928852188002     
   19.434438042648424        2.6340172546773797     
   19.403649654746939        3.3776299353648733     
   19.037343933765548        3.5850966605866770     
   18.953694045866232        4.3549799550848043     
   19.572451534849058        4.6940996308297391     
   19.535056011829298        5.3644715882173122     
   18.965777111263776        5.6355169044474156     
   18.925583690789679        6.3829448027532258     
   19.559671145025405        6.6311687389193263     
   19.556267728004183        7.3608648111273407     
   18.944175610383642        7.6250166486271764     
   19.054134262349219        8.3882604845151274     
   19.569340808589715        8.6161004392531968     
   19.492780486581076        9.4007587118408384     
   19.068060284876271        9.6310124442344787     
   19.092966176382102        10.386952306390750     
   19.531494889970553        10.704288841629714     
   19.459575253848818        11.357988935252804     
   19.017660409336180        11.596853684883122     
   18.976442084112396        12.303075676009460     
   19.523499504803741        12.678245308013805     
   19.447777706639428        13.292109651082860     
   18.945075112521558        13.550610879232506     
   19.034669644605106        14.347284544536882     
   19.517281765722295        14.616249256607910     
   19.433947414661599        15.320306183062696     
   18.987724451484343        15.559790207199383     
   18.999069171661105        16.380562292068042     
   19.431720003162528        16.583876424019497     
   19.503794120780633        17.385143756036893     
   19.010247258503409        17.632307517226952     
   19.019190826318230        18.402992413635040     
   19.468741472111574        18.612916429220611     
   19.525637805660111        19.383733451405426     
   18.979739102341945        19.644734618785698     
   18.947615200473951        20.318267970598058     
   19.567646529604300        20.664467075646531     
   19.479103192758920        21.376696756774734     
   19.050370690717525        21.610143623223607     
   19.059989699822253        22.411077696937799     
   19.476710192480972        22.639774924556328     
   19.513653662827622        23.378190420305017     
   18.993854468851112        23.630541185023620     
   19.022380461182468        24.424554685903313     
   19.545008869252868        24.633452425506135     
   19.559959794041347        25.448461326837560     
   19.073718590110946        25.695695559557752     
   19.047959359640554        26.449511511489742     
   19.502724105354236        26.665912117218934     
   19.581531273444057        27.371702037557228     
   18.915221300487985        27.624598829047098     
   19.018991415501670        28.356867859516772     
   19.062886553803523        29.626311820809196     
   19.561871807617667        28.592399107379311     
   19.468054254071525        29.399891909658848     
   18.985784858870751        30.346207676377620     
   19.578679478939062        30.723244486723107     
   19.519433746788618        31.363104485946039     
   19.000000000000000        31.623459144935310     
   19.000000000000000        32.375000000000000     
   18.500000000000000        32.625000000000000     
   20.500000000000000       0.62500000000000000     
   20.500000000000000        1.4397206259903652     
   20.092911640170488        1.6614784562940748     
   20.000000000000000       0.37500000000000000     
   20.059864105299848        2.3577404552904637     
   20.483978311463030        2.6857676116587310     
   20.451775811218575        3.3397843873998174     
   19.984860964871331        3.5819240384627591     
   20.051317494750705        4.4481383194786375     
   20.555488459334153        4.6319209704587188     
   20.577033260696521        5.3812872035785615     
   19.950046817551314        5.6447327778441645     
   19.976067493198325        6.4070703238159901     
   20.512342487406986        6.5917942923252193     
   20.555691285864302        7.4271810566607330     
   20.018717225744165        7.6912695787049907     
   19.948893387129662        8.4018327499928631     
   20.442908068544259        8.6208856836461756     
   20.581267481094045        9.4256999480307133     
   20.032689194238298        9.6839711783281857     
   20.063425615212214        10.439963455634400     
   20.412818401013215        10.597946728730426     
   20.563389279061447        11.419754863295010     
   20.034997080668788        11.677402263522852     
   20.026751894455348        12.419172352246351     
   20.504872369545929        12.644683055782277     
   20.552597952666922        13.443581183739390     
   20.043862966723392        13.702280078890821     
   19.967571171212608        14.371111883509986     
   20.551792471791444        14.691538821390266     
   20.544000506808487        15.374963497840993     
   19.975326414814091        15.638313032234116     
   19.984858238576674        16.325609285391934     
   20.542220841059503        16.646802915681238     
   20.455412462759536        17.329853517104517     
   19.996955935057429        17.574331498858182     
   20.007135920126906        18.356764236059956     
   20.485493621360877        18.620718251921801     
   20.466913645433198        19.329924633431624     
   19.956981196846744        19.582517330398883     
   19.988799908039674        20.433963706723091     
   20.404325920884684        20.564921834755332     
   20.600670371289130        21.440377847139036     
   20.051780381116487        21.702817536445821     
   20.050197542754212        22.377680057559992     
   20.558522563170506        22.699506249784886     
   20.499656025982055        23.290126533653162     
   19.907357146819287        23.563791176289168     
   19.990009615507674        24.399624821792717     
   20.541341982855894        24.571428899986479     
   20.543311162442137        25.383851207115633     
   19.992049339854969        25.642452181931727     
   20.070921184239456        26.407893579562273     
   20.509463749741663        26.621081111916222     
   20.496054287312255        27.437458253161459     
   20.052339424823888        27.680113281125582     
   19.937725674911007        28.376131561674789     
   20.579861735798556        28.716400260178123     
   20.578969863252699        29.398671467794603     
   19.993499317108135        29.661125009571915     
   20.078881719825375        30.468491630866158     
   20.521216460726791        30.621443989694143     
   20.590938205711758        31.420313550274042     
   19.999999999999964        31.683106614691908     
   20.000000000000000        32.375000000000000     
   19.500000000000000        32.625000000000000     
   21.500000000000000       0.62500000000000000     
   21.500000000000000        1.3494402524818838     
   20.959555960906389        1.6078152538936545     
   21.000000000000000       0.37500000000000000     
   21.091529254890201        2.4166469018096031     
   21.409510812242743        2.5582300766494166     
   21.492857601009181        3.3735890072615091     
   20.995714321259353        3.6226356004486893     
   20.984119237034466        4.4033350105870657     
   21.552248864801630        4.6420084531026973     
   21.553722477676061        5.3852621897043136     
   20.973002655806894        5.6524720569317308     
   20.948491701480890        6.3601486777327256     
   21.538445288169093        6.6289487409659209     
   21.514238934024391        7.4254001937114165     
   21.071410443994978        7.6601741275640283     
   21.050558966063935        8.3536526187915605     
   21.552534021399545        8.7256835205402634     
   21.467180574669058        9.3619766273037985     
   21.037811727907837        9.5965528012091870     
   21.030097752661128        10.332156225522960     
   21.497749772284276        10.673129408547934     
   21.432230647938084        11.282671228955929     
   20.930120810946253        11.539550841493448     
   21.032073340268148        12.391243235616122     
   21.435889748810350        12.553634029100779     
   21.493261096218291        13.344938380869332     
   20.949641735314881        13.601225467333435     
   21.071969675810170        14.436695347244749     
   21.511810140247011        14.592333714289190     
   21.548556845191889        15.401275492189441     
   20.998931679516954        15.661986655197943     
   20.976095201933589        16.410646806111206     
   21.500914714351001        16.624495916787033     
   21.561705660262668        17.387150843301050     
   20.968486244607998        17.648184538206458     
   20.992897822842544        18.368668964334315     
   21.453186753768307        18.581120895254426     
   21.485686041244048        19.355328965083615     
   20.968704936423290        19.609031310946293     
   20.956507795987328        20.301130036138083     
   21.410256120911658        20.571900740129742     
   21.410835851327779        21.378395156735039     
   21.048952134361141        21.581278645932287     
   21.051800070474968        22.445871143683327     
   21.510953739509944        22.653782947199662     
   21.572924484196584        23.403255549217214     
   20.962768349487042        23.675483746322936     
   20.909328175673000        24.364669135370249     
   21.534189985132095        24.626429429722609     
   21.539884540601296        25.355529402032520     
   20.942614982728145        25.618881201368339     
   20.982506785396829        26.378558086772983     
   21.416045193663962        26.549436182211032     
   21.504706066963919        27.350153625396153     
   20.947388783373736        27.609089479448585     
   21.101023475888756        28.460659510994507     
   21.566395009149289        28.610531326712000     
   21.578110492058634        29.430752565732554     
   21.027989986972745        29.693929217972265     
   20.993182613696401        30.377630292778633     
   21.485499918721295        30.638336781792013     
   21.515437487093902        31.384280290967517     
   20.999999999999996        31.636925006497606     
   21.000000000000000        32.375000000000000     
   20.500000000000000        32.625000000000000     
   22.500000000000000       0.62500000000000000     
   22.500000000000000        1.4374997592325087     
   22.069311744448818        1.6715355971016277     
   22.000000000000000       0.37500000000000000     
   21.995714688285901        2.2821418437996508     
   22.415941545708932        2.6419544902564747     
   22.403994383005482        3.3677907616518725     
   22.034825774589940        3.5742767727590037     
   22.002892209945848        4.4050855936648654     
   22.533903181795015        4.6593545883530538     
   22.549071740253723        5.3875217747813693     
   21.982976862437098        5.6497431213846827     
   21.980505177209810        6.3950487558911391     
   22.501511610730628        6.6123601638423688     
   22.537507590121344        7.3992301359432338     
   22.014770062700538        7.6517745540909008     
   22.071581549807565        8.4619645087643747     
   22.435843377830658        8.6027067124603409     
   22.580906053850228        9.3779687415927029     
   21.935457899398170        9.6352748168726325     
   22.036471702179245        10.407059577281737     
   22.525127731503318        10.582540071244770     
   22.526321262152308        11.426586814900084     
   22.035581557864415        11.681212195790190     
   21.962801852176586        12.289601699818746     
   22.464874013458136        12.656858130153259     
   22.437335744428289        13.340689577350219     
   21.983069376831377        13.580000322247288     
   21.950880126383868        14.359497072045563     
   22.506808438829168        14.619970300271204     
   22.509679549871276        15.406075140445731     
   22.037449894184810        15.649671336080933     
   22.010970169121364        16.371546711925951     
   22.487103494879992        16.644178577714047     
   22.495508056783958        17.388301604388385     
   22.012477315918304        17.635807844202958     
   21.974300941772245        18.324259953282887     
   22.416917241161642        18.597615796246785     
   22.448119253585162        19.380228700877215     
   22.025756742047744        19.607848461461725     
   21.984962909770392        20.303314187303190     
   22.545605818128070        20.702257078491144     
   22.455962591473451        21.289828487337129     
   21.954947669130902        21.551027352817272     
   22.043158898911731        22.399896583266312     
   22.512902818864447        22.601061278509025     
   22.506640130960001        23.320977352656321     
   21.913748749396547        23.584547905406964     
   21.982953798231474        24.391484788470144     
   22.506142070194016        24.563785931716737     
   22.528750866132505        25.341121349467109     
   21.916397837947983        25.605087048552267     
   21.932872831487590        26.297312332392085     
   22.449595686052000        26.556073538602504     
   22.417758383664491        27.314811427378892     
   21.958603752026278        27.554976475589005     
   21.946311579667192        28.400141448928736     
   22.586583697905077        28.628417565760550     
   22.571093494776143        29.349075663441774     
   21.914996895334628        29.613395648396374     
   22.035051748375611        30.380449553895307     
   22.477701923846318        30.554058754217596     
   22.480365031138636        31.368090072461246     
   22.000000000000000        31.612815058428630     
   22.000000000000000        32.375000000000000     
   21.500000000000000        32.625000000000000     
   23.500000000000000       0.62500000000000000     
   23.500000000000000        1.3367308092707617     
   22.936916862769305        1.5990721026270918     
   23.000000000000000       0.37500000000000000     
   23.084211170701241        2.3787836882036308     
   23.407882385889383        2.5486564163464309     
   23.419097776939388        3.3506838954221081     
   23.005765044269758        3.5734818897375416     
   23.034536032858593        4.4105737468040243     
   23.467022969382612        4.6096814553317582     
   23.526884208042308        5.3980889059246815     
   23.009002423513941        5.6523702503710362     
   22.987923964555407        6.3656175058006195     
   23.467961641195881        6.6171194137707436     
   23.494485043456933        7.3573772454708353     
   22.973551163615891        7.6100809413961565     
   23.004063677901886        8.3418531610086806     
   23.564501147315291        8.6531368023046280     
   23.461990824136436        9.3913524954304588     
   23.053133097949267        9.6219028797230362     
   22.954377827233657        10.348004905743380     
   23.457765049016473        10.643784312727000     
   23.522625572339944        11.418875624338604     
   23.053963044325471        11.659519693603551     
   23.063499665252611        12.387773969216864     
   23.518819223744558        12.673859069774679     
   23.483420437936154        13.348457270368042     
   22.981676582331517        13.601038146144566     
   22.987788640465919        14.375277733315581     
   23.578352631102728        14.648433117592294     
   23.518893322145718        15.425938974485245     
   23.080147104559689        15.661286299604930     
   23.051088707388502        16.379336246867823     
   23.538772088271184        16.704013185715649     
   23.496418608241598        17.377803451552193     
   23.021608574245498        17.623485259241772     
   23.021950505640909        18.332884821204480     
   23.524332360048781        18.677741145825760     
   23.441157059309191        19.324276964680042     
   22.995615748821582        19.564189269519797     
   23.031782055060766        20.446187469422359     
   23.467378080226979        20.606860030578822     
   23.577271589603832        21.374832267997284     
   22.922560730394434        21.632781930128090     
   22.952815100567278        22.368847450401613     
   23.553180414431754        22.588282383962135     
   23.520493965065853        23.390439491924806     
   22.995758033889501        23.654923177847632     
   22.924616720871690        24.335505288744631     
   23.481964563490628        24.628296936484130     
   23.502425359561570        25.375065731176644     
   22.977741869424218        25.634589548505748     
   22.926575211022197        26.307689439053476     
   23.546026620243836        26.655110765093994     
   23.470452463507950        27.416638150897668     
   23.074768247926997        27.638853156188869     
   22.982725564115849        28.407912645950027     
   23.587895824666976        28.718025068172636     
   23.587920386490705        29.421316043107076     
   22.987740628919621        29.698917288782877     
   22.924199121844680        30.315395638188786     
   23.547308596542369        30.666654903192260     
   23.493331473658600        31.358624913221593     
   23.000000000000000        31.610727466242686     
   23.000000000000000        32.375000000000000     
   22.500000000000000        32.625000000000000     
   24.500000000000000       0.62500000000000000     
   24.500000000000000        1.3939786958426734     
   24.011950045089147        1.6450759764777150     
   24.000000000000000       0.37500000000000000     
   23.957350736377737        2.2824412090118522     
   24.461555585716980        2.6413696784282927     
   24.414546749181877        3.3496301363563998     
   24.015839044913356        3.5688245387658961     
   24.006497967682378        4.3521928171888860     
   24.420005259128892        4.5953978932545221     
   24.456794799931718        5.3275815466414169     
   23.948670311406019        5.5771992421414467     
   24.007781197345242        6.3615014816654005     
   24.475592807024430        7.3060808090987335     
   23.924575842398841        7.5687993140459771     
   24.514468842962774        6.6000905920419752     
   23.969801352375899        8.4278710963596311     
   24.448355072570713        8.5599096703215913     
   24.589263295821382        9.4192964755356261     
   24.012469381522607        9.6789596429591711     
   24.070352927175325        10.384225834453956     
   24.458735851519840        10.613327289768703     
   24.449233913311293        11.351700511568023     
   23.996190377602375        11.588214337877597     
   24.047846825868934        12.415689765352482     
   24.589885845742224        12.658960511554959     
   24.540357029310577        13.426955609497062     
   24.056788647919475        13.679000156613974     
   23.993807094625428        14.420386243480502     
   24.512569531610005        14.667824606112845     
   24.584947642183735        15.458754197171331     
   24.078008933572878        15.709093815649917     
   24.083853491748656        16.440607762347728     
   24.560684191599414        16.696990901010636     
   24.553566280779421        17.450402306376361     
   24.078140029349846        17.696534805701777     
   24.032634244770772        18.414501449409759     
   24.542511588114664        18.693568397506692     
   24.556896329486321        19.448098999773666     
   24.063854889321142        19.699790205108858     
   24.013141805215909        20.342237446253094     
   24.519730640241914        20.694351545158540     
   24.475432595124719        21.374370741378062     
   24.005876033932200        21.622792388682580     
   23.930309415514451        22.376419353836972     
   24.534195777747403        22.652380040910465     
   24.552585232176337        23.386723625907155     
   23.984110904365416        23.646985290877684     
   24.017073503843843        24.372844541309291     
   24.482286283820802        24.605336227012284     
   24.478944582445081        25.399398169410439     
   24.042234569913767        25.632186678174605     
   24.001758728692437        26.412101649899192     
   24.466566609710782        26.633223290896503     
   24.555181344111304        27.369994982824259     
   23.939814197205749        27.630594785783650     
   24.101996663836324        28.463115289604595     
   24.426400889630983        28.560092891005226     
   24.582248577488944        29.401102191383078     
   23.983014554720448        29.663251546326503     
   24.015865714492929        30.422533575963467     
   24.451347203931554        30.588918630375176     
   24.556222087117266        31.402544038163473     
   24.000000000000014        31.662251425677020     
   24.000000000000000        32.375000000000000     
   23.500000000000000        32.625000000000000     
   25.500000000000000       0.62500000000000000     
   25.500000000000000        1.3751871978459556     
   25.003156506796973        1.6236833152387913     
   25.000000000000000       0.37500000000000000     
   25.026026646734294        2.3748274638610374     
   25.561876155032135        2.6617814176773504     
   25.496722011664978        3.3672474155917054     
   25.016625299802744        3.6164074455277926     
   25.016609667448350        4.3314780954672596     
   25.552038090531887        4.6917846204239559     
   25.465289788020584        5.2562623413554652     
   24.906969992380713        5.5325882994157158     
   24.942521634707141        6.3705646926212207     
   25.450650395300102        6.5437128109861424     
   25.521236541012136        7.4395141868273154     
   25.048076561523452        7.6905422005607207     
   24.961301124864473        8.2948203334156574     
   25.485523857235929        8.6774714239791582     
   25.460794507908989        9.3202172453977283     
   24.949496510361907        9.5735541707718514     
   24.998728726068958        10.355609632910115     
   25.416861466082228        10.554966157233263     
   25.458505830173145        11.366068972422934     
   25.004751827133539        11.602754008539838     
   24.994794579476704        12.437389241212038     
   25.443011004798766        12.604743348966132     
   25.588025023195826        13.386686712965334     
   24.945320517570366        13.644770300822470     
   25.069709169857855        14.409660150802805     
   25.516485865339074        14.588256238415536     
   25.506470260029381        15.425943235277211     
   25.076440821020476        15.655214973305059     
   25.076933443721927        16.442788551093656     
   25.574988771968851        16.702687351913376     
   25.565124687483429        17.369244607781066     
   24.954256133560143        17.634842782335078     
   25.087336042547353        18.435279757346709     
   25.491324424930234        18.585577482058508     
   25.537869395932759        19.450406745919810     
   25.091955867623369        19.684662756483974     
   25.082252913298781        20.426466529519772     
   25.532150662083502        20.693462803386961     
   25.534203995935108        21.376147483291746     
   24.984143195053687        21.634867809845428     
   25.023058105030415        22.406708495670131     
   25.487300753574416        22.603718136166858     
   25.528218223369329        23.413060723472050     
   25.028288297150912        23.664795512820540     
   24.989159695664512        24.350791658393188     
   25.576628304926327        24.696898426381143     
   25.507150587234197        25.364944658298501     
   25.016240976550115        25.617754964561566     
   25.044180750478553        26.373298405799861     
   25.421102768859633        26.594825112089509     
   25.454568186958035        27.329459887785930     
   24.946618674610782        27.580988775136063     
   24.935329137774449        28.306024275269838     
   25.466146199237357        29.275154779748185     
   24.913024934924827        29.545039484487486     
   25.543250291705075        28.626103448857634     
   24.971467696085242        30.336584887427719     
   25.419734633752594        30.534916517639839     
   25.445985905126037        31.357422380014871     
   25.000000000000000        31.591460760961798     
   25.000000000000000        32.375000000000000     
   24.500000000000000        32.625000000000000     
   26.500000000000000       0.62500000000000000     
   26.500000000000000        1.4193634482522635     
   26.058549843044027        1.6542112971610787     
   26.000000000000000       0.37500000000000000     
   26.009652730407648        2.4215727898154462     
   26.572236246125939        2.6940391688599168     
   26.577471764270971        3.3806489223406442     
   25.958296097790026        3.6440331503072887     
   26.016179324006725        4.4428794485954182     
   26.478164327926027        4.5857043418172339     
   26.584686526034254        5.4015759096948193     
   25.951284164926221        5.6720770295205396     
   25.913192490882054        6.3023281803050848     
   26.516890101782536        6.6213360599888729     
   26.467114107072103        7.2867882818514813     
   25.895457141209235        7.5585181769483540     
   26.088174607012881        8.4070074621238913     
   26.404780969689362        8.5252256095003514     
   26.492129728825859        9.3821069087467528     
   26.001173662837594        9.6321504744871316     
   25.959131470602284        10.293116087391878     
   26.451231565562964        10.622130523321637     
   26.415757281135413        11.381286337758095     
   26.051639260931310        11.586175300422180     
   26.016285892581234        12.337784670057285     
   26.432666491856757        12.626020739333629     
   26.440727999715762        13.335657090663050     
   25.965401155803661        13.579971621411881     
   25.937630968929970        14.361415398983773     
   26.434924512935062        14.576658862198343     
   26.510721665793085        15.359432073558764     
   25.962579345044812        15.615932808288989     
   26.075705889072040        16.452159138959367     
   26.509571782955362        16.599446738939683     
   26.572831116984286        17.450857654973156     
   26.041924053473622        17.714888776257865     
   25.972990406756125        18.334993842279275     
   26.415202765978236        18.616037686455432     
   26.484542993055527        19.357079786905100     
   25.976376530271860        19.607451484430150     
   26.087847449039657        20.433869452543309     
   26.429750067340201        20.577071735828579     
   26.528906719786665        21.401293737805183     
   26.013635787625255        21.656098637958205     
   25.985454229279831        22.353408303212760     
   26.496223779895217        22.638346905467099     
   26.485219123543555        23.391994810038490     
   26.036894316363085        23.627446519128679     
   26.038731639879245        24.452773643637318     
   26.469704247443609        24.630407343151258     
   26.587574808220293        25.391723156629215     
   25.953130374738830        25.650223568876211     
   26.005455503641098        26.334688216570022     
   26.450306777850109        26.576197214609074     
   26.419923797144971        27.331652038597372     
   25.979462873618800        27.565995325109430     
   25.951682542550341        28.400424643953471     
   26.415225991532324        28.578907275160734     
   26.563628673498663        29.397868706276512     
   25.970977624218328        29.670072754087286     
   25.924142584537254        30.280469175877183     
   26.418405620141922        30.586961143575628     
   26.417083265929172        31.346178623666315     
   26.000000000000000        31.570710325764384     
   26.000000000000000        32.375000000000000     
   25.500000000000000        32.625000000000000     
   27.500000000000000       0.62500000000000000     
   27.500000000000000        1.3342555263151894     
   26.936117820807315        1.5955658199255329     
   27.000000000000000       0.37500000000000000     
   27.070323674564950        2.4442502574808582     
   27.569568744813463        2.6021698861095515     
   27.571076571441829        3.4171381078248757     
   27.006689285626521        3.6849643775410548     
   26.961867191928484        4.3367419463148940     
   27.522437836571413        4.6553181051057706     
   27.489917528397022        5.3164175224804282     
   26.929763166391108        5.5803072184111038     
   26.965703050774682        6.3837786732066943     
   27.455540875248904        6.5588388884589834     
   27.523381444132482        7.3759904835146264     
   26.960340134714720        7.6418598797626558     
   26.916451643385251        8.2694724801922010     
   27.452414647090521        8.6031165066213351     
   27.407897147431019        9.3577279279504140     
   27.027580056459300        9.5692883192758238     
   27.015686824647791        10.355389877076130     
   27.514599716542119        10.658915736014452     
   27.473632933039152        11.322864779134322     
   26.952773353303641        11.580339699568562     
   27.045210094687768        12.363435788775668     
   27.495686671559564        12.601941550116631     
   27.441507036323721        13.355863415859702     
   27.011262528799417        13.587990230719917     
   26.979366678351489        14.316195519688518     
   27.440731893576228        14.612998412889970     
   27.431194630587136        15.299306533627441     
   26.926241963004017        15.550194278004600     
   26.955204231855657        16.365883072096402     
   27.404406115697284        16.537715891232395     
   27.499823643298043        17.333405975499861     
   26.921511416249196        17.593816039366217     
   27.060990541913981        18.358547381428728     
   27.530776564477726        18.603577662990936     
   27.439761324680799        19.284700824396264     
   26.945094420999901        19.541457452673917     
   26.970497545730197        20.320982875287967     
   27.458366866293378        20.578804549028298     
   27.427483966616407        21.381279747152455     
   27.047884582257648        21.592260715405835     
   27.025618742727868        22.379693267604726     
   27.491009158660940        22.650231893358601     
   27.497071965750600        23.331229082601116     
   26.933244452034785        23.591270975021164     
   27.029945882777753        24.371978480801097     
   27.056383260097210        25.642042023925271     
   27.574219908178563        24.613969862519905     
   27.485625354826222        25.405163163207789     
   26.975471144684438        26.309964177456571     
   27.561922053813621        26.727409783531517     
   27.488436886990566        27.333668825921890     
   26.985120289806343        27.592310336760406     
   26.983693851060231        28.316201400084761     
   27.521544238007028        28.648079537120935     
   27.439204492743386        29.331854762380722     
   27.000770149450009        29.568918500921153     
   26.992950781568808        30.322105710683189     
   27.497884876019473        30.643015787242391     
   27.435000157172588        31.338043401348877     
   27.000000000000000        31.571896397718483     
   27.000000000000000        32.375000000000000     
   26.500000000000000        32.625000000000000     
   28.500000000000000       0.62500000000000000     
   28.500000000000000        1.3599859144849233     
   27.967738146467486        1.6194641025376237     
   28.000000000000000       0.37500000000000000     
   27.935101803746072        2.3972829461162268     
   28.547456748251005        2.6246138569121382     
   28.565351680487442        3.3723181846822468     
   27.949640082594726        3.6341747417362709     
   28.019739541885055        4.4046493804150249     
   28.514623798866872        4.5898149773531181     
   28.529727175405977        5.4369382392504058     
   28.042583275534810        5.6914322348249442     
   27.961855430093912        6.2986880763098849     
   28.554925738180724        6.7222063185084293     
   28.479541210164559        7.3623332830535126     
   28.021135540413578        7.6073759586479284     
   27.986095282418756        8.3397403741457783     
   28.503226538963293        8.6505184868670248     
   28.472714685062371        9.3255359255318684     
   27.953315152994762        9.5811335712880581     
   28.024585319014168        10.404337258484126     
   28.459665793887147        10.574624826068121     
   28.520006785359165        11.366736538597388     
   27.960704940801186        11.627331868511332     
   27.951148922552242        12.361691250869935     
   28.577049350387135        12.634223599567802     
   28.521230260069402        13.403819218546865     
   28.046725529536705        13.650908100103443     
   28.023361804042743        14.344664219699901     
   28.562187686695825        14.711904286657633     
   28.475047334659163        15.361468169259826     
   28.016373271670698        15.610124911969034     
   27.949602394319239        16.271280990980145     
   28.476735707815141        16.657665990029397     
   28.417239268755772        17.317827843830987     
   27.970657589372120        17.557254236441416     
   27.922986594749307        18.383381539141006     
   28.416730959320510        18.576146230801491     
   28.547757296009131        19.355429642528684     
   27.918375814144358        19.616955390662458     
   27.940436735315664        20.332719104158670     
   28.502920140895149        20.572788383803516     
   28.472985660508460        21.297457333188607     
   27.903558192604827        21.563013902902327     
   28.047876218771631        22.389648544653362     
   28.499306536796954        22.560372387309471     
   28.490852786159426        23.383687211394065     
   28.002598345106254        23.635126329948761     
   27.936208854854737        24.407416255889249     
   28.539760669641012        24.649659662442211     
   28.581231494697022        25.368439508059410     
   27.912541932581803        25.625343695701403     
   28.092530723938257        26.458393100082532     
   28.591068482544596        26.587281681427736     
   28.593974430570750        27.385350825182297     
   27.950212235733943        27.649632270632878     
   27.983569622115027        28.403064659709202     
   28.478260420052116        28.578735103046377     
   28.540584136183636        29.359740585064372     
   27.938542624574982        29.619520273938829     
   27.998410483968243        30.388665924337879     
   28.524962943040837        30.587513579246099     
   28.519221898511500        31.381432757495226     
   27.999999999999996        31.636236487308103     
   28.000000000000000        32.375000000000000     
   27.500000000000000        32.625000000000000     
   29.500000000000000       0.62500000000000000     
   29.500000000000000        1.3844550733778327     
   29.009009691468940        1.6335770903265832     
   29.000000000000000       0.37500000000000000     
   28.980196726935951        2.3939894047830834     
   29.492602528039193        2.6269786297423465     
   29.537864806529665        3.3545804204967737     
   28.926563004402237        3.6175872965843929     
   28.938545519214898        4.3632387664199843     
   29.536238421853653        4.5881530575013709     
   29.518115123776440        5.3477950567476693     
   28.953837170294850        5.6104676188090874     
   29.079334187651028        6.4577731183556457     
   29.590171887442523        6.6205205059107826     
   29.587430574469838        7.3676458238139046     
   28.928431466551256        7.6291830462665793     
   29.024644348749366        8.3939744493052206     
   29.444288259191261        8.5486497137686523     
   29.504089164330583        9.3413543117514841     
   28.932280990482798        9.6015828948853645     
   28.946763754633949        10.329317795079895     
   29.483145617803000        10.576521347631617     
   29.460293757759199        11.343420237070454     
   28.977030244305219        11.590488657263560     
   28.963953027838397        12.419554286690722     
   29.408777248248903        12.577383998582217     
   29.581394617883387        13.388067198790761     
   28.964407068579380        13.649481902033898     
   29.051520942878962        14.456261644197198     
   29.424415470791715        14.572121720388244     
   29.591928535115134        15.398646235625142     
   28.971597376801004        15.659776510511840     
   29.029688702762556        16.391334318484059     
   29.532636705842460        16.615069744563762     
   29.505511103107260        17.378351991576764     
   29.005316152504911        17.630935147608454     
   28.984712769039408        18.311937186139847     
   29.409540172475239        18.592271335123371     
   29.413584314833624        19.405042095157022     
   29.055977309551867        19.609990266247852     
   28.950426067285285        20.329737055570295     
   29.454576447154331        20.645310815177240     
   29.503964408281792        21.393416059991495     
   28.995128193701049        21.651521677928603     
   28.921976441544459        22.330041453764164     
   29.456331945373829        22.615312831607561     
   29.499322622244236        23.436732520473544     
   29.083736000656817        23.662262625893636     
   29.033739100617456        24.398819731116777     
   29.508396592450151        24.679172566427720     
   29.534340788614692        25.443704641253071     
   29.038797147866113        25.702977419978968     
   28.933041172397065        26.389208351121773     
   29.515705826787844        26.675287449901028     
   29.582932814782051        27.417913862767783     
   28.989222503129966        27.686090634234048     
   28.952511569812373        28.334030387843359     
   29.500410524638511        29.330334003121202     
   28.956771866840722        29.598343549233999     
   29.564721939157586        28.665659805085756     
   28.932415234624155        30.365925522611189     
   29.527531247527815        30.610317177264019     
   29.525786674849485        31.384641661101110     
   29.000000000000046        31.640665678518317     
   29.000000000000000        32.375000000000000     
   28.500000000000000        32.625000000000000     
   30.500000000000000       0.62500000000000000     
   30.500000000000000        1.3803331056863204     
   30.009228596251795        1.6277846139786945     
   30.000000000000000       0.37500000000000000     
   30.014111818458520        2.3735758849534614     
   30.483889653490785        2.6235188055605660     
   30.487032190592124        3.3569419304377286     
   29.968273462748424        3.6138350550278160     
   29.929197217654931        4.3715171032147460     
   30.463268302603193        4.5932509552593146     
   30.537277341031849        5.4499274993139597     
   30.062745929896085        5.6999055938321641     
   29.973088189808056        6.4053642215368507     
   30.503845713241915        6.6742078439586843     
   30.583879387606881        7.4340827859108431     
   30.002741628587746        7.7071470308526777     
   29.940859775229789        8.2941018963329949     
   30.470516434756334        8.6394094926361316     
   30.446962231445383        9.3195470961413278     
   29.947746257263741        9.5714409907933753     
   29.931567714696602        10.340119815571603     
   30.445447514194228        10.570276638322779     
   30.484882038929818        11.402364843786991     
   30.037731412040152        11.638856037183773     
   29.994669464138930        12.305941744110902     
   30.538190532216522        12.707556927344882     
   30.443103414644831        13.359159969676115     
   30.036042937426078        13.587184329671564     
   29.974670410189130        14.303787203743093     
   30.462998959571944        14.645724272005092     
   30.434276286144975        15.358309683605562     
   30.008944301828642        15.587754727475014     
   29.968505606185211        16.381926969575336     
   30.504997517462151        16.633337124296002     
   30.533292581768368        17.407420459636743     
   30.024538162950940        17.659312365478332     
   30.013335060445417        18.324392103438829     
   30.513466698055627        18.675213732094115     
   30.435009306080115        19.326698823586330     
   29.994141807554016        19.564857393444008     
   30.074111436915530        20.385716261960621     
   30.567031527912924        20.671598438991094     
   30.481207714072887        21.324772021313464     
   29.983746275641689        21.582079939708812     
   30.016799160415566        22.356759525554370     
   30.468625331590125        22.604274535700160     
   30.453910162056797        23.300900349863852     
   29.906718071486800        23.563949688232825     
   30.093830291999289        24.415337081360825     
   30.567173837599675        24.593162819469576     
   30.514327074974336        25.407030518580445     
   30.058372652843143        25.646486710002552     
   30.080935244296587        26.416237666982330     
   30.544486067553546        26.683445776939237     
   30.514998227438845        27.386899623475767     
   30.017476886273734        27.638517489957916     
   30.004481424635131        28.429477980640709     
   30.466941259087889        28.619366298737294     
   30.571281963617086        29.376365691118341     
   29.933692014026281        29.636392824696458     
   29.960447934237106        30.380535511100685     
   30.572819234483013        30.602991376369825     
   30.536757540975145        31.381303575548682     
   30.000000000000011        31.642030097308890     
   30.000000000000000        32.375000000000000     
   29.500000000000000        32.625000000000000     
   31.500000000000000       0.62500000000000000     
   31.500000000000000        1.3750000000000000     
   31.000993396011335        1.6245033019943320     
   31.000000000000000       0.37500000000000000     
   31.007364446491316        2.3685429981507218     
   31.497654322414334        2.6261728387928338     
   31.485478718003662        3.3677393590018312     
   30.997042233626516        3.6159673624535191     
   30.981526444564512        4.3392976747396377     
   31.493230040731678        4.6283849796341592     
   31.464191309608548        5.3570956548042750     
   31.000377762898815        5.5982437891910921     
   31.085790258638035        6.4154300171025955     
   31.499352661559801        6.6253236692200987     
   31.495639508632841        7.3728197543164207     
   31.003009249818941        7.6203584429659506     
   31.029204948218496        8.3766697895908298     
   31.496696588996748        8.6266517055015974     
   31.480353929986968        9.3651769649935126     
   30.992307030635750        9.6146003545861163     
   30.959391546985842        10.315704029809359     
   31.489567636797410        10.630216181601268     
   31.449785857108349        11.349892928554178     
   31.001925715151291        11.586201246832124     
   31.045311454173966        12.445784900930226     
   31.503695223326368        12.623152388336804     
   31.573693026864660        13.411846513432307     
   31.006128128673403        13.670442838418026     
   31.041495837912684        14.380185616454030     
   31.495723234604661        14.627138382697648     
   31.475482888084596        15.362741444042319     
   31.001418742657254        15.606295527797275     
   31.013531503434166        16.382653243530179     
   31.500181263808898        16.624909368095551     
   31.501283638908571        17.375641819454284     
   31.002711377576311        17.624561898509558     
   31.024689802767703        18.414955855216451     
   31.503703964093397        18.623148017953362     
   31.540568891172455        19.395284445586221     
   30.999389192985312        19.652955236987165     
   30.996335000542413        20.437317222499658     
   31.502872589172579        20.623563705413655     
   31.588071761175730        21.419035880587895     
   30.996268985178432        21.683244704045809     
   30.983975333882587        22.349020938908950     
   31.495753583790588        22.627123208104706     
   31.475630251444652        23.362815125722324     
   30.983843232720520        23.615434543976562     
   30.921857461031038        24.391384885716153     
   31.503939948692278        24.623030025653868     
   31.565738219496414        25.407869109748230     
   31.006529232716545        25.665457530607192     
   31.052415648794206        26.430689185075956     
   31.503893462824042        26.623053268587967     
   31.546267870133299        27.398133935066660     
   31.002720386165585        27.655049544553030     
   31.016914404846684        28.361237878727980     
   31.493909702924341        28.628045148537826     
   31.467125160773556        29.358562580386781     
   30.987850447071814        29.606986280459100     
   30.934270866975908        30.398845800707250     
   31.503863012257995        30.623068493871010     
   31.568823138163978        31.409411569081936     
   30.999999999999950        31.670327781087483     
   31.000000000000000        32.375000000000000     
   30.500000000000000        32.625000000000000     
   32.500000000000000       0.62500000000000000     
   32.500000000000000        1.3750000000000000     
   32.000000000000000        1.6250000000000000     
   32.000000000000000       0.37500000000000000     
   32.000000000000000        2.3750000000000000     
   32.500000000000000        2.6250000000000000     
   32.500000000000000        3.3750000000000000     
   32.000000000000014        3.6249999999999929     
   32.000000000000000        4.3750000000000000     
   32.500000000000000        4.6250000000000000     
   32.500000000000000        5.3750000000000000     
   32.000000000000007        5.6249999999999956     
   32.000000000000000        6.3750000000000000     
   32.500000000000000        6.6250000000000000     
   32.500000000000000        7.3750000000000000     
   32.000000000000000        7.6250000000000009     
   32.000000000000000        8.3750000000000000     
   32.500000000000000        8.6250000000000000     
   32.500000000000000        9.3750000000000000     
   31.999999999999996        9.6250000000000018     
   32.000000000000000        10.375000000000000     
   32.500000000000000        10.625000000000000     
   32.500000000000000        11.375000000000000     
   31.999999999999989        11.625000000000005     
   32.000000000000000        12.375000000000000     
   32.500000000000000        12.625000000000000     
   32.500000000000000        13.375000000000000     
   32.000000000000000        13.625000000000000     
   32.000000000000000        14.375000000000000     
   32.500000000000000        14.625000000000000     
   32.500000000000000        15.375000000000000     
   31.999999999999982        15.625000000000009     
   32.000000000000000        16.375000000000000     
   32.500000000000000        16.625000000000000     
   32.500000000000000        17.375000000000000     
   32.000000000000014        17.624999999999993     
   32.000000000000000        18.375000000000000     
   32.500000000000000        18.625000000000000     
   32.500000000000000        19.375000000000000     
   32.000000000000000        19.625000000000000     
   32.000000000000000        20.375000000000000     
   32.500000000000000        20.625000000000000     
   32.500000000000000        21.375000000000000     
   32.000000000000000        21.625000000000000     
   32.000000000000000        22.375000000000000     
   32.500000000000000        22.625000000000000     
   32.500000000000000        23.375000000000000     
   32.000000000000007        23.624999999999996     
   32.000000000000000        24.375000000000000     
   32.500000000000000        24.625000000000000     
   32.500000000000000        25.375000000000000     
   32.000000000000000        25.625000000000000     
   32.000000000000000        26.375000000000000     
   32.500000000000000        26.625000000000000     
   32.500000000000000        27.375000000000000     
   32.000000000000000        27.625000000000000     
   32.000000000000000        28.375000000000000     
   32.500000000000000        28.625000000000000     
   32.500000000000000        29.375000000000000     
   32.000000000000000        29.625000000000000     
   32.000000000000000        30.375000000000000     
   32.500000000000000        30.625000000000000     
   32.500000000000000        31.375000000000000     
   32.000000000000000        31.625000000000000     
   32.000000000000000        32.375000000000000     
   31.500000000000000        32.625000000000000     
   0.0000000000000000        0.0000000000000000     
   0.0000000000000000        0.0000000000000000     
   0.0000000000000000        0.0000000000000000     
   0.0000000000000000        0.0000000000000000     
   0.0000000000000000        0.0000000000000000     
   0.0000000000000000        0.0000000000000000     
   0.0000000000000000        0.0000000000000000     
   0.0000000000000000        0.0000000000000000     
   0.0000000000000000        0.0000000000000000     
   0.0000000000000000        0.0000000000000000     
   0.0000000000000000        0.0000000000000000     
   0.0000000000000000        0.0000000000000000     
   0.0000000000000000        0.0000000000000000     
   0.0000000000000000        0.0000000000000000     
   0.0000000000000000        0.0000000000000000     
   0.0000000000000000        0.0000000000000000     
   0.0000000000000000        0.0000000000000000     
   0.0000000000000000        0.0000000000000000     
   0.0000000000000000        0.0000000000000000     
   0.0000000000000000        0.0000000000000000     
   0.0000000000000000        0.0000000000000000     
   0.0000000000000000        0.0000000000000000     
   0.0000000000000000        0.0000000000000000     
   0.0000000000000000        0.0000000000000000     
   0.0000000000000000        0.0000000000000000     
   0.0000000000000000        0.0000000000000000     
   0.0000000000000000        0.0000000000000000     
   0.0000000000000000        0.0000000000000000     
   0.0000000000000000        0.0000000000000000     
   0.0000000000000000        0.0000000000000000     
   0.0000000000000000        0.0000000000000000     
   0.0000000000000000        0.0000000000000000     
   0.0000000000000000        0.0000000000000000     
   0.0000000000000000        0.0000000000000000     
   0.0000000000000000        0.0000000000000000     
   0.0000000000000000        0.0000000000000000     
   0.0000000000000000        0.0000000000000000     
   0.0000000000000000        0.0000000000000000     
   0.0000000000000000        0.0000000000000000     
   0.0000000000000000        0.0000000000000000     
   0.0000000000000000        0.0000000000000000     
   0.0000000000000000        0.0000000000000000     
   0.0000000000000000        0.0000000000000000     
   0.0000000000000000        0.0000000000000000     
   0.0000000000000000        0.0000000000000000     
   0.0000000000000000        0.0000000000000000     
   0.0000000000000000        0.0000000000000000     
   0.0000000000000000        0.0000000000000000     
   0.0000000000000000        0.0000000000000000     
   0.0000000000000000        0.0000000000000000     
   0.0000000000000000        0.0000000000000000     
   0.0000000000000000        0.0000000000000000     
   0.0000000000000000        0.0000000000000000     
   0.0000000000000000        0.0000000000000000     
   0.0000000000000000        0.0000000000000000     
   0.0000000000000000        0.0000000000000000     
   0.0000000000000000        0.0000000000000000     
   0.0000000000000000        0.0000000000000000     
   0.0000000000000000        0.0000000000000000     
   0.0000000000000000        0.0000000000000000     
   0.0000000000000000        0.0000000000000000     
   0.0000000000000000        0.0000000000000000     
   0.0000000000000000        0.0000000000000000     
   0.0000000000000000        0.0000000000000000     
   0.0000000000000000        0.0000000000000000     
   0.0000000000000000        0.0000000000000000     
   0.0000000000000000        0.0000000000000000     
   0.0000000000000000        0.0000000000000000     
   0.0000000000000000        0.0000000000000000     
   0.0000000000000000        0.0000000000000000     
   0.0000000000000000        0.0000000000000000     
   0.0000000000000000        0.0000000000000000     
   0.0000000000000000        0.0000000000000000     
   0.0000000000000000        0.0000000000000000     
   0.0000000000000000        0.0000000000000000     
   0.0000000000000000        0.0000000000000000     
   0.0000000000000000        0.0000000000000000     
   0.0000000000000000        0.0000000000000000     
   0.0000000000000000        0.0000000000000000     
   0.0000000000000000        0.0000000000000000     
   0.0000000000000000        0.0000000000000000     
   0.0000000000000000        0.0000000000000000     
   0.0000000000000000        0.0000000000000000     
   0.0000000000000000        0.0000000000000000     
   0.0000000000000000        0.0000000000000000     
   0.0000000000000000        0.0000000000000000     
   0.0000000000000000        0.0000000000000000     
   0.0000000000000000        0.0000000000000000     
   0.0000000000000000        0.0000000000000000     
   0.0000000000000000        0.0000000000000000     
   0.0000000000000000        0.0000000000000000     
   0.0000000000000000        0.0000000000000000     
   0.0000000000000000        0.0000000000000000     
   0.0000000000000000        0.0000000000000000     
   0.0000000000000000        0.0000000000000000     
   0.0000000000000000        0.0000000000000000     
   0.0000000000000000        0.0000000000000000     
   0.0000000000000000        0.0000000000000000     
   0.0000000000000000        0.0000000000000000     
   0.0000000000000000        0.0000000000000000     
   0.0000000000000000        0.0000000000000000     
   0.0000000000000000        0.0000000000000000     
   0.0000000000000000        0.0000000000000000     
   0.0000000000000000        0.0000000000000000     
   0.0000000000000000        0.0000000000000000     
   0.0000000000000000        0.0000000000000000     
   0.0000000000000000        0.0000000000000000     
   0.0000000000000000        0.0000000000000000     
   0.0000000000000000        0.0000000000000000     
   0.0000000000000000        0.0000000000000000     
   0.0000000000000000        0.0000000000000000     
   0.0000000000000000        0.0000000000000000     
   0.0000000000000000        0.0000000000000000     
   0.0000000000000000        0.0000000000000000     
   0.0000000000000000        0.0000000000000000     
   0.0000000000000000        0.0000000000000000     
   0.0000000000000000        0.0000000000000000     
   0.0000000000000000        0.0000000000000000     
   0.0000000000000000        0.0000000000000000     
   0.0000000000000000        0.0000000000000000     
   0.0000000000000000        0.0000000000000000     
   0.0000000000000000        0.0000000000000000     
   0.0000000000000000        0.0000000000000000     
   0.0000000000000000        0.0000000000000000     
   0.0000000000000000        0.0000000000000000     
   0.0000000000000000        0.0000000000000000     
   0.0000000000000000        0.0000000000000000     
   0.0000000000000000        0.0000000000000000     
   0.0000000000000000        0.0000000000000000     
   0.0000000000000000        0.0000000000000000     
   0.0000000000000000        0.0000000000000000     
   0.0000000000000000        0.0000000000000000     
   0.0000000000000000        0.0000000000000000     
   0.0000000000000000        0.0000000000000000     
   0.0000000000000000        0.0000000000000000     
   0.0000000000000000        0.0000000000000000     
   0.0000000000000000        0.0000000000000000     
   0.0000000000000000        0.0000000000000000     
   0.0000000000000000        0.0000000000000000     
   0.0000000000000000        0.0000000000000000     
   0.0000000000000000        0.0000000000000000     
   0.0000000000000000        0.0000000000000000     
   0.0000000000000000        0.0000000000000000     
   0.0000000000000000        0.0000000000000000     
   0.0000000000000000        0.0000000000000000     
   0.0000000000000000        0.0000000000000000     
   0.0000000000000000        0.0000000000000000     
   0.0000000000000000        0.0000000000000000     
   0.0000000000000000        0.0000000000000000     
   0.0000000000000000        0.0000000000000000     
   0.0000000000000000        0.0000000000000000     
   0.0000000000000000        0.0000000000000000     
   0.0000000000000000        0.0000000000000000     
   0.0000000000000000        0.0000000000000000     
   0.0000000000000000        0.0000000000000000     
   0.0000000000000000        0.0000000000000000     
   0.0000000000000000        0.0000000000000000     
   0.0000000000000000        0.0000000000000000     
   0.0000000000000000        0.0000000000000000     
   0.0000000000000000        0.0000000000000000     
   0.0000000000000000        0.0000000000000000     
   0.0000000000000000        0.0000000000000000     
   0.0000000000000000        0.0000000000000000     
   0.0000000000000000        0.0000000000000000     
   0.0000000000000000        0.0000000000000000     
   0.0000000000000000        0.0000000000000000     
   0.0000000000000000        0.0000000000000000     
   0.0000000000000000        0.0000000000000000     
   0.0000000000000000        0.0000000000000000     
   0.0000000000000000        0.0000000000000000     
   0.0000000000000000        0.0000000000000000     
   0.0000000000000000        0.0000000000000000     
   0.0000000000000000        0.0000000000000000     
   0.0000000000000000        0.0000000000000000     
   0.0000000000000000        0.0000000000000000     
   0.0000000000000000        0.0000000000000000     
   0.0000000000000000        0.0000000000000000     
   0.0000000000000000        0.0000000000000000     
   0.0000000000000000        0.0000000000000000     
   0.0000000000000000        0.0000000000000000     
   0.0000000000000000        0.0000000000000000     
   0.0000000000000000        0.0000000000000000     
   0.0000000000000000        0.0000000000000000     
   0.0000000000000000        0.0000000000000000     
   0.0000000000000000        0.0000000000000000     
   0.0000000000000000        0.0000000000000000     
   0.0000000000000000        0.0000000000000000     
   0.0000000000000000        0.0000000000000000     
   0.0000000000000000        0.0000000000000000     
   0.0000000000000000        0.0000000000000000     
   0.0000000000000000        0.0000000000000000     
   0.0000000000000000        0.0000000000000000     
   0.0000000000000000        0.0000000000000000     
   0.0000000000000000        0.0000000000000000     
   0.0000000000000000        0.0000000000000000     
   0.0000000000000000        0.0000000000000000     
   0.0000000000000000        0.0000000000000000     
   0.0000000000000000        0.0000000000000000     
   0.0000000000000000        0.0000000000000000     
   0.0000000000000000        0.0000000000000000     
   0.0000000000000000        0.0000000000000000     
   0.0000000000000000        0.0000000000000000     
   0.0000000000000000        0.0000000000000000     
   0.0000000000000000        0.0000000000000000     
   0.0000000000000000        0.0000000000000000     
   0.0000000000000000        0.0000000000000000     
   0.0000000000000000        0.0000000000000000     
   0.0000000000000000        0.0000000000000000     
   0.0000000000000000        0.0000000000000000     
   0.0000000000000000        0.0000000000000000     
   0.0000000000000000        0.0000000000000000     
   0.0000000000000000        0.0000000000000000     
   0.0000000000000000        0.0000000000000000     
   0.0000000000000000        0.0000000000000000     
   0.0000000000000000        0.0000000000000000     
   0.0000000000000000        0.0000000000000000     
   0.0000000000000000        0.0000000000000000     
   0.0000000000000000        0.0000000000000000     
   0.0000000000000000        0.0000000000000000     
   0.0000000000000000        0.0000000000000000     
   0.0000000000000000        0.0000000000000000     
   0.0000000000000000        0.0000000000000000     
   0.0000000000000000        0.0000000000000000     
   0.0000000000000000        0.0000000000000000     
   0.0000000000000000        0.0000000000000000     
   0.0000000000000000        0.0000000000000000     
   0.0000000000000000        0.0000000000000000     
   0.0000000000000000        0.0000000000000000     
   0.0000000000000000        0.0000000000000000     
   0.0000000000000000        0.0000000000000000     
   0.0000000000000000        0.0000000000000000     
   0.0000000000000000        0.0000000000000000     
   0.0000000000000000        0.0000000000000000     
   0.0000000000000000        0.0000000000000000     
   0.0000000000000000        0.0000000000000000     
   0.0000000000000000        0.0000000000000000     
   0.0000000000000000        0.0000000000000000     
   0.0000000000000000        0.0000000000000000     
   0.0000000000000000        0.0000000000000000     
   0.0000000000000000        0.0000000000000000     
   0.0000000000000000        0.0000000000000000     
   0.0000000000000000        0.0000000000000000     
   0.0000000000000000        0.0000000000000000     
   0.0000000000000000        0.0000000000000000     
   0.0000000000000000        0.0000000000000000     
   0.0000000000000000        0.0000000000000000     
   0.0000000000000000        0.0000000000000000     
   0.0000000000000000        0.0000000000000000     
   0.0000000000000000        0.0000000000000000     
   0.0000000000000000        0.0000000000000000     
   0.0000000000000000        0.0000000000000000     
   0.0000000000000000        0.0000000000000000     
   0.0000000000000000        0.0000000000000000     
   0.0000000000000000        0.0000000000000000     
   0.0000000000000000        0.0000000000000000     
   0.0000000000000000        0.0000000000000000     
   0.0000000000000000        0.0000000000000000     
   0.0000000000000000        0.0000000000000000     
   0.0000000000000000        0.0000000000000000     
   0.0000000000000000        0.0000000000000000     
   0.0000000000000000        0.0000000000000000     
   0.0000000000000000        0.0000000000000000     
   0.0000000000000000        0.0000000000000000     
   0.0000000000000000        0.0000000000000000     
   0.0000000000000000        0.0000000000000000     
   0.0000000000000000        0.0000000000000000     
   0.0000000000000000        0.0000000000000000     
   0.0000000000000000        0.0000000000000000     
   0.0000000000000000        0.0000000000000000     
   0.0000000000000000        0.0000000000000000     
   0.0000000000000000        0.0000000000000000     
   0.0000000000000000        0.0000000000000000     
   0.0000000000000000        0.0000000000000000     
   0.0000000000000000        0.0000000000000000     
   0.0000000000000000        0.0000000000000000     
   0.0000000000000000        0.0000000000000000     
   0.0000000000000000        0.0000000000000000     
   0.0000000000000000        0.0000000000000000     
   0.0000000000000000        0.0000000000000000     
   0.0000000000000000        0.0000000000000000     
   0.0000000000000000        0.0000000000000000     
   0.0000000000000000        0.0000000000000000     
   0.0000000000000000        0.0000000000000000     
   0.0000000000000000        0.0000000000000000     
   0.0000000000000000        0.0000000000000000     
   0.0000000000000000        0.0000000000000000     
   0.0000000000000000        0.0000000000000000     
   0.0000000000000000        0.0000000000000000     
   0.0000000000000000        0.0000000000000000     
   0.0000000000000000        0.0000000000000000     
   0.0000000000000000        0.0000000000000000     
   0.0000000000000000        0.0000000000000000     
   0.0000000000000000        0.0000000000000000     
   0.0000000000000000        0.0000000000000000     
   0.0000000000000000        0.0000000000000000     
   0.0000000000000000        0.0000000000000000     
   0.0000000000000000        0.0000000000000000     
   0.0000000000000000        0.0000000000000000     
   0.0000000000000000        0.0000000000000000     
   0.0000000000000000        0.0000000000000000     
   0.0000000000000000        0.0000000000000000     
   0.0000000000000000        0.0000000000000000     
   0.0000000000000000        0.0000000000000000     
   0.0000000000000000        0.0000000000000000     
   0.0000000000000000        0.0000000000000000     
   0.0000000000000000        0.0000000000000000     
   0.0000000000000000        0.0000000000000000     
   0.0000000000000000        0.0000000000000000     
   0.0000000000000000        0.0000000000000000     
   0.0000000000000000        0.0000000000000000     
   0.0000000000000000        0.0000000000000000     
   0.0000000000000000        0.0000000000000000     
   0.0000000000000000        0.0000000000000000     
   0.0000000000000000        0.0000000000000000     
   0.0000000000000000        0.0000000000000000     
   0.0000000000000000        0.0000000000000000     
   0.0000000000000000        0.0000000000000000     
   0.0000000000000000        0.0000000000000000     
   0.0000000000000000        0.0000000000000000     
   0.0000000000000000        0.0000000000000000     
   0.0000000000000000        0.0000000000000000     
   0.0000000000000000        0.0000000000000000     
   0.0000000000000000        0.0000000000000000     
   0.0000000000000000        0.0000000000000000     
   0.0000000000000000        0.0000000000000000     
   0.0000000000000000        0.0000000000000000     
   0.0000000000000000        0.0000000000000000     
   0.0000000000000000        0.0000000000000000     
   0.0000000000000000        0.0000000000000000     
   0.0000000000000000        0.0000000000000000     
   0.0000000000000000        0.0000000000000000     
   0.0000000000000000        0.0000000000000000     
   0.0000000000000000        0.0000000000000000     
   0.0000000000000000        0.0000000000000000     
   0.0000000000000000        0.0000000000000000     
   0.0000000000000000        0.0000000000000000     
   0.0000000000000000        0.0000000000000000     
   0.0000000000000000        0.0000000000000000     
   0.0000000000000000        0.0000000000000000     
   0.0000000000000000        0.0000000000000000     
   0.0000000000000000        0.0000000000000000     
   0.0000000000000000        0.0000000000000000     
   0.0000000000000000        0.0000000000000000     
   0.0000000000000000        0.0000000000000000     
   0.0000000000000000        0.0000000000000000     
   0.0000000000000000        0.0000000000000000     
   0.0000000000000000        0.0000000000000000     
   0.0000000000000000        0.0000000000000000     
   0.0000000000000000        0.0000000000000000     
   0.0000000000000000        0.0000000000000000     
   0.0000000000000000        0.0000000000000000     
   0.0000000000000000        0.0000000000000000     
   0.0000000000000000        0.0000000000000000     
   0.0000000000000000        0.0000000000000000     
   0.0000000000000000        0.0000000000000000     
   0.0000000000000000        0.0000000000000000     
   0.0000000000000000        0.0000000000000000     
   0.0000000000000000        0.0000000000000000     
   0.0000000000000000        0.0000000000000000     
   0.0000000000000000        0.0000000000000000     
   0.0000000000000000        0.0000000000000000     
   0.0000000000000000        0.0000000000000000     
   0.0000000000000000        0.0000000000000000     
   0.0000000000000000        0.0000000000000000     
   0.0000000000000000        0.0000000000000000     
   0.0000000000000000        0.0000000000000000     
   0.0000000000000000        0.0000000000000000     
   0.0000000000000000        0.0000000000000000     
   0.0000000000000000        0.0000000000000000     
   0.0000000000000000        0.0000000000000000     
   0.0000000000000000        0.0000000000000000     
   0.0000000000000000        0.0000000000000000     
   0.0000000000000000        0.0000000000000000     
   0.0000000000000000        0.0000000000000000     
   0.0000000000000000        0.0000000000000000     
   0.0000000000000000        0.0000000000000000     
   0.0000000000000000        0.0000000000000000     
   0.0000000000000000        0.0000000000000000     
   0.0000000000000000        0.0000000000000000     
   0.0000000000000000        0.0000000000000000     
   0.0000000000000000        0.0000000000000000     
   0.0000000000000000        0.0000000000000000     
   0.0000000000000000        0.0000000000000000     
   0.0000000000000000        0.0000000000000000     
   0.0000000000000000        0.0000000000000000     
   0.0000000000000000        0.0000000000000000     
   0.0000000000000000        0.0000000000000000     
   0.0000000000000000        0.0000000000000000     
   0.0000000000000000        0.0000000000000000     
   0.0000000000000000        0.0000000000000000     
   0.0000000000000000        0.0000000000000000     
   0.0000000000000000        0.0000000000000000     
   0.0000000000000000        0.0000000000000000     
   0.0000000000000000        0.0000000000000000     
   0.0000000000000000        0.0000000000000000     
   0.0000000000000000        0.0000000000000000     
   0.0000000000000000        0.0000000000000000     
   0.0000000000000000        0.0000000000000000     
   0.0000000000000000        0.0000000000000000     
   0.0000000000000000        0.0000000000000000     
   0.0000000000000000        0.0000000000000000     
   0.0000000000000000        0.0000000000000000     
   0.0000000000000000        0.0000000000000000     
   0.0000000000000000        0.0000000000000000     
   0.0000000000000000        0.0000000000000000     
   0.0000000000000000        0.0000000000000000     
   0.0000000000000000        0.0000000000000000     
   0.0000000000000000        0.0000000000000000     
   0.0000000000000000        0.0000000000000000     
   0.0000000000000000        0.0000000000000000     
   0.0000000000000000        0.0000000000000000     
   0.0000000000000000        0.0000000000000000     
   0.0000000000000000        0.0000000000000000     
   0.0000000000000000        0.0000000000000000     
   0.0000000000000000        0.0000000000000000     
   0.0000000000000000        0.0000000000000000     
   0.0000000000000000        0.0000000000000000     
   0.0000000000000000        0.0000000000000000     
   0.0000000000000000        0.0000000000000000     
   0.0000000000000000        0.0000000000000000     
   0.0000000000000000        0.0000000000000000     
   0.0000000000000000        0.0000000000000000     
   0.0000000000000000        0.0000000000000000     
   0.0000000000000000        0.0000000000000000     
   0.0000000000000000        0.0000000000000000     
   0.0000000000000000        0.0000000000000000     
   0.0000000000000000        0.0000000000000000     
   0.0000000000000000        0.0000000000000000     
   0.0000000000000000        0.0000000000000000     
   0.0000000000000000        0.0000000000000000     
   0.0000000000000000        0.0000000000000000     
   0.0000000000000000        0.0000000000000000     
   0.0000000000000000        0.0000000000000000     
   0.0000000000000000        0.0000000000000000     
   0.0000000000000000        0.0000000000000000     
   0.0000000000000000        0.0000000000000000     
   0.0000000000000000        0.0000000000000000     
   0.0000000000000000        0.0000000000000000     
   0.0000000000000000        0.0000000000000000     
   0.0000000000000000        0.0000000000000000     
   0.0000000000000000        0.0000000000000000     
   0.0000000000000000        0.0000000000000000     
   0.0000000000000000        0.0000000000000000     
   0.0000000000000000        0.0000000000000000     
   0.0000000000000000        0.0000000000000000     
   0.0000000000000000        0.0000000000000000     
   0.0000000000000000        0.0000000000000000     
   0.0000000000000000        0.0000000000000000     
   0.0000000000000000        0.0000000000000000     
   0.0000000000000000        0.0000000000000000     
   0.0000000000000000        0.0000000000000000     
   0.0000000000000000        0.0000000000000000     
   0.0000000000000000        0.0000000000000000     
   0.0000000000000000        0.0000000000000000     
   0.0000000000000000        0.0000000000000000     
   0.0000000000000000        0.0000000000000000     
   0.0000000000000000        0.0000000000000000     
   0.0000000000000000        0.0000000000000000     
   0.0000000000000000        0.0000000000000000     
   0.0000000000000000        0.0000000000000000     
   0.0000000000000000        0.0000000000000000     
   0.0000000000000000        0.0000000000000000     
   0.0000000000000000        0.0000000000000000     
   0.0000000000000000        0.0000000000000000     
   0.0000000000000000        0.0000000000000000     
   0.0000000000000000        0.0000000000000000     
   0.0000000000000000        0.0000000000000000     
   0.0000000000000000        0.0000000000000000     
   0.0000000000000000        0.0000000000000000     
   0.0000000000000000        0.0000000000000000     
   0.0000000000000000        0.0000000000000000     
   0.0000000000000000        0.0000000000000000     
   0.0000000000000000        0.0000000000000000     
   0.0000000000000000        0.0000000000000000     
   0.0000000000000000        0.0000000000000000     
   0.0000000000000000        0.0000000000000000     
   0.0000000000000000        0.0000000000000000     
   0.0000000000000000        0.0000000000000000     
   0.0000000000000000        0.0000000000000000     
   0.0000000000000000        0.0000000000000000     
   0.0000000000000000        0.0000000000000000     
   0.0000000000000000        0.0000000000000000     
   0.0000000000000000        0.0000000000000000     
   0.0000000000000000        0.0000000000000000     
   0.0000000000000000        0.0000000000000000     
   0.0000000000000000        0.0000000000000000     
   0.0000000000000000        0.0000000000000000     
   0.0000000000000000        0.0000000000000000     
   0.0000000000000000        0.0000000000000000     
   0.0000000000000000        0.0000000000000000     
   0.0000000000000000        0.0000000000000000     
   0.0000000000000000        0.0000000000000000     
   0.0000000000000000        0.0000000000000000     
   0.0000000000000000        0.0000000000000000     
   0.0000000000000000        0.0000000000000000     
   0.0000000000000000        0.0000000000000000     
   0.0000000000000000        0.0000000000000000     
   0.0000000000000000        0.0000000000000000     
   0.0000000000000000        0.0000000000000000     
   0.0000000000000000        0.0000000000000000     
   0.0000000000000000        0.0000000000000000     
   0.0000000000000000        0.0000000000000000     
   0.0000000000000000        0.0000000000000000     
   0.0000000000000000        0.0000000000000000     
   0.0000000000000000        0.0000000000000000     
   0.0000000000000000        0.0000000000000000     
   0.0000000000000000        0.0000000000000000     
   0.0000000000000000        0.0000000000000000     
   0.0000000000000000        0.0000000000000000     
   0.0000000000000000        0.0000000000000000     
   0.0000000000000000        0.0000000000000000     
   0.0000000000000000        0.0000000000000000     
   0.0000000000000000        0.0000000000000000     
   0.0000000000000000        0.0000000000000000     
   0.0000000000000000        0.0000000000000000     
   0.0000000000000000        0.0000000000000000     
   0.0000000000000000        0.0000000000000000     
   0.0000000000000000        0.0000000000000000     
   0.0000000000000000        0.0000000000000000     
   0.0000000000000000        0.0000000000000000     
   0.0000000000000000        0.0000000000000000     
   0.0000000000000000        0.0000000000000000     
   0.0000000000000000        0.0000000000000000     
   0.0000000000000000        0.0000000000000000     
   0.0000000000000000        0.0000000000000000     
   0.0000000000000000        0.0000000000000000     
   0.0000000000000000        0.0000000000000000     
   0.0000000000000000        0.0000000000000000     
   0.0000000000000000        0.0000000000000000     
   0.0000000000000000        0.0000000000000000     
   0.0000000000000000        0.0000000000000000     
   0.0000000000000000        0.0000000000000000     
   0.0000000000000000        0.0000000000000000     
   0.0000000000000000        0.0000000000000000     
   0.0000000000000000        0.0000000000000000     
   0.0000000000000000        0.0000000000000000     
   0.0000000000000000        0.0000000000000000     
   0.0000000000000000        0.0000000000000000     
   0.0000000000000000        0.0000000000000000     
   0.0000000000000000        0.0000000000000000     
   0.0000000000000000        0.0000000000000000     
   0.0000000000000000        0.0000000000000000     
   0.0000000000000000        0.0000000000000000     
   0.0000000000000000        0.0000000000000000     
   0.0000000000000000        0.0000000000000000     
   0.0000000000000000        0.0000000000000000     
   0.0000000000000000        0.0000000000000000     
   0.0000000000000000        0.0000000000000000     
   0.0000000000000000        0.0000000000000000     
   0.0000000000000000        0.0000000000000000     
   0.0000000000000000        0.0000000000000000     
   0.0000000000000000        0.0000000000000000     
   0.0000000000000000        0.0000000000000000     
   0.0000000000000000        0.0000000000000000     
   0.0000000000000000        0.0000000000000000     
   0.0000000000000000        0.0000000000000000     
   0.0000000000000000        0.0000000000000000     
   0.0000000000000000        0.0000000000000000     
   0.0000000000000000        0.0000000000000000     
   0.0000000000000000        0.0000000000000000     
   0.0000000000000000        0.0000000000000000     
   0.0000000000000000        0.0000000000000000     
   0.0000000000000000        0.0000000000000000     
   0.0000000000000000        0.0000000000000000     
   0.0000000000000000        0.0000000000000000     
   0.0000000000000000        0.0000000000000000     
   0.0000000000000000        0.0000000000000000     
   0.0000000000000000        0.0000000000000000     
   0.0000000000000000        0.0000000000000000     
   0.0000000000000000        0.0000000000000000     
   0.0000000000000000        0.0000000000000000     
   0.0000000000000000        0.0000000000000000     
   0.0000000000000000        0.0000000000000000     
   0.0000000000000000        0.0000000000000000     
   0.0000000000000000        0.0000000000000000     
   0.0000000000000000        0.0000000000000000     
   0.0000000000000000        0.0000000000000000     
   0.0000000000000000        0.0000000000000000     
   0.0000000000000000        0.0000000000000000     
   0.0000000000000000        0.0000000000000000     
   0.0000000000000000        0.0000000000000000     
   0.0000000000000000        0.0000000000000000     
   0.0000000000000000        0.0000000000000000     
   0.0000000000000000        0.0000000000000000     
   0.0000000000000000        0.0000000000000000     
   0.0000000000000000        0.0000000000000000     
   0.0000000000000000        0.0000000000000000     
   0.0000000000000000        0.0000000000000000     
   0.0000000000000000        0.0000000000000000     
   0.0000000000000000        0.0000000000000000     
   0.0000000000000000        0.0000000000000000     
   0.0000000000000000        0.0000000000000000     
   0.0000000000000000        0.0000000000000000     
   0.0000000000000000        0.0000000000000000     
   0.0000000000000000        0.0000000000000000     
   0.0000000000000000        0.0000000000000000     
   0.0000000000000000        0.0000000000000000     
   0.0000000000000000        0.0000000000000000     
   0.0000000000000000        0.0000000000000000     
   0.0000000000000000        0.0000000000000000     
   0.0000000000000000        0.0000000000000000     
   0.0000000000000000        0.0000000000000000     
   0.0000000000000000        0.0000000000000000     
   0.0000000000000000        0.0000000000000000     
   0.0000000000000000        0.0000000000000000     
   0.0000000000000000        0.0000000000000000     
   0.0000000000000000        0.0000000000000000     
   0.0000000000000000        0.0000000000000000     
   0.0000000000000000        0.0000000000000000     
   0.0000000000000000        0.0000000000000000     
   0.0000000000000000        0.0000000000000000     
   0.0000000000000000        0.0000000000000000     
   0.0000000000000000        0.0000000000000000     
   0.0000000000000000        0.0000000000000000     
   0.0000000000000000        0.0000000000000000     
   0.0000000000000000        0.0000000000000000     
   0.0000000000000000        0.0000000000000000     
   0.0000000000000000        0.0000000000000000     
   0.0000000000000000        0.0000000000000000     
   0.0000000000000000        0.0000000000000000     
   0.0000000000000000        0.0000000000000000     
   0.0000000000000000        0.0000000000000000     
   0.0000000000000000        0.0000000000000000     
   0.0000000000000000        0.0000000000000000     
   0.0000000000000000        0.0000000000000000     
   0.0000000000000000        0.0000000000000000     
   0.0000000000000000        0.0000000000000000     
   0.0000000000000000        0.0000000000000000     
   0.0000000000000000        0.0000000000000000     
   0.0000000000000000        0.0000000000000000     
   0.0000000000000000        0.0000000000000000     
   0.0000000000000000        0.0000000000000000     
   0.0000000000000000        0.0000000000000000     
   0.0000000000000000        0.0000000000000000     
   0.0000000000000000        0.0000000000000000     
   0.0000000000000000        0.0000000000000000     
   0.0000000000000000        0.0000000000000000     
   0.0000000000000000        0.0000000000000000     
   0.0000000000000000        0.0000000000000000     
   0.0000000000000000        0.0000000000000000     
   0.0000000000000000        0.0000000000000000     
   0.0000000000000000        0.0000000000000000     
   0.0000000000000000        0.0000000000000000     
   0.0000000000000000        0.0000000000000000     
   0.0000000000000000        0.0000000000000000     
   0.0000000000000000        0.0000000000000000     
   0.0000000000000000        0.0000000000000000     
   0.0000000000000000        0.0000000000000000     
   0.0000000000000000        0.0000000000000000     
   0.0000000000000000        0.0000000000000000     
   0.0000000000000000        0.0000000000000000     
   0.0000000000000000        0.0000000000000000     
   0.0000000000000000        0.0000000000000000     
   0.0000000000000000        0.0000000000000000     
   0.0000000000000000        0.0000000000000000     
   0.0000000000000000        0.0000000000000000     
   0.0000000000000000        0.0000000000000000     
   0.0000000000000000        0.0000000000000000     
   0.0000000000000000        0.0000000000000000     
   0.0000000000000000        0.0000000000000000     
   0.0000000000000000        0.0000000000000000     
   0.0000000000000000        0.0000000000000000     
   0.0000000000000000        0.0000000000000000     
   0.0000000000000000        0.0000000000000000     
   0.0000000000000000        0.0000000000000000     
   0.0000000000000000        0.0000000000000000     
   0.0000000000000000        0.0000000000000000     
   0.0000000000000000        0.0000000000000000     
   0.0000000000000000        0.0000000000000000     
   0.0000000000000000        0.0000000000000000     
   0.0000000000000000        0.0000000000000000     
   0.0000000000000000        0.0000000000000000     
   0.0000000000000000        0.0000000000000000     
   0.0000000000000000        0.0000000000000000     
   0.0000000000000000        0.0000000000000000     
   0.0000000000000000        0.0000000000000000     
   0.0000000000000000        0.0000000000000000     
   0.0000000000000000        0.0000000000000000     
   0.0000000000000000        0.0000000000000000     
   0.0000000000000000        0.0000000000000000     
   0.0000000000000000        0.0000000000000000     
   0.0000000000000000        0.0000000000000000     
   0.0000000000000000        0.0000000000000000     
   0.0000000000000000        0.0000000000000000     
   0.0000000000000000        0.0000000000000000     
   0.0000000000000000        0.0000000000000000     
   0.0000000000000000        0.0000000000000000     
   0.0000000000000000        0.0000000000000000     
   0.0000000000000000        0.0000000000000000     
   0.0000000000000000        0.0000000000000000     
   0.0000000000000000        0.0000000000000000     
   0.0000000000000000        0.0000000000000000     
   0.0000000000000000        0.0000000000000000     
   0.0000000000000000        0.0000000000000000     
   0.0000000000000000        0.0000000000000000     
   0.0000000000000000        0.0000000000000000     
   0.0000000000000000        0.0000000000000000     
   0.0000000000000000        0.0000000000000000     
   0.0000000000000000        0.0000000000000000     
   0.0000000000000000        0.0000000000000000     
   0.0000000000000000        0.0000000000000000     
   0.0000000000000000        0.0000000000000000     
   0.0000000000000000        0.0000000000000000     
   0.0000000000000000        0.0000000000000000     
   0.0000000000000000        0.0000000000000000     
   0.0000000000000000        0.0000000000000000     
   0.0000000000000000        0.0000000000000000     
   0.0000000000000000        0.0000000000000000     
   0.0000000000000000        0.0000000000000000     
   0.0000000000000000        0.0000000000000000     
   0.0000000000000000        0.0000000000000000     
   0.0000000000000000        0.0000000000000000     
   0.0000000000000000        0.0000000000000000     
   0.0000000000000000        0.0000000000000000     
   0.0000000000000000        0.0000000000000000     
   0.0000000000000000        0.0000000000000000     
   0.0000000000000000        0.0000000000000000     
   0.0000000000000000        0.0000000000000000     
   0.0000000000000000        0.0000000000000000     
   0.0000000000000000        0.0000000000000000     
   0.0000000000000000        0.0000000000000000     
   0.0000000000000000        0.0000000000000000     
   0.0000000000000000        0.0000000000000000     
   0.0000000000000000        0.0000000000000000     
   0.0000000000000000        0.0000000000000000     
   0.0000000000000000        0.0000000000000000     
   0.0000000000000000        0.0000000000000000     
   0.0000000000000000        0.0000000000000000     
   0.0000000000000000        0.0000000000000000     
   0.0000000000000000        0.0000000000000000     
   0.0000000000000000        0.0000000000000000     
   0.0000000000000000        0.0000000000000000     
   0.0000000000000000        0.0000000000000000     
   0.0000000000000000        0.0000000000000000     
   0.0000000000000000        0.0000000000000000     
   0.0000000000000000        0.0000000000000000     
   0.0000000000000000        0.0000000000000000     
   0.0000000000000000        0.0000000000000000     
   0.0000000000000000        0.0000000000000000     
   0.0000000000000000        0.0000000000000000     
   0.0000000000000000        0.0000000000000000     
   0.0000000000000000        0.0000000000000000     
   0.0000000000000000        0.0000000000000000     
   0.0000000000000000        0.0000000000000000     
   0.0000000000000000        0.0000000000000000     
   0.0000000000000000        0.0000000000000000     
   0.0000000000000000        0.0000000000000000     
   0.0000000000000000        0.0000000000000000     
   0.0000000000000000        0.0000000000000000     
   0.0000000000000000        0.0000000000000000     
   0.0000000000000000        0.0000000000000000     
   0.0000000000000000        0.0000000000000000     
   0.0000000000000000        0.0000000000000000     
   0.0000000000000000        0.0000000000000000     
   0.0000000000000000        0.0000000000000000     
   0.0000000000000000        0.0000000000000000     
   0.0000000000000000        0.0000000000000000     
   0.0000000000000000        0.0000000000000000     
   0.0000000000000000        0.0000000000000000     
   0.0000000000000000        0.0000000000000000     
   0.0000000000000000        0.0000000000000000     
   0.0000000000000000        0.0000000000000000     
   0.0000000000000000        0.0000000000000000     
   0.0000000000000000        0.0000000000000000     
   0.0000000000000000        0.0000000000000000     
   0.0000000000000000        0.0000000000000000     
   0.0000000000000000        0.0000000000000000     
   0.0000000000000000        0.0000000000000000     
   0.0000000000000000        0.0000000000000000     
   0.0000000000000000        0.0000000000000000     
   0.0000000000000000        0.0000000000000000     
   0.0000000000000000        0.0000000000000000     
   0.0000000000000000        0.0000000000000000     
   0.0000000000000000        0.0000000000000000     
   0.0000000000000000        0.0000000000000000     
   0.0000000000000000        0.0000000000000000     
   0.0000000000000000        0.0000000000000000     
   0.0000000000000000        0.0000000000000000     
   0.0000000000000000        0.0000000000000000     
   0.0000000000000000        0.0000000000000000     
   0.0000000000000000        0.0000000000000000     
   0.0000000000000000        0.0000000000000000     
   0.0000000000000000        0.0000000000000000     
   0.0000000000000000        0.0000000000000000     
   0.0000000000000000        0.0000000000000000     
   0.0000000000000000        0.0000000000000000     
   0.0000000000000000        0.0000000000000000     
   0.0000000000000000        0.0000000000000000     
   0.0000000000000000        0.0000000000000000     
   0.0000000000000000        0.0000000000000000     
   0.0000000000000000        0.0000000000000000     
   0.0000000000000000        0.0000000000000000     
   0.0000000000000000        0.0000000000000000     
   0.0000000000000000        0.0000000000000000     
   0.0000000000000000        0.0000000000000000     
   0.0000000000000000        0.0000000000000000     
   0.0000000000000000        0.0000000000000000     
   0.0000000000000000        0.0000000000000000     
   0.0000000000000000        0.0000000000000000     
   0.0000000000000000        0.0000000000000000     
   0.0000000000000000        0.0000000000000000     
   0.0000000000000000        0.0000000000000000     
   0.0000000000000000        0.0000000000000000     
   0.0000000000000000        0.0000000000000000     
   0.0000000000000000        0.0000000000000000     
   0.0000000000000000        0.0000000000000000     
   0.0000000000000000        0.0000000000000000     
   0.0000000000000000        0.0000000000000000     
   0.0000000000000000        0.0000000000000000     
   0.0000000000000000        0.0000000000000000     
   0.0000000000000000        0.0000000000000000     
   0.0000000000000000        0.0000000000000000     
   0.0000000000000000        0.0000000000000000     
   0.0000000000000000        0.0000000000000000     
   0.0000000000000000        0.0000000000000000     
   0.0000000000000000        0.0000000000000000     
   0.0000000000000000        0.0000000000000000     
   0.0000000000000000        0.0000000000000000     
   0.0000000000000000        0.0000000000000000     
   0.0000000000000000        0.0000000000000000     
   0.0000000000000000        0.0000000000000000     
   0.0000000000000000        0.0000000000000000     
   0.0000000000000000        0.0000000000000000     
   0.0000000000000000        0.0000000000000000     
   0.0000000000000000        0.0000000000000000     
   0.0000000000000000        0.0000000000000000     
   0.0000000000000000        0.0000000000000000     
   0.0000000000000000        0.0000000000000000     
   0.0000000000000000        0.0000000000000000     
   0.0000000000000000        0.0000000000000000     
   0.0000000000000000        0.0000000000000000     
   0.0000000000000000        0.0000000000000000     
   0.0000000000000000        0.0000000000000000     
   0.0000000000000000        0.0000000000000000     
   0.0000000000000000        0.0000000000000000     
   0.0000000000000000        0.0000000000000000     
   0.0000000000000000        0.0000000000000000     
   0.0000000000000000        0.0000000000000000     
   0.0000000000000000        0.0000000000000000     
   0.0000000000000000        0.0000000000000000     
   0.0000000000000000        0.0000000000000000     
   0.0000000000000000        0.0000000000000000     
   0.0000000000000000        0.0000000000000000     
   0.0000000000000000        0.0000000000000000     
   0.0000000000000000        0.0000000000000000     
   0.0000000000000000        0.0000000000000000     
   0.0000000000000000        0.0000000000000000     
   0.0000000000000000        0.0000000000000000     
   0.0000000000000000        0.0000000000000000     
   0.0000000000000000        0.0000000000000000     
   0.0000000000000000        0.0000000000000000     
   0.0000000000000000        0.0000000000000000     
   0.0000000000000000        0.0000000000000000     
   0.0000000000000000        0.0000000000000000     
   0.0000000000000000        0.0000000000000000     
   0.0000000000000000        0.0000000000000000     
   0.0000000000000000        0.0000000000000000     
   0.0000000000000000        0.0000000000000000     
   0.0000000000000000        0.0000000000000000     
   0.0000000000000000        0.0000000000000000     
   0.0000000000000000        0.0000000000000000     
   0.0000000000000000        0.0000000000000000     
   0.0000000000000000        0.0000000000000000     
   0.0000000000000000        0.0000000000000000     
   0.0000000000000000        0.0000000000000000     
   0.0000000000000000        0.0000000000000000     
   0.0000000000000000        0.0000000000000000     
   0.0000000000000000        0.0000000000000000     
   0.0000000000000000        0.0000000000000000     
   0.0000000000000000        0.0000000000000000     
   0.0000000000000000        0.0000000000000000     
   0.0000000000000000        0.0000000000000000     
   0.0000000000000000        0.0000000000000000     
   0.0000000000000000        0.0000000000000000     
   0.0000000000000000        0.0000000000000000     
   0.0000000000000000        0.0000000000000000     
   0.0000000000000000        0.0000000000000000     
   0.0000000000000000        0.0000000000000000     
   0.0000000000000000        0.0000000000000000     
   0.0000000000000000        0.0000000000000000     
   0.0000000000000000        0.0000000000000000     
   0.0000000000000000        0.0000000000000000     
   0.0000000000000000        0.0000000000000000     
   0.0000000000000000        0.0000000000000000     
   0.0000000000000000        0.0000000000000000     
   0.0000000000000000        0.0000000000000000     
   0.0000000000000000        0.0000000000000000     
   0.0000000000000000        0.0000000000000000     
   0.0000000000000000        0.0000000000000000     
   0.0000000000000000        0.0000000000000000     
   0.0000000000000000        0.0000000000000000     
   0.0000000000000000        0.0000000000000000     
   0.0000000000000000        0.0000000000000000     
   0.0000000000000000        0.0000000000000000     
   0.0000000000000000        0.0000000000000000     
   0.0000000000000000        0.0000000000000000     
   0.0000000000000000        0.0000000000000000     
   0.0000000000000000        0.0000000000000000     
   0.0000000000000000        0.0000000000000000     
   0.0000000000000000        0.0000000000000000     
   0.0000000000000000        0.0000000000000000     
   0.0000000000000000        0.0000000000000000     
   0.0000000000000000        0.0000000000000000     
   0.0000000000000000        0.0000000000000000     
   0.0000000000000000        0.0000000000000000     
   0.0000000000000000        0.0000000000000000     
   0.0000000000000000        0.0000000000000000     
   0.0000000000000000        0.0000000000000000     
   0.0000000000000000        0.0000000000000000     
   0.0000000000000000        0.0000000000000000     
   0.0000000000000000        0.0000000000000000     
   0.0000000000000000        0.0000000000000000     
   0.0000000000000000        0.0000000000000000     
   0.0000000000000000        0.0000000000000000     
   0.0000000000000000        0.0000000000000000     
   0.0000000000000000        0.0000000000000000     
   0.0000000000000000        0.0000000000000000     
   0.0000000000000000        0.0000000000000000     
   0.0000000000000000        0.0000000000000000     
   0.0000000000000000        0.0000000000000000     
   0.0000000000000000        0.0000000000000000     
   0.0000000000000000        0.0000000000000000     
   0.0000000000000000        0.0000000000000000     
   0.0000000000000000        0.0000000000000000     
   0.0000000000000000        0.0000000000000000     
   0.0000000000000000        0.0000000000000000     
   0.0000000000000000        0.0000000000000000     
   0.0000000000000000        0.0000000000000000     
   0.0000000000000000        0.0000000000000000     
   0.0000000000000000        0.0000000000000000     
   0.0000000000000000        0.0000000000000000     
   0.0000000000000000        0.0000000000000000     
   0.0000000000000000        0.0000000000000000     
   0.0000000000000000        0.0000000000000000     
   0.0000000000000000        0.0000000000000000     
   0.0000000000000000        0.0000000000000000     
   0.0000000000000000        0.0000000000000000     
   0.0000000000000000        0.0000000000000000     
   0.0000000000000000        0.0000000000000000     
   0.0000000000000000        0.0000000000000000     
   0.0000000000000000        0.0000000000000000     
   0.0000000000000000        0.0000000000000000     
   0.0000000000000000        0.0000000000000000     
   0.0000000000000000        0.0000000000000000     
   0.0000000000000000        0.0000000000000000     
   0.0000000000000000        0.0000000000000000     
   0.0000000000000000        0.0000000000000000     
   0.0000000000000000        0.0000000000000000     
   0.0000000000000000        0.0000000000000000     
   0.0000000000000000        0.0000000000000000     
   0.0000000000000000        0.0000000000000000     
   0.0000000000000000        0.0000000000000000     
   0.0000000000000000        0.0000000000000000     
   0.0000000000000000        0.0000000000000000     
   0.0000000000000000        0.0000000000000000     
   0.0000000000000000        0.0000000000000000     
   0.0000000000000000        0.0000000000000000     
   0.0000000000000000        0.0000000000000000     
   0.0000000000000000        0.0000000000000000     
   0.0000000000000000        0.0000000000000000     
   0.0000000000000000        0.0000000000000000     
   0.0000000000000000        0.0000000000000000     
   0.0000000000000000        0.0000000000000000     
   0.0000000000000000        0.0000000000000000     
   0.0000000000000000        0.0000000000000000     
   0.0000000000000000        0.0000000000000000     
   0.0000000000000000        0.0000000000000000     
   0.0000000000000000        0.0000000000000000     
   0.0000000000000000        0.0000000000000000     
   0.0000000000000000        0.0000000000000000     
   0.0000000000000000        0.0000000000000000     
   0.0000000000000000        0.0000000000000000     
   0.0000000000000000        0.0000000000000000     
   0.0000000000000000        0.0000000000000000     
   0.0000000000000000        0.0000000000000000     
   0.0000000000000000        0.0000000000000000     
   0.0000000000000000        0.0000000000000000     
   0.0000000000000000        0.0000000000000000     
   0.0000000000000000        0.0000000000000000     
   0.0000000000000000        0.0000000000000000     
   0.0000000000000000        0.0000000000000000     
   0.0000000000000000        0.0000000000000000     
   0.0000000000000000        0.0000000000000000     
   0.0000000000000000        0.0000000000000000     
   0.0000000000000000        0.0000000000000000     
   0.0000000000000000        0.0000000000000000     
   0.0000000000000000        0.0000000000000000     
   0.0000000000000000        0.0000000000000000     
   0.0000000000000000        0.0000000000000000     
   0.0000000000000000        0.0000000000000000     
   0.0000000000000000        0.0000000000000000     
   0.0000000000000000        0.0000000000000000     
   0.0000000000000000        0.0000000000000000     
   0.0000000000000000        0.0000000000000000     
   0.0000000000000000        0.0000000000000000     
   0.0000000000000000        0.0000000000000000     
   0.0000000000000000        0.0000000000000000     
   0.0000000000000000        0.0000000000000000     
   0.0000000000000000        0.0000000000000000     
   0.0000000000000000        0.0000000000000000     
   0.0000000000000000        0.0000000000000000     
   0.0000000000000000        0.0000000000000000     
   0.0000000000000000        0.0000000000000000     
   0.0000000000000000        0.0000000000000000     
   0.0000000000000000        0.0000000000000000     
   0.0000000000000000        0.0000000000000000     
   0.0000000000000000        0.0000000000000000     
   0.0000000000000000        0.0000000000000000     
   0.0000000000000000        0.0000000000000000     
   0.0000000000000000        0.0000000000000000     
   0.0000000000000000        0.0000000000000000     
   0.0000000000000000        0.0000000000000000     
   0.0000000000000000        0.0000000000000000     
   0.0000000000000000        0.0000000000000000     
   0.0000000000000000        0.0000000000000000     
   0.0000000000000000        0.0000000000000000     
   0.0000000000000000        0.0000000000000000     
   0.0000000000000000        0.0000000000000000     
   0.0000000000000000        0.0000000000000000     
   0.0000000000000000        0.0000000000000000     
   0.0000000000000000        0.0000000000000000     
   0.0000000000000000        0.0000000000000000     
   0.0000000000000000        0.0000000000000000     
   0.0000000000000000        0.0000000000000000     
