  0.53002458429007526        1.3530901983764496     
  0.41324493981584021       0.56613095327362850     
  0.95965285254679966       0.30923721554105743     
   1.5346712230936133       0.59922495179827862     
   1.4445627817030253        1.2884397177003575     
  0.94264873153751327        1.5480015897334589     
  -9.3008516890210224E-002   2.4109905160613154     
  -7.6525655095737777E-002   1.6187083884223608     
  0.93048890853984245        2.2865507206301263     
  0.39222611915727928        2.5489297303944412     
   1.4524491239430162        2.5811873234489529     
   1.4111692150912414        3.3229341817536731     
  0.97635991566310198        3.5554606832304074     
  0.59371393024078389        3.3943970762580848     
  -7.3688074045047181E-002   4.2873539419721904     
  -5.0204348638282048E-002   3.6653331217841933     
  0.96211261106657631        4.3155459072263209     
  0.42841560856035732        4.5747821662562096     
  0.41465617109476927        5.3388618595121757     
   1.5207428847159075        4.6360370532389048     
   1.4482527016511053        5.3696905115941274     
   1.0362501791705603        5.5960635509198333     
  0.99894705269101225        6.3984479751405674     
  0.52918620161200680        6.6453073936473395     
   4.0752326355889879E-002   6.3695016289282940     
  -6.6801753159331234E-003   5.5650131484749892     
   1.5281866801887121        6.6591307085191671     
   1.5435505472260216        7.4042670445906085     
   1.0209548989731505        7.6576661052521802     
  0.46464358078791534        7.3887109477482840     
   1.0542350183994351        8.4463098887207835     
  0.55460446377718287        8.7010018089911334     
  -5.7361951470181749E-002   8.3066970463517595     
   2.9518751955866729E-002   7.6271644584130662     
   1.4793594430764829        8.6225496083170921     
   1.5656661540891623        9.3744021104131914     
  0.93612567716896966        9.6348596718993829     
  0.49348811471309029        9.3296878752192498     
  0.96109820632524068        10.322894582375548     
  0.43634358916195226        10.576893121529714     
   1.5833696956132348E-003   10.416669673817598     
  -3.1509072086952306E-002   9.5910129267258792     
   1.4629195720749744        10.570747794325188     
   1.4355926837147825        11.419071906606886     
   1.0975566525118943        11.611861189288067     
  0.56388531489841121        11.453537282600376     
   1.0922502222376635        12.391683585545803     
  0.45545145677869325        12.662837008418885     
   7.4412616188697212E-002   12.365892628848279     
   8.8195585291176548E-002   11.698264799745408     
  0.43527027739899393        13.409997504735403     
   1.5425466259242584        12.723209517862866     
   1.4823675869225736        13.351249895645179     
   1.0027166903035256        13.600231068871981     
   1.0759822671690971        14.402327814841643     
  0.45925173779327910        14.674025834832332     
   3.5359439312769858E-003   14.292656878155089     
   7.0915434534714494E-002   13.616095410667519     
   1.4391617964737833        14.596499461557626     
   1.4737378710240800        15.327549941229227     
  0.92917045239387086        15.586363664866681     
  0.40663467789839047        15.408954673503937     
   1.0936522516387386        16.407119486400781     
  0.48625800005437747        16.669631427078063     
  -4.8022834222567923E-002   16.340252021144803     
   6.7788876543283139E-002   15.606251856941345     
  0.52058097438455764        17.360127084322531     
   1.4519219689283469        16.561871333420360     
   1.4783605603919865        17.423870430644779     
   1.0607666665032291        17.652491120585417     
  -3.2914935039049353E-002   18.368732698365797     
  -4.5128588039167639E-002   17.620343456977963     
  0.97354466234891956        18.402227571478225     
  0.57380582572393390        18.625039089472168     
   1.4687754468214573        18.651319220027798     
   1.5770142356699277        19.423070010157709     
   1.0247000963422406        19.681442567089292     
  0.51971763394918657        19.398886666088881     
   1.0411504325296179        20.401748305837682     
  0.50652021273837389        20.660766673384046     
   1.9339980551034697E-002   20.361798447071262     
   4.0029328008648335E-002   19.647282199329187     
   1.4358689800164754        20.603747015877069     
   1.5078236398857010        21.364356820693473     
  0.97296648511629658        21.619215447270303     
  0.47925047941083521        21.364045318144711     
   1.0014725359218808        22.434243447736861     
  0.56565168696269819        22.669302132805971     
  -4.2941376888270710E-002   22.329055673069941     
  -5.8835020175804775E-003   21.613503468097299     
   1.5248710880411751        22.612320267700696     
   1.5789455257285430        23.391309594037942     
  0.95936033471564530        23.653423372345667     
  0.49248012438876232        23.335897241305922     
  0.97797783349898260        24.345914158135113     
  0.45490020717387253        24.602526720313310     
   2.8628869260812762E-002   24.347616456543591     
  -1.5710816752433521E-002   23.594020572390594     
   1.4586339694877566        24.580737652204114     
   1.4618547251929837        25.327974044376617     
  0.94457039084706129        25.582491161341792     
  0.42161695981758152        25.412743522818310     
   1.0866780163699072        26.399787061327533     
  0.46288772417567026        26.665435442073107     
   2.9808796875908539E-002   26.340905934819542     
   8.7417251565768517E-002   25.604762239031366     
  0.45363079880433910        27.364941711367941     
   1.4859462453178580        26.588259344923546     
   1.4680295571063242        27.385421229274069     
   1.0338843769339781        27.616830858376257     
   1.0163937239962531        28.340526330020047     
  0.44283667522737680        28.604433771969376     
   4.3787332958756808E-002   28.382370948240560     
   1.3530388318054087E-002   27.597322527565048     
   1.4463625988879545        28.626081693322714     
   1.4383705551261992        29.393350574870048     
   1.0492578655413063        29.608983775293094     
  0.47206365480355439        29.353049604520908     
  0.98979804486885281        30.391011154065044     
  0.52989555261966692        30.636113306350897     
  -1.2415941832436661E-002   30.338519971199645     
  -2.1614100699276606E-002   29.600290361959114     
   1.5358205780623533        30.673764517078759     
   1.5452285610501066        31.364537409709765     
  0.95356715813352066        31.627026339482850     
  0.45894305202270202        31.402598650181897     
   1.0774273182892338        32.433638076033297     
  0.51390774230593850        32.705047163426649     
  -4.0966736992782860E-002   32.274776251057034     
   4.9180687448343474E-002   31.631663879838463     
   1.5077352684420098        32.591353233060957     
   1.5391538990115106        33.385195293587607     
  0.98046098762400780        33.646762631182639     
  0.44905660883405218        33.311660789301570     
  0.96700365742783490        34.324638441486002     
  0.44637406231352961        34.579505785258291     
   8.7263499063229666E-002   34.445176131756760     
  -3.9712104232105694E-002   33.565356989451701     
  0.55443392792235280        35.434965540707196     
   1.5377997499308189        34.646410206432513     
   1.4696545228565865        35.304648362085302     
  0.94325659166682474        35.567616688059289     
   1.0539130977271347        36.384435036311430     
  0.47387542470006228        36.643865853630629     
  -3.7326939347610555E-002   36.410228973867696     
   3.6192871046878849E-002   35.695703889333771     
   1.4305299956858417        36.559555412905596     
   1.4661994023777345        37.422600239812759     
   1.0857551835022912        37.633487578924836     
  0.58831711948511689        37.445725383061450     
   1.0625898447134761        38.360428869543661     
  0.44877000834633285        38.627099266928859     
   8.8001245727139354E-002   38.426416764044838     
   5.9533017177607450E-002   37.700262875196529     
  0.51801108017639519        39.425963280786128     
   1.4447932303021642        38.651774849445694     
   1.4397390933441476        39.398483660225942     
   1.0657917545966187        39.606423773585455     
   1.0673583175916934        40.389387903152048     
  0.48480988018603477        40.651487685090267     
  -7.3370544551657146E-002   40.385190715525873     
   2.7278651543996557E-002   39.682686887205179     
  0.57986956793938127        41.448510848300494     
   1.5394477778490865        40.694652646337943     
   1.4942385286548692        41.314466395173440     
  0.93171576054487615        41.581671425404217     
   1.0645643930312958        42.427332405376035     
  0.54462240355628144        42.681868118284271     
   3.2629576654984116E-002   42.411367496286800     
   5.8379004814820834E-002   41.704371096135525     
   1.4514459788494003        42.560785292585784     
   1.5381633182055399        43.390456823468767     
  0.97040534501993769        43.658549162054534     
  0.54590406666039071        43.340144301118023     
   2.4088371388495566E-002   44.345887258720786     
  -8.7846279747071210E-002   43.603352479260963     
  0.90857939504070750        44.405733882683329     
  0.56829830838884421        44.603572135228909     
   1.4822936188081632        44.611354473174096     
   1.5881630606985402        45.420985676077670     
  0.99360652601811661        45.688529682447857     
  0.46488837060784172        45.292989042990733     
  0.95880011791865449        46.405752369282382     
  0.57386056202942082        46.618758839771964     
  -8.0785257663296695E-003   46.430041895299460     
  -4.3474961080894103E-002   45.555655538722277     
   1.4302414213066941        46.596174314313906     
   1.5775479276664328        47.450191846890760     
   1.0814950352937587        47.699724743859704     
  0.58527667217316637        47.469801974299230     
   1.0962572694508981        48.464613268497317     
  0.57837371419869710        48.719322537566512     
   6.6506747216502848E-002   48.430169335108737     
   9.2643855387786189E-002   47.718993086054873     
   1.4664577034944577        48.648134333684119     
   1.5833424294107665        49.463660915944374     
   1.0410184072489530        49.737701173395635     
  0.56286901395300482        49.345507381597479     
   5.1568884644053181E-002   50.393032991019410     
  -8.3583293936146053E-002   49.611451744227040     
  0.94200459504294698        50.367170956489758     
  0.55697125797958880        50.585765646388666     
   1.4548816508162945        50.647382668690099     
   1.5535586784781636        51.372933507703628     
  0.94862414693539454        51.633788949070791     
  0.50613850671368854        51.354734317815463     
  0.98179044877048560        52.413242910955667     
  0.55479656935547617        52.643181145734253     
   3.3291875076028044E-003   52.370073970913936     
  -1.4471862977279648E-002   51.612585734950457     
   1.5730828933627266        52.610867174085740     
   1.5677275932524404        53.388902656283477     
  0.96568001875139231        53.660770891498515     
  0.50492749697444328        53.314475667900211     
  -8.7517442993532590E-002   54.318738520543413     
  -7.9175326119373279E-002   53.586763012605715     
  0.93000567058252570        54.341187585558188     
  0.49183383212503518        54.575096614897333     
   1.5565738498231814        54.638545366740829     
   1.5101400875043116        55.342460986754162     
  0.96688341180808690        55.604520474490890     
  0.46618446482806475        55.385095876558808     
   1.0336305580309522        56.404925529353200     
  0.52517448003367673        56.654667237839206     
  -3.2832198632782306E-002   56.398192514339392     
   2.5932024459159209E-002   55.620702581247158     
   1.4427194344001002        56.574937078732304     
   1.5144968389574485        57.366179887467112     
  0.97196585070605923        57.621812229491930     
  0.56089440589263995        57.412706909720534     
   1.0125960308734707        58.414888731671233     
  0.55116339826846461        58.653724712921431     
   8.5990828788032769E-002   58.442303423207910     
   2.1555951518535843E-002   57.667956732215501     
   1.4172427268754835        58.569552448908240     
   1.5511016893518415        59.410535206850014     
   1.0287565246392310        59.664511763581658     
  0.54715055066966445        59.430130107544109     
   1.0561866130450834        60.403660925633488     
  0.50900101895253025        60.660819128562821     
  -7.8624676328338250E-003   60.390338154783848     
   4.5240685077346243E-002   59.684589884213686     
   1.5188170742113360        60.649777057213399     
   1.5067880984467421        61.358271611934235     
  0.97737102813351495        61.614320412817996     
  0.54135562043030050        61.410694076395309     
   1.0245130391614050        62.437577434060358     
  0.53628176132305838        62.694279347756847     
  -6.6115234924194466E-002   62.263809809922861     
  -2.8513300051667967E-003   61.677561786983482     
   1.4280908799219056        62.580101792702358     
   1.5699332359256268        63.367539392895374     
  0.92105851551129891        63.626052919396678     
  0.44488718017177131        63.294782031609792     
  0.95965285254667143        64.309237215541145     
  0.41324493981595312        64.566130953273600     
  -7.9254937831873429E-002   64.370064958410893     
  -4.0920348595376632E-002   63.552320383199721     
   2.4650836964334926       0.61146030355746128     
   2.5516370536980699        1.3884805463463830     
   1.9692578628605146        1.6529570628338399     
   1.9233409715818459       0.37990439874079940     
   1.9490259786429471        2.3285766865067030     
   2.5580129612904572        2.6452459566672490     
   2.4855274829579086        3.3510451741245890     
   1.9996107648095145        3.6034052759026056     
   1.9807943471646086        4.3924187394364713     
   2.5346306588120084        4.6386371709958700     
   2.5397163209141822        5.3569409979855331     
   1.9475601321540585        5.6192663903251203     
   2.0376171140020993        6.4083516960846021     
   2.4045207582445478        6.5476527773693256     
   2.5236452775811733        7.3858725751993957     
   2.0018669472543342        7.6397664935060359     
   2.0144221104665445        8.3669139211171686     
   2.4822451969211006        8.6192605975573624     
   2.4756838170272397        9.3193164022100063     
   1.9267126936060088        9.5799602539500093     
   1.9295872376841958        10.329009825028324     
   2.4657494135969342        10.565277382432885     
   2.4671463118775061        11.364304034056254     
   2.0023744592510520        11.604404876631728     
   2.0929085291972109        12.456565329510566     
   2.4810448692159062        12.614613394713595     
   2.5557179151226852        13.357937651753346     
   1.9177394031108377        13.615295243683654     
   1.9942862374786519        14.339103881651932     
   1.9557723692109446        15.570000186701614     
   2.5451375549977482        14.592097346823163     
   2.4626720079037820        15.310142649796703     
   1.9355168288372977        16.315852248845410     
   2.4231569985441950        16.567169790715091     
   2.4473690606674290        17.354030566286898     
   1.9945917509865279        17.590086983119750     
   2.0739472287920222        18.391953338772055     
   2.5500344294028494        18.655845750634839     
   2.4779122197693040        19.380283552936195     
   2.0430374605480144        19.614964082182066     
   2.0263143557014827        20.339226539547067     
   2.4051728078132122        20.604565288048214     
   2.4250780083487204        21.318449736690294     
   1.9525834663938533        21.560133698316857     
   1.9675845589538290        22.379563099360855     
   2.5239218197835975        22.601481934779635     
   2.5232507294895377        23.447223161278504     
   2.0689088706346581        23.690309754454987     
   1.9905074344946190        24.313899318190412     
   2.4686681954979823        24.670132231020418     
   2.4587150707745247        25.426536620658698     
   2.0719912312272868        25.643602284187605     
   1.9818370915333854        26.330323740034892     
   2.4567556253563909        26.655055242564956     
   2.4832980501025466        27.315616631002236     
   1.9090965394718660        27.575817764304958     
   2.0301687565967148        28.362380649179961     
   2.5348958858334436        28.581940784223761     
   2.4685832001674237        29.321069974606669     
   1.9629678779680351        29.577050269804648     
   2.0549218976559214        30.420921245132099     
   2.5750667861165590        30.627866289406857     
   2.5417889156829681        31.400597166005213     
   2.0103528499151260        31.664297028382915     
   1.9591557910679762        32.352945278195811     
   2.5446435923401420        32.664257598947053     
   2.5131622966472822        33.384470991591833     
   2.0125085220096888        33.637670948867815     
   1.9876985512846121        34.405819148655979     
   2.5733235034230582        34.663747324600450     
   2.5610777832640013        35.433290336596734     
   2.0329898263770936        35.697585722977799     
   1.9703738766719046        36.293962959979801     
   2.4057847847932274        36.611942703811756     
   2.4257243854117596        37.364848458758793     
   2.0216785536378672        37.584443944546244     
   2.0786844738651817        38.387290653230096     
   2.4158027879007551        38.597275304485564     
   2.4424006204068878        39.307831778911606     
   1.9208013864272120        39.561998359420926     
   2.0677138308755461        40.433286505789070     
   2.4141436437804025        40.545129680360255     
   2.5478692549874862        41.369689219646105     
   1.9416196345077270        41.635144632103000     
   1.9310657381271310        42.316121736792731     
   2.4237098439958773        42.558829059129486     
   2.4482703563736439        43.372112885451116     
   2.0182483402624394        43.601507215833749     
   1.9964192892655501        44.357256671696511     
   2.5554214580055374        44.672739153321068     
   2.5005312225519605        45.329241386570352     
   1.9586858281539823        45.592842655947223     
   1.9986585513245405        46.336233767860314     
   2.4426071606517130        46.577139864441158     
   2.4286591531037245        47.320656706019641     
   1.9564656855207769        47.564133525811684     
   2.0699020784789450        48.388535095995380     
   2.4317905556799815        48.570322232846635     
   2.4552682325449977        49.368388922592814     
   2.0127087232767482        49.601196715629584     
   2.0822551420471087        50.388920470406084     
   2.5378036106304869        50.666999992761752     
   2.4719147366925256        51.291408841061937     
   1.9246060682753992        51.559134947404495     
   1.9418596711522287        52.405095798907745     
   2.4084875594909665        52.546495840605047     
   2.5670448486629480        53.380244406100232     
   1.9543601337352499        53.643262546077999     
   1.9770296419618747        54.411338381899164     
   2.5704640331449822        54.615152368870426     
   2.5670082316708398        55.357684294243299     
   1.9252217755546441        55.622777015781921     
   1.9570943315941465        56.323949251724457     
   2.5751465725610325        56.614849388698893     
   2.4693513531991744        57.373701410054892     
   2.0440071048172839        57.608790696710365     
   1.9874204161487434        58.300133787697995     
   2.5392309148431762        58.712183541593689     
   2.4491922558045065        59.339564883300454     
   2.0194580142011107        59.574808109802987     
   2.0242048007181399        60.397999168833415     
   2.4237152929955590        60.596485754518852     
   2.5182426521536954        61.389179103122977     
   2.0015811669577102        61.643867698548540     
   1.9787731243459392        62.317467623204145     
   2.4345705752253175        62.604140765971366     
   2.4288420649290132        63.355430359223391     
   1.9930268993703870        63.589564387441349     
   1.9233409715818492        64.379904398740806     
   1.5346712230936150        64.599224951798277     
   3.4132331221279886       0.58502916706685981     
   3.4554299905239416        1.3372187710337990     
   2.9624814353036739        1.5840796562870763     
   3.0079341911937112       0.35413597290139609     
   2.9748549721987465        2.4176538207532419     
   3.4070321519720768        2.5663977077708808     
   3.5734170101153837        3.3923480330375981     
   2.9767647111219784        3.6557201850800447     
   3.0002812431188000        4.3987364916681821     
   3.4602252453838265        4.5884181880611772     
   3.5252513319453884        5.3533899906227704     
   2.9331423588212333        5.6158207567430445     
   2.9376898076473017        6.2913721348541110     
   3.4315524409581863        6.5616294898172125     
   3.4060306117288208        7.3031875304439984     
   2.9492361184257767        7.5415209443995659     
   2.9952820243523872        8.3669495113876344     
   3.4400675270280123        8.5657237518193803     
   3.4806862268231362        9.3776120988459812     
   2.9954527746443103        9.6267380969364869     
   2.9412364804651636        10.318512780800793     
   3.5478713994978439        10.665302861523125     
   3.4873618358193319        11.327664445321140     
   2.9658014146995875        11.587581427480862     
   2.9975940610399805        12.363053366814073     
   3.4221338305454259        12.566503664124873     
   3.4753457256322178        13.401055711015685     
   3.0214888455770348        13.643924556011253     
   2.9283204048958389        14.374414131808440     
   3.5646893967405413        14.681776782775531     
   3.5635912275146633        15.401187034611697     
   2.9932377506645556        15.667613275969693     
   2.9674224247156800        16.306375316278789     
   3.5205552997499812        16.657167210218265     
   3.4511104689744379        17.269211165411932     
   2.9079338094618326        17.536436584130829     
   2.9953634883350713        18.417524865832050     
   3.5620633060458604        18.579916220709887     
   3.5686949790540776        19.441147626641943     
   3.0606592371969903        19.693547751889586     
   3.0492155042093430        20.337139194937464     
   3.4878954264226936        20.684685406543949     
   3.4260276641743772        21.272665980515811     
   2.9197184550876436        21.529980263196315     
   2.9494117655676875        22.374250076873636     
   3.5229855279686237        22.577844020608033     
   3.5237863183186771        23.335859266725542     
   2.9157416322232734        23.602626178989990     
   3.0957004680897007        24.402253959851304     
   3.5835874497653823        24.606969487245834     
   3.4943396955825925        25.396485636379420     
   3.0674431959434347        25.628451037642506     
   3.0921993723721708        26.392422740431904     
   3.5378178516888346        26.703269380873238     
   3.4679842131190206        27.388000728728269     
   3.0293172227594436        27.629053354273591     
   2.9302412550698262        28.359408810991194     
   3.4759303200473606        28.643113612657523     
   3.5411364428018293        29.400862317089938     
   2.9989404500281092        29.660959976757677     
   2.9653187576641593        30.412134387279046     
   3.5980815724127693        30.665415434812523     
   3.5824474156256918        31.435243377472446     
   3.0470077691278097        31.695231914759052     
   3.0297950406700300        32.415764501350537     
   3.4153018887591520        32.608211423574012     
   3.5528689105098579        33.413238614570105     
   3.0289691597212398        33.669688164055138     
   3.0188324492552105        34.428876066318175     
   3.5953455685669820        34.680693086543286     
   3.5798388119981830        35.379365892721765     
   2.9655285141872203        35.644890294961428     
   3.0476850752487037        36.351625130324841     
   3.4984083321568562        36.616150781471376     
   3.4253756412235932        37.294169159282390     
   2.9509037869555814        37.542362898484903     
   3.0130902846559882        38.336222486461637     
   3.4892610007055680        38.603414831674883     
   3.4197953480246412        39.396116626557451     
   3.0562439284418654        39.604483839096311     
   2.9641812993806624        40.271667194001104     
   3.5111349418972968        40.708092341721162     
   3.4401727948247594        41.330638237783418     
   2.9905473581052568        41.572306550148113     
   2.9545486941063572        42.300047361195929     
   3.5594132500288773        42.677572382563511     
   3.4557350217809395        43.364293488659669     
   3.0507785202923543        43.590456396523614     
   3.0252726209873257        44.426606873745385     
   3.5467442541633352        44.673037409116816     
   3.5691961169154527        45.462386076051551     
   3.0616403209068164        45.721914528931272     
   2.9895789391317709        46.306005590409114     
   3.5072011696014185        46.701042051513674     
   3.4543291208263343        47.407509046728798     
   3.0642710922629450        47.626088678299759     
   2.9898271294294680        48.299971298924135     
   3.5263796932171587        48.715110031422263     
   3.4475730194935830        49.394762531512896     
   3.0739102315057920        49.606166440933123     
   3.0225956307293202        50.413193324801298     
   3.5353239394334222        50.684055771662031     
   3.5582216997384681        51.428376494165661     
   3.0158594083837817        51.695294894551758     
   2.9518023732307528        52.277200336020613     
   3.5495187255494334        52.712782392349574     
   3.4639792115524806        53.268373186349287     
   2.9244114248128730        53.540357821737516     
   2.9490201295426521        54.405412802121482     
   3.4188881213641165        54.549020863091954     
   3.5640669993218328        55.384522994672075     
   2.9504135103664626        55.653119240505461     
   2.9196512448083234        56.416081467931249     
   3.5003676746375505        56.599513750862414     
   3.5940555064854016        57.448131386799403     
   3.0519080906129523        57.705363640458387     
   3.0551942197351805        58.447587508391948     
   3.4986990690815309        58.649511390606854     
   3.5777252564612203        59.449107370893167     
   3.0576045197617683        59.704920231183308     
   3.0297544331929491        60.328797347578671     
   3.5327027481481279        60.714605149803816     
   3.4573613920317987        61.263443755838075     
   2.9095305728315153        61.535059537055062     
   3.0002733660505307        62.343063093874981     
   3.5014655804431030        62.572124847595674     
   3.4472306680058726        63.348870324077147     
   3.0040739299369790        63.584514262021145     
   3.0079341911937147        64.354135972901531     
   2.4650836964336440        64.611460303557521     
   3.9952970198641680       0.32544326771985066     
   4.4488497082978764       0.56743371641620688     
   4.4089407095553836        1.3990564108010450     
   4.0671088669400790        1.5954812625691621     
   3.9923156254217513        2.2897242427925146     
   4.5318485001246103        2.7281776460345437     
   4.4477985807137781        3.3101565841278520     
   3.9801184877547975        3.5596559789045150     
   3.9732064966694414        4.3361840194567520     
   4.5701295179014378        4.6578916374833410     
   4.4812760959703741        5.3847658112417296     
   4.0368661157443277        5.6277822302501228     
   3.9616625276859820        6.2952251850626073     
   4.5044038390602559        6.6795761272520497     
   4.4557926576800160        7.2889856546397125     
   3.9179717402152789        7.5516759686425843     
   3.9436281700929205        8.3167300162436320     
   4.4546616820149003        8.5561121360024117     
   4.4375525340218758        9.3803901714517401     
   4.0396763353475338        9.5984520167807776     
   4.0148788376955338        10.419637990392344     
   4.5106269822628979        10.650221566973581     
   4.5601789128272054        11.413677374072179     
   4.0051837399082091        11.676575369004928     
   3.9731061003893240        12.304269175002000     
   4.5558587293205406        12.692502627870152     
   4.4534983373435360        13.357318723953012     
   4.0462394732651052        13.584321198501659     
   4.0512259158297272        14.435387593099335     
   4.4962616214476814        14.645573634337611     
   4.5562425627108274        15.383551890212544     
   3.9674584579395118        15.644005995618802     
   3.9993785442297192        16.407255226972342     
   4.4244128917759014        16.569277661217860     
   4.5482798052671090        17.426539685042780     
   4.0164558078592627        17.694304985812323     
   3.9276224862341396        18.372162113782775     
   4.4465490456484638        18.625871321797199     
   4.5616609407491113        19.435190374520896     
   4.0593965209980798        19.685533187803692     
   4.0626367769795824        20.411004322233477     
   4.5481486980039403        20.684915389416812     
   4.5231200311413264        21.402245755098779     
   4.0105852546044494        21.663333505921770     
   3.9368668512247247        22.351071509372961     
   4.4228226749955821        22.604450169038614     
   4.5227757097076724        23.411491435825155     
   4.0149142401569353        23.670720246192651     
   3.9306040693055460        24.406486352796140     
   4.4928338755120381        24.643886791005311     
   4.5914608698425123        25.427987403866059     
   4.0219321596368811        25.686827611086027     
   4.0624867706615406        26.441674281292482     
   4.5092593233956757        26.634258955434490     
   4.5560525188062488        27.383368580217365     
   3.9719494215723148        27.642762461645852     
   4.0515551394659433        28.384577484974127     
   4.5375219255289156        28.624234717180876     
   4.4786371598264090        29.403871450942830     
   4.0623885100379518        29.631243054805172     
   4.0154629897692979        30.439152268632188     
   4.5048270335599616        30.662259810948171     
   4.5891678517918697        31.403929327707587     
   3.9772213317208713        31.663008597593681     
   4.0402013346624237        32.348927624454134     
   4.4742765386527594        32.608498202426944     
   4.4178111767265573        33.333560250829009     
   3.9974414314011364        33.561229657487786     
   4.0293425219367247        34.450127767111944     
   4.3996303072169880        34.584165830662819     
   4.5906121575738137        35.373637913266549     
   3.9170680309853654        35.631737691339950     
   3.9539439675051433        36.374288582640752     
   4.4166077695506951        36.535007514849298     
   4.5149475923595102        37.359278480964043     
   3.9532159664053692        37.619787327122772     
   3.9497417745767827        38.360780598606176     
   4.5623145298380745        38.621497078163486     
   4.5168106458425523        39.389914487966230     
   4.0316764430362921        39.637780088811262     
   4.0763475155399576        40.436359744803418     
   4.5588181459266544        40.666251427319210     
   4.5461949935501416        41.452266061782538     
   4.0785931418872208        41.697708149125049     
   4.0119804084507589        42.430459110959511     
   4.5683439636474681        42.707486293226630     
   4.5917591601974586        43.378793673528499     
   3.9326974627054558        43.636764024749816     
   4.0532337787105366        44.422099725411279     
   4.5403261041570158        44.585022408896279     
   4.5431447292566807        45.347592192274504     
   3.9225856805395227        45.613434217749145     
   4.0966960276335875        46.427924680355119     
   4.4568313859981448        46.555447190224648     
   4.5257438053094416        47.446987832891601     
   4.0949117887667184        47.676462117487041     
   4.0848025589370387        48.442517796021718     
   4.5634151644281946        48.709044565864900     
   4.5604309369888769        49.380921476371540     
   3.9768110705270088        49.643601660858756     
   4.0747976263496444        50.428022579040977     
   4.5813095440515381        50.636453733347636     
   4.5412356632962982        51.401825283829638     
   4.0333206766721865        51.655830817931324     
   4.0447933382781844        52.453428955773241     
   4.5616116012765904        52.665316589801279     
   4.5887253231119605        53.378606919558337     
   3.9221910993369127        53.642018065414980     
   3.9218847925415323        54.297314584304424     
   4.5607980739302567        54.616426479028384     
   4.4618345922110985        55.312684196706748     
   3.9760283519774395        55.568315312507650     
   3.9619946939063495        56.359715272487954     
   4.4777440111097579        56.600602465594591     
   4.4979787118353203        57.381608762094068     
   4.0117214618923267        57.626652378706972     
   4.0460771069936783        58.393051042605869     
   4.4712089097039760        58.616195320624136     
   4.4912648103421891        59.437122482036010     
   4.0947748277711922        59.654279469993718     
   4.0706101857479133        60.443525123513204     
   4.5270573037905333        60.688308645996329     
   4.5655799482212540        61.373295709977327     
   3.9274859687421761        61.640331759119853     
   3.9086648986300525        62.349253116214385     
   4.5639643466871078        62.606389412594275     
   4.5240863499608048        63.330999069762889     
   3.9358146653228729        63.598538892294222     
   3.9952970198640898        64.325443267719692     
   3.4132331221279069        64.585029167066807     
   5.4341643742525108       0.55883883633074272     
   5.4540773166714800        1.3338185913128888     
   4.9582172064123098        1.5821336821520449     
   4.9291260588191896       0.32063338044489653     
   5.0811068645228783        2.4545642105270082     
   5.5306786102206864        2.6072144412395710     
   5.5719225536291441        3.4120280770885865     
   5.0000855953849710        3.6753169019564971     
   4.9826122802827628        4.4305515816553411     
   5.5049370666882735        4.6268412382879749     
   5.5842272407605709        5.3982229926448060     
   4.9712718526983171        5.6571538879993364     
   5.0539419899486511        6.4148268051985404     
   5.4503336048391011        6.5776818294992943     
   5.5154006029477793        7.3470653229496827     
   4.9263018456083394        7.6108374400505046     
   4.9160965559308112        8.3159470491506529     
   5.4594757285174076        8.5654274247959457     
   5.4574397608239114        9.3502361638954827     
   4.9887590476125903        9.5911106011479941     
   5.0370056501241525        10.397185168426500     
   5.4555340202286686        10.594544284667318     
   5.5015876144802274        11.388613023969080     
   5.0157684819012491        11.634058827024933     
   5.0161056829166961        12.444892524519320     
   5.4556297772505049        12.614322820821085     
   5.5966299919310929        13.442679572657140     
   5.0461979962146781        13.702754440954516     
   5.0460774085756892        14.387080955628122     
   5.5333436641989087        14.674502007877509     
   5.4957021191361211        15.423282067898512     
   5.0623113893375997        15.658612131745006     
   4.9927506813294853        16.297021921062345     
   5.5246188539127070        16.717775333378221     
   5.4425781707106182        17.387108584105071     
   5.0730132407135580        17.596346486411196     
   5.0585699173137204        18.360437404314556     
   5.5384334345276764        18.713999577229806     
   5.4678432150469263        19.313148855041661     
   4.9643928098967578        19.571163744295120     
   5.0556037042543807        20.432430067141478     
   5.5131678845208185        20.604027712544099     
   5.5469080587078832        21.353793812448231     
   4.9262776199779870        21.614271808730955     
   5.0272579371405115        22.345118653368253     
   5.4773143697906645        22.572092939637013     
   5.4227479518616164        23.346344744984897     
   5.0109926959408426        23.570484470012012     
   5.0398801698768825        24.386915764690144     
   5.5570914463606993        24.663694241012344     
   5.4987622652424886        25.420391152131202     
   5.0763742388124964        25.650433693976559     
   5.0290186655660518        26.377167958247426     
   5.5112770491997924        26.681474815821112     
   5.5062667514011476        27.329237663444310     
   4.9260030278138869        27.592541050666235     
   4.9619444588304100        28.395167611289633     
   5.5655552515452440        28.593417923652304     
   5.5511881982407019        29.455858110220706     
   5.0961814454944898        29.694298328682692     
   5.0754586663502179        30.399022622541256     
   5.4340714764024831        30.639510018450725     
   5.4905814238075559        31.334633823843888     
   4.9334191662267592        31.592458161840394     
   4.9641193216033130        32.358038552493070     
   5.5097829658341553        32.583311316968391     
   5.4934014717606381        33.355082755199447     
   4.9788675689600241        33.608835638041008     
   4.9931600202333870        34.317993964190919     
   5.5029412365834824        34.633723325754019     
   5.4277039368183502        35.306848378177129     
   4.9596336240394132        35.555164564041384     
   4.9187578240618057        36.282265140543970     
   5.5334641837141891        36.641100130566151     
   5.4364815009921115        37.395493435744982     
   5.0702292337348256        37.605648835002214     
   4.9771386092844505        38.392671573971612     
   5.5864607462887683        38.715055968230580     
   5.5734237777495874        39.373208005718631     
   4.9582638609518659        39.638673296669374     
   5.0264817709351801        40.425115066537082     
   5.5937901132217833        40.623016343332864     
   5.5678141934746739        41.388453597271422     
   4.9935866461828242        41.652593392100542     
   5.0928072482902946        42.454012759198939     
   5.4561210661173583        42.596309029389111     
   5.5535238350296989        43.365188409763057     
   4.9235530443902453        43.628897008701088     
   4.9200566135591215        44.374761390707071     
   5.5635486949390280        44.596456481644999     
   5.5440223320133164        45.405462783651309     
   5.0026008675042695        45.672720474374323     
   4.9404329625492736        46.305244021627963     
   5.4174913137284699        46.600123360059591     
   5.4508925630648761        47.330214559345748     
   4.9499738232783885        47.580188825679457     
   5.0959707537847114        48.451589026559276     
   5.5934378331980623        48.625509107243651     
   5.5709463593013915        49.368449753838206     
   4.9502876759549492        49.637397089889426     
   4.9683054977672487        50.422540841396049     
   5.5051689675867417        50.591839874324251     
   5.5816500479732847        51.447104181959340     
   5.0542813569194545        51.703191635845329     
   5.0353391407400290        52.422175993641886     
   5.5660475642840632        52.687400942949751     
   5.5599654866921506        53.442370142446094     
   5.0356448818099553        53.708188621207867     
   4.9454085623906616        54.396736771304241     
   5.5600980114729577        54.690251403327565     
   5.5829699588654069        55.392007293503966     
   4.9624640564213189        55.656181498723562     
   4.9758907778053461        56.352229174998165     
   5.4861972149888381        56.595237472802808     
   5.4760041343636701        57.418531847461672     
   5.0706472633524058        57.640346029572484     
   5.0234541184597337        58.351627528700270     
   5.5638142359592599        58.723247520669211     
   5.4871590494270350        59.419475966570573     
   5.0981842629716674        59.636343710294305     
   5.0976062427278412        60.426785832557378     
   5.5657536665736842        60.719929241730853     
   5.5290943663681942        61.415490721673756     
   5.0320192320576247        61.673123247314884     
   4.9525382242062710        62.388915171105054     
   5.4498391437024027        62.629734014763791     
   5.5592929676593306        63.373507883923736     
   4.9353995551281251        63.638063078015527     
   4.9291260588191896        64.320633380444903     
   4.4488497082978791        64.567433716416204     
   6.4519865600364756       0.65839783244901728     
   6.4358293691030388        1.2899992997174858     
   5.9126822047671173        1.5452925657426850     
   5.9757394691196168       0.28962901540627473     
   5.9566684002490629        2.3800931060727595     
   6.4372275919015394        2.5425157000941274     
   6.5249196111840346        3.3944855429471970     
   6.0093237213993156        3.6472716804647645     
   6.0053127829656887        4.3773896239308696     
   6.4595332331730191        4.6103117170253114     
   6.4975800047681496        5.3725763051957003     
   5.9868478363915045        5.6254153416986830     
   5.9656517630766093        6.3238886941506953     
   6.4704722467687521        7.2829949707180406     
   5.9063659165364877        7.5524645200504672     
   6.5296841130031424        6.6467724693196857     
   5.9270455672924927        8.3246983425170846     
   6.4980826020238887        8.5642614336165366     
   6.4630381252273361        9.4220317669442206     
   6.0783154384605975        9.6370012342662594     
   6.0115896905106281        10.326746067467136     
   6.4771650646396273        10.675672254434255     
   6.4549074776682840        11.347154946013113     
   5.9902336648708463        11.587962494470235     
   6.0119433365244994        12.354806298890487     
   6.4566236557722494        12.601535029266698     
   6.4536032167948010        13.298414880111780     
   5.9067216426245137        13.558027270186519     
   6.0483888816781715        14.417907747325817     
   6.4684061292792112        14.551585940430963     
   6.5335077909456434        15.355052134039143     
   5.9330947101273672        15.616044684448202     
   6.0867895559234979        16.443255966729222     
   6.5456432475544002        16.591426325201912     
   6.5590875229882615        17.428457788997640     
   6.0502312084693797        17.679378583344356     
   6.0711160229249463        18.448403239274498     
   6.5504417486288276        18.671454667141500     
   6.5675431750320854        19.400172302621254     
   5.9854537538707495        19.665886986147925     
   5.9664475646000739        20.367043162628342     
   6.5370353219789887        20.635584136361487     
   6.5165115006873240        21.346735994516550     
   5.9434173434729809        21.614711122569695     
   5.9193975686452420        22.336023577847591     
   6.4157723895823731        22.556609290423335     
   6.4809787679088702        23.321233520235392     
   5.9189499072023803        23.578767145219981     
   6.0113909723200560        24.423558817779220     
   6.4091603581584744        24.540472030855852     
   6.5743006527765484        25.434242514916406     
   6.0582540035716690        25.688165707405155     
   6.0809422173444343        26.418915343534447     
   6.5190282767962362        27.326606508141367     
   5.9141862754077037        27.595519275522673     
   6.5381657277383214        26.677903769043564     
   5.9200628487916189        28.393570684609358     
   6.5643679847310299        28.587190534780625     
   6.5659697713132665        29.401785676786425     
   6.0068611160646768        29.661500654942088     
   6.0869204419677034        30.383435313571521     
   6.5153040855975259        30.651594541266697     
   6.4497829518870819        31.278592263984713     
   5.9154765606290143        31.543380615219931     
   5.9275637777946599        32.358344801090290     
   6.4446834245095967        32.547678574067859     
   6.5091282652269165        33.406876179473585     
   6.0305538695033007        33.653021867682419     
   5.9863953315145020        34.380017181079950     
   6.4719517738269925        34.632036543943087     
   6.5210670483291704        35.352364474542725     
   5.9401393788040364        35.612870993636093     
   5.9668900406913163        36.405650483476137     
   6.4762736780587140        36.574069707154777     
   6.5534447267397953        37.380257506195179     
   5.9648173842985290        37.639853495318484     
   6.0891319253096317        38.463422568758233     
   6.4484566242978083        38.580093596093775     
   6.5790110032939619        39.386117976518626     
   5.9434107962557094        39.649028870535730     
   5.9485812494424657        40.422859699817707     
   6.5057235073340491        40.590012498954536     
   6.5837569215560823        41.382895562467077     
   5.9364972855740428        41.640600174112514     
   5.9813500877043433        42.343103789839645     
   5.9493995694393487        43.579957196205413     
   6.5749477442015714        42.617825263868419     
   6.4879684234006616        43.310208626901883     
   5.9262703852920948        44.392771075223145     
   6.4057780699701237        44.560614051056142     
   6.5587404595012568        45.373801914669890     
   5.9547215145434240        45.634699924613592     
   6.0180876649062576        46.339517860793400     
   6.4913482144323407        46.601330318584914     
   6.4280972496929083        47.313792752350452     
   5.9666543843745181        47.557044112040060     
   5.9533419810673980        48.423091588398385     
   6.4717244099315749        48.594635622527157     
   6.5886460927951074        49.424602414382584     
   5.9974916132553213        49.693638848918468     
   5.9563362734028873        50.353829470263797     
   6.4874952967931083        50.625983632468312     
   6.5030571247727487        51.402197145283132     
   6.0403376335949899        51.641148296319166     
   6.0567698640963963        52.440023946978457     
   6.4701726508169672        52.629578134197175     
   6.5606964243024297        53.407992779134062     
   6.0119586344690426        53.664302977468203     
   6.0683858901409904        54.440328044619562     
   6.4836078579060752        54.617463083904575     
   6.5535403262051419        55.440370267409364     
   6.0444131332725073        55.697718597020121     
   5.9813071495651275        56.340785716948311     
   6.4759406744695180        56.652753760238483     
   6.4865288682817832        57.392837067035188     
   6.0360711784735894        57.627983787079039     
   6.0760669372902969        58.463961082075166     
   6.4557700853224427        58.622512712622310     
   6.5936367403107790        59.461317935992703     
   6.0859366155492562        59.713228569432879     
   6.0964681729446948        60.460528564479624     
   6.4181341962084879        60.625280939662169     
   6.5758667787155831        61.406295885610412     
   6.0070172016751160        61.667334759323168     
   6.0505024163111809        62.369456162958940     
   6.5286614337440225        62.653789542021705     
   6.4550223172782015        63.405656796501340     
   6.0615291860345906        63.627350486308409     
   5.9757394691196151        64.289629015406376     
   5.4341643742526147        64.558838836330793     
   7.0786719651502166       0.39119632136910720     
   7.5618045549329089       0.69559904260465732     
   7.4815996356547867        1.3848618431466599     
   7.0275600292160600        1.6322849486243762     
   6.9435080143949923        2.2825370526363562     
   7.4939308128727076        2.6710656640402775     
   7.4471795842412982        3.3465761509382608     
   7.0010030362739224        3.5831665946497315     
   7.0086360322329879        4.3520466443570927     
   7.5302490582022630        4.6507244680664366     
   7.4757783180724644        5.2918927685789825     
   6.9158538174214153        5.5588951910388005     
   6.9912926288625457        6.4036168801270064     
   7.4257001442059387        6.5415390071337338     
   7.5446175672227804        7.3994294793661988     
   6.9812465946194413        7.6686590672888713     
   6.9190552309519848        8.3347638212490516     
   7.5380891989184162        8.6477216632554263     
   7.5113539505243834        9.3181519909483672     
   6.9072780710136481        9.5888022995277531     
   7.0923136756176559        10.405455875402120     
   7.5439164840663331        10.583166146930900     
   7.4991999348299085        11.312411209548602     
   6.9239146997404424        11.579166683752467     
   6.9828104536567324        12.346836207641497     
   7.5333893054211307        12.590107299714056     
   7.4746918952189194        13.325647921214754     
   6.9509374596986202        13.588409290521245     
   6.9124089903975232        14.316446289715454     
   7.4664307003372041        14.587659616448381     
   7.4674700924777682        15.318192997343434     
   6.9272876175648364        15.576924787512869     
   6.9271117077631166        16.380552927988493     
   7.5801410325745193        16.603811503397999     
   7.5519615430284004        17.391861216350215     
   7.0087704598167564        17.651811765916538     
   7.0437671985052086        18.424614329719684     
   7.4899499870605624        18.619471664693926     
   7.5399242858744202        19.363640119680014     
   6.9465273351255723        19.624111595678446     
   6.9887581442932110        20.399032532380751     
   7.5755450314857473        20.611419507635734     
   7.5481648632193714        21.369556587837284     
   6.9656377179057163        21.638404355172685     
   6.9532393475591086        22.299096289700515     
   7.4662768163843261        22.604043261934773     
   7.4198095838786333        23.325886609113763     
   6.9710056324506766        23.565172374985288     
   6.9243762538106139        24.282013421289225     
   7.5257373778109322        24.646705655222981     
   7.4481303399965650        25.281173641212106     
   6.9265725225402157        25.545359849718089     
   7.0543252091740261        26.422962587513918     
   7.5018755365271961        26.577467081625930     
   7.5378692124549493        27.384393687649759     
   6.9674002576283449        27.651419219046552     
   6.9192270682482082        28.386426186493839     
   7.4891472948906044        28.607114928399152     
   7.5610267167554959        29.446927136919850     
   7.0600516997714857        29.699757767085934     
   7.0123935251058365        30.393670844778157     
   7.4840776009939720        30.654817361985160     
   7.5347821933296970        31.409933825401417     
   7.0019686640247523        31.673517928959480     
   6.9379520937647650        32.294275597951831     
   7.4084735463227469        32.596592398815858     
   7.4418729607336731        33.399240374938074     
   7.0637639313662426        33.609056951611883     
   7.0458935430176117        34.368790813496915     
   7.5610935159528641        34.712686834389331     
   7.4867918220979535        35.389096180352361     
   7.0362018404530788        35.633551850409724     
   6.9609622997603253        36.322421984876677     
   7.5231184695939248        36.679514530283022     
   7.4829537952611629        37.395755374074120     
   7.0361574502217605        37.635001574592735     
   6.9772153604783078        38.317593771786981     
   7.4705852246603150        38.647944457469542     
   7.4521059774501293        39.389273684421312     
   7.0322884222466771        39.618159570082994     
   6.9615459932891897        40.348345847779996     
   7.4249420918776128        40.611310122421926     
   7.5045128186471608        41.396632663472936     
   7.0082946764942191        41.650262832882596     
   6.9377095277755316        42.410209635813040     
   7.4403738937305235        42.614391717582095     
   7.5914990094041315        43.414264415841473     
   6.9864388403297761        43.683134061454133     
   6.9618214728667684        44.296376272506343     
   7.5462241380970880        44.674279075375146     
   7.4377623393550731        45.383352217570554     
   7.0638384007096189        45.598259153790934     
   6.9736242763216438        46.345864823494516     
   7.4134190238380491        46.618527609026771     
   7.5031841433473438        47.358209723767160     
   6.9637978439406325        47.615125283165646     
   6.9676423095942743        48.345797427189460     
   7.4284268408453240        48.570165449329394     
   7.4677700977195780        49.343832173726057     
   6.9678631381272309        49.591762889366926     
   7.0082176675515644        50.373078138282040     
   7.4079524926325186        50.560455291737028     
   7.4820381990212370        51.368051272428943     
   6.9986651212753710        51.612195036792613     
   7.0330249189118250        52.371213566354911     
   7.4670083972733341        52.610024496385080     
   7.4635862786384131        53.325286565686284     
   6.9478324973659404        53.577928166625519     
   7.0002288403576509        54.366287032802617     
   7.4130934466766805        54.551520768944783     
   7.4778104297779038        55.399130260234820     
   7.0494465198962093        55.627288343344695     
   7.0646571438725392        56.389028425289290     
   7.4687267217708193        56.639980430941613     
   7.4730958231408797        57.385314641630380     
   7.0304398716145755        57.618489484001167     
   7.0331297334613643        58.359965070854386     
   7.4247314355187308        58.606424288182659     
   7.4471672252485126        59.308075416871290     
   6.9153309611650071        59.565303763290899     
   7.0740840284184534        60.367398577934068     
   7.5286224607227767        60.602153689341947     
   7.4433693322865109        61.275614604735807     
   6.9275120336728095        61.537657928355792     
   6.9989038670542776        62.407637305722204     
   7.5131351194968126        62.579008760805827     
   7.5458798099256326        63.418899186845167     
   7.0417528212032687        63.667919186110687     
   7.0786719651501615        64.391196321369108     
   6.4519865600364437        64.658397832448969     
   8.4943586880934827       0.64941895714282549     
   8.5872503559593820        1.4679374808519701     
   8.0874784672306212        1.7187547389137003     
   8.0393963874092069       0.44502150464680112     
   8.0633694014703110        2.4001782818505397     
   8.5045844368505179        2.6806955306419242     
   8.5090403571795044        3.3324237190705599     
   7.9277234494416353        3.5940788352777298     
   7.9990802869249658        4.4058554588275385     
   8.5425996596314739        4.5854381302367395     
   8.5462766587958505        5.3938270634604377     
   7.9790730904336478        5.6634735395446274     
   7.9275343336917325        6.2864801418229117     
   8.4498225701579415        6.6096861203277939     
   8.4304094597590140        7.3177224289587075     
   7.9579166925902998        7.5604790773060824     
   8.0034387077938884        8.4065630573488974     
   8.4577764358185359        8.5780933280690803     
   8.5344834290964666        9.3587249815855511     
   7.9275388346781606        9.6242351703150355     
   7.9095308171348195        10.377664166963019     
   8.4496301823728430        10.562688478122489     
   8.5469527083296093        11.421659657776615     
   8.0121858899327805        11.686968321036575     
   7.9365886206400740        12.365780892079139     
   8.5571544471192809        12.674454885918996     
   8.5468125392917909        13.369429998722962     
   7.9620970595701444        13.635816008056061     
   7.9608705663923960        14.339061851126525     
   8.4066354816282161        14.559374947096423     
   8.4663117567205592        15.400760976925758     
   8.0330982890073308        15.635383695328834     
   7.9457407116523280        16.396491303373818     
   8.5057501448497170        16.655800529354746     
   8.5787940933983755        17.461103098416395     
   8.0696150939613940        17.716558154037095     
   8.0211425960582794        18.358987546990402     
   8.4431542653064753        18.640714876103019     
   8.4800691019640482        19.338738806102995     
   7.9449806873386919        19.595388443709389     
   7.9395308698055969        20.407240454278739     
   8.5541589035207704        20.606996485518685     
   8.5747143253449494        21.419536280607076     
   8.0093184491910581        21.684694079555889     
   7.9775234064581744        22.345989905173788     
   8.4578167450415531        22.616867494183801     
   8.4753212667008420        23.316516198403363     
   7.9206303853545883        23.574620876924186     
   7.9802904268730801        24.403946136234914     
   8.4020210771282908        24.537019866093235     
   8.5555635121001554        25.413308865038079     
   8.0062485877497167        25.681062753561271     
   7.9454028305764099        26.340740201012597     
   8.4238125941352564        26.601568937267075     
   8.4956370737226372        27.364336720021416     
   7.9793428267212985        27.616792909391577     
   7.9825241124408066        28.359823195860617     
   8.4286713204963295        28.578432998690690     
   8.4792271186709147        29.329451066763799     
   7.9313438796437898        29.587024118192570     
   8.0679040738090517        30.394423497997284     
   8.4160314925082975        30.544943687948681     
   8.4706645840851706        31.330032543551912     
   7.9424719484060198        31.583308458520357     
   8.0185331340972414        32.335822968730909     
   8.4688029622043164        32.585394717233619     
   8.4117534444877045        33.351938438409348     
   8.0227801964220653        33.567363718544037     
   8.0624042060448762        34.456407323638629     
   8.4702716631110473        34.622666598803718     
   8.5787061312941617        35.396880021267954     
   7.9750833074688545        35.656245294809224     
   8.0533284736929360        36.420729227960358     
   8.5218382666994188        36.609276650919270     
   8.5333346350662218        37.431860857121791     
   8.0665042036425731        37.672941878450118     
   8.0546809656082843        38.379919935889077     
   8.4149135740304093        38.615450686650647     
   8.4727150219089111        39.367651520037136     
   8.0033011253508928        39.608027672935108     
   8.0416496884811224        40.351099736140036     
   8.4088992465137267        40.586537711974657     
   8.4140243031542070        41.365477638654795     
   8.0288805145005711        41.577844367111759     
   8.0290281274060078        42.349960307965631     
   8.4858687227765834        42.647825745016526     
   8.4442846557202458        43.369154850851331     
   8.0268619604587723        43.595685727828815     
   7.9990284334327786        44.428892563617296     
   8.4980882510673439        44.638075716633111     
   8.5793957853266392        45.418180742903232     
   8.0145437859491793        45.675959430694000     
   8.0705986060162580        46.363186528711047     
   8.4339295943582044        46.610064208809554     
   8.4052119924755271        47.315388651645129     
   7.9662139662513383        47.548569132326676     
   7.9635561882276962        48.313633087522739     
   8.5582318264970922        48.651134283765288     
   8.4520402579610838        49.391417193365186     
   8.0690950901677621        49.609498981910420     
   7.9960435231291607        50.286097697528120     
   8.5414638738062667        50.743031198950597     
   8.4349595716430521        51.391205540671919     
   8.0884936096718185        51.592888765118410     
   8.0190450667731206        52.341847287834980     
   8.4780870300177025        52.674099753251262     
   8.4689591266587012        53.383798617093532     
   8.0174124024476132        53.623242899928044     
   7.9631067528031441        54.286634095732396     
   8.5140479853876450        54.679788331774297     
   8.4285675118876426        55.376004903139872     
   8.0630444056285704        55.583438081032568     
   8.0511147876022839        56.374282516127849     
   8.4914877132289810        56.664474464342639     
   8.4732874829946390        57.302898389438560     
   7.9106941803517525        57.565571305664690     
   8.0215165449233226        58.345054616883267     
   7.9260941609884430        59.548012902123560     
   8.5512120616072416        58.598856958261074     
   8.4596052350780298        59.279306424045842     
   7.9194400803451108        60.383642566653258     
   8.4427579720255768        60.557431242600998     
   8.5525324996498515        61.437111921795967     
   8.0324151080998760        61.700679633977508     
   7.9525186418730494        62.341633218434517     
   8.4879696826998750        62.655981654325203     
   8.5099957165400735        63.415220989819467     
   8.0525461621337655        63.653266603436194     
   8.0393963874091572        64.445021504646832     
   7.5618045549329116        64.695599042604655     
   9.4208931183783591       0.59871134829646455     
   9.4846976338759692        1.3769168837417560     
   9.0103440794831737        1.6188354034978067     
   9.0505277364550647       0.39127580842754572     
   9.0849398605950231        2.4191462613272572     
   9.4100969644372814        2.5839479932761913     
   9.4963640355965815        3.3391396679244263     
   8.9298197307535663        3.6006489096458383     
   8.9201758448456285        4.3759804604081696     
   9.5238244093664601        4.5878150361970675     
   9.5389663929382031        5.3490633020979139     
   8.9301146926622206        5.6112212778913708     
   8.9940012857435772        6.3504809472789905     
   9.5423256344579848        6.5973416053763545     
   9.4697822676144519        7.3917259429307691     
   9.0446119355319361        7.6246884235503654     
   8.9782367157126775        8.3180123249256468     
   9.4709963818356755        8.6524405403219866     
   9.4554026542813574        9.4260010134238534     
   9.0688303280503728        9.6436882242681321     
   8.9759365464740455        10.295522294568704     
   9.4394926039263929        10.650690618814473     
   9.4470398136231903        11.333404009978775     
   8.9664615421275311        11.577308506675836     
   9.0393423973072817        12.429368779557496     
   9.4168462015184939        12.568695020686748     
   9.5607251625278113        13.424929111099843     
   9.0283145319979958        13.687493671769360     
   8.9819708942215453        14.290842986718944     
   9.4061010210624705        14.611299566432418     
   9.4005395310183477        15.341013439577681     
   9.0006722928716894        15.559206718102477     
   9.0509622324046735        16.399948843827008     
   9.5062999566209303        16.628617210116815     
   9.5000663842398971        17.387079559691855     
   9.0235377500257741        17.630322798597298     
   9.0758857632452674        18.380494958174850     
   9.5116959255023197        18.659512714017918     
   9.4550738917852062        19.302641306869742     
   8.9402101769015268        19.561231353659192     
   8.9457158548285722        20.392230764995212     
   9.4537569116983384        20.568278197489914     
   9.5514552211761092        21.434589787958998     
   9.0550022318686114        21.684841937815225     
   9.0281412341500840        22.351633462684148     
   9.5049627523489519        22.676007628456048     
   9.4632491884503427        23.370343193468756     
   9.0046984274822659        23.614692347944455     
   8.9392308680773311        24.270821625779369     
   9.5241073109770849        24.682574202725032     
   9.4326935413404307        25.357389111161684     
   9.0428990136264851        25.575999134413028     
   9.0324332470112036        26.336922594967948     
   9.5498314302103235        26.710828779616453     
   9.4531892482914426        27.341406331468711     
   9.0208039891593259        27.579196198007487     
   8.9880932844368235        28.315426740216235     
   9.4424646059411614        28.620747923526537     
   9.4254955792060375        29.320260834203733     
   8.9565686041840298        29.563365190552737     
   8.9343107748432526        30.290512733237176     
   9.4819855384409912        30.607062252855535     
   9.4224316842270373        31.356836260538323     
   9.0149234926831241        31.581704899131363     
   8.9529678742107262        32.332778852035567     
   9.5654858878777738        32.681741625143154     
   9.5002177758496629        33.390795745914843     
   9.0456993858069481        33.632125047330675     
   9.0273972116308467        34.361014002511681     
   9.4476433909945712        34.628183901074564     
   9.4644755481669183        35.399010061878073     
   9.0406431156900773        35.628157891152611     
   8.9802068606249623        36.367983734980818     
   9.5719912072005577        36.694336070254458     
   9.5334047875531489        37.363356445246446     
   8.9831064068044952        37.626005879364627     
   9.0565339564880372        38.357746212846536     
   9.5270459892939137        38.648727119832145     
   9.4420235344217431        39.279241138894704     
   8.9376372194932383        39.538963001517217     
   8.9925498688951500        40.324460078807320     
   9.5504369607094084        40.626772172321182     
   9.4391656306312317        41.372634706099554     
   9.0649237190562637        41.585459164002884     
   9.0356785736301592        42.381668720185132     
   9.5491986035548138        42.695491566524765     
   9.5084237644650837        43.385104460993666     
   9.0259361022578055        43.632785433463546     
   9.0295213672771268        44.382689156558882     
   9.5456007282738540        44.666867658531622     
   9.5060733621838693        45.332223298534288     
   8.9504375919210943        45.595950574292324     
   9.0003734320404547        46.346345381125488     
   9.5267062210078066        46.611118586902165     
   9.4610943227047350        47.336252318190049     
   8.9845440227957898        47.584662490629427     
   8.9677742045301461        48.423710317484442     
   9.4241443184636964        48.587413605658789     
   9.5895421418860494        49.418038587093783     
   9.0166734584212698        49.678905242273323     
   9.0815917892230029        50.469545845790478     
   9.4653603263569597        50.614525078610832     
   9.5899606958650629        51.413376547565662     
   8.9986882284605887        51.673170586563195     
   9.0878530380535683        52.409535598870718     
   9.5758054842785416        52.660001561096202     
   9.5015612795128028        53.389485896819060     
   9.0480791274424988        53.630871566252765     
   9.0344895444287072        54.415643449504586     
   9.4782559211555650        54.639068496504919     
   9.5408495806141147        55.391011193059384     
   8.9966369845976697        55.646540057814697     
   9.0565910023902578        56.402044271189901     
   9.5374448808123962        56.637426956574743     
   9.5024846768267022        57.422657307177467     
   9.0396477079566626        57.671578824039926     
   8.9351747014899860        58.379027413773137     
   9.5027651915092815        58.665893459978292     
   9.5635127943746721        59.359898712740659     
   8.9062675460087437        59.619209297459484     
   8.9247657913822156        60.312841005514571     
   9.5606080913693141        60.593126253845767     
   9.4639519560167358        61.397852389044758     
   9.0799965688821853        61.613169573801173     
   9.0694175039057168        62.391591335115059     
   9.5745095177285737        62.725368246755274     
   9.5072357831871894        63.373661053077811     
   9.0280709826580647        63.622961378353573     
   9.0505277364551144        64.391275808427537     
   8.4943586880934596        64.649418957142871     
   10.025141970969889       0.33557215120397565     
   10.516307877435603       0.67157959778625553     
   10.428830181996810        1.4044676640481382     
   10.090640108650433        1.6001415443098077     
   10.031806581801698        2.3103628082928593     
   10.470656174983572        2.6916687840045990     
   10.416049216735205        3.3212063488877641     
   9.9766699732928732        3.5575111904032584     
   9.9378158065834725        4.3635802627534837     
   10.550684984978357        4.6344826315746124     
   10.529128198145784        5.3484787907994606     
   9.9397364090507629        5.6180397122487378     
   9.9218880335825865        6.3850121750516067     
   10.512396221463518        6.5917657533341334     
   10.551344385765619        7.4252172017468876     
   10.045875101608670        7.6750290411670008     
   10.058142877372671        8.3864444540771057     
   10.442278590830776        8.6211625157209166     
   10.472931735701032        9.3851573909163868     
   10.029398414448417        9.6180751608670754     
   10.088274016305657        10.388846036194590     
   10.411227902799126        10.598631571532110     
   10.436358943208493        11.378259322221277     
   10.027282288407937        11.601296007737385     
   9.9795011361441972        12.301623657827779     
   10.480825777250189        12.656242905565279     
   10.423572485404538        13.392352255744868     
   10.072013777310353        13.592119602819722     
   10.051881334551416        14.340055191165055     
   10.515096962185341        14.709516562593320     
   10.438867073620234        15.308633178558157     
   9.9747546517280590        15.554957843886767     
   9.9979528726469233        16.381124225427595     
   10.562823399880687        16.635589023879479     
   10.519285658204170        17.369482943214859     
   9.9987559615909163        17.626784010930585     
   10.018113513334491        18.403536956348180     
   10.493358939566079        18.616811213224754     
   10.525928700203508        19.362750025494115     
   9.9509205747240586        19.625944301915091     
   9.9412774326952071        20.321476394545503     
   10.415481186131732        20.559592671274554     
   10.451333206616496        21.393439230569680     
   10.052612737977704        21.610932534410768     
   10.060298881946089        22.410930115636990     
   10.533863345582329        23.318590551268340     
   9.9092242762118694        23.589040267179382     
   10.570964109043823        22.693109013420145     
   10.027820240440267        24.421737818859331     
   10.541475970694075        24.571353616471942     
   10.558611034563656        25.392856702866272     
   9.9922275069193631        25.652687943890687     
   10.041527757223138        26.452885521807371     
   10.513697114458671        26.618910720767190     
   10.591838830565072        27.473882720516144     
   10.084460142567830        27.728330096494911     
   10.042421973988187        28.346143540767546     
   10.546585090268422        28.732729536875883     
   10.476435600500627        29.331249020253676     
   9.9819775083874269        29.587462363942482     
   9.9637003646486253        30.357642470259695     
   10.516617541269412        30.623819752336516     
   10.501827727249740        31.317981404619779     
   9.9155426287712150        31.582318751275871     
   10.030709276443808        32.436592913286979     
   10.568490411264033        32.584894731940963     
   10.581018785364588        33.388182038954277     
   9.9681486712374436        33.650507700263482     
   10.039377222306488        34.366790366704230     
   10.408040665272257        34.558922481281463     
   10.442024529099406        35.354765806726448     
   9.9997681628545170        35.587163875659044     
   10.051023823375109        36.448289158758719     
   10.553898913564609        36.641140950508159     
   10.577302588908594        37.399790846858089     
   9.9796749721065083        37.664741948475402     
   9.9775511500942748        38.406271841407580     
   10.543255098252057        38.626403804104406     
   10.558253178345687        39.445306440965659     
   10.041438272217139        39.707503009848686     
   9.9567266134446051        40.397410682019007     
   10.590330375758189        40.706479850982788     
   10.584422682399255        41.430402011348320     
   10.042103839816177        41.688909689149362     
   10.064103789313201        42.439626459438259     
   10.529895431175214        42.657252961790476     
   10.555077289608063        43.363817073833289     
   9.9402917941792417        43.624831906695114     
   10.024449128703983        44.420357809766102     
   10.431924527765883        44.555620976338801     
   10.547296068174131        45.370870089076355     
   9.9453513401879228        45.634493541115305     
   9.9445761011915703        46.383630390475574     
   10.511708499050696        46.592387614112951     
   10.538205248919104        47.396016072982817     
   10.001772436535498        47.653847465668690     
   9.9900771682270602        48.323172502068601     
   10.482628450621432        48.633564530458351     
   10.436781427720510        49.318239489594298     
   9.9658888418449560        49.562413477083716     
   10.003928244783367        50.358290353346675     
   10.450967105834025        50.582214975731176     
   10.461299575564844        51.343926646789740     
   9.9732968876151560        51.590036389148061     
   9.9888394920261039        52.433942041831642     
   10.405635576292147        52.574060130231942     
   10.600453442653892        53.438555771034167     
   10.048997460359766        53.701232754817717     
   10.049628883235874        54.377939946014017     
   10.498689901209115        54.659633362700234     
   10.475723673877285        55.351552176759249     
   9.9847820328181047        55.600291024417707     
   9.9895506740233788        56.399865974618692     
   10.534373800236986        56.626333195639937     
   10.541877883046418        57.356850613933481     
   9.9425192147095789        57.620215144671818     
   10.074044306428068        58.406475368434506     
   10.416758425475400        58.549088246580340     
   10.488596244603221        59.342884014114581     
   9.9368155470072743        59.604437312655527     
   9.9032428383097368        60.395973098744477     
   10.566371113571858        60.610544559584703     
   10.576975433519120        61.430137193343938     
   10.043240539813761        61.685854623978720     
   10.077580398751845        62.469154393310561     
   10.485924057702297        62.638137746832754     
   10.592883952731109        63.431095806509852     
   10.021927467147355        63.692261356243542     
   10.025141970969765        64.335572151203877     
   9.4208931183783289        64.598711348296447     
   11.524516613342946       0.65642599354943765     
   11.545532449797840        1.4538987765239075     
   11.095344003427003        1.6892476798064266     
   11.023445620550181       0.41153186891597615     
   11.097690156801779        2.4139178692672125     
   11.431387979956968        2.6358715405938309     
   11.494128166173407        3.3985993748525907     
   11.029547062104761        3.6402288239698093     
   10.989891121300554        4.4002569028685521     
   11.534077552123405        4.6592679380324853     
   11.550775091901309        5.3885026401676086     
   10.975619080658229        5.6542639499375564     
   10.948998495220778        6.3598795117144009     
   11.499583419577407        6.6133382784125665     
   11.509278827041275        7.3855799922552983     
   11.012587475338037        7.6335989191565954     
   11.038526579586350        8.3589442287094506     
   11.434167888900447        8.6034758811046483     
   11.436060560015180        9.3031471888200361     
   10.925939006913003        9.5546865993936869     
   11.017901306942260        10.337407817749868     
   11.505110581800487        10.593477111364523     
   11.421424061494461        11.380278869353164     
   11.064344592111249        11.583396182742174     
   11.041728047201481        12.386601955867466     
   11.477915197394267        12.650996075918606     
   11.496813395257693        13.369136682895956     
   10.992791292912331        13.618357787223907     
   11.068616090404351        14.438338324578368     
   11.509621181608580        14.618539353116693     
   11.549418168971323        15.423853082347216     
   11.029251168502540        15.681115692687971     
   10.982027049985215        16.407418124527879     
   11.492070427004917        16.641846151522778     
   11.564262459764636        17.419037008067939     
   11.017429136283972        17.678550620501216     
   11.000072697223201        18.365104898504956     
   11.420101875070579        18.596222366679562     
   11.488154168117619        19.393680559851710     
   11.020080872577756        19.637607667494795     
   10.971313521645657        20.294056951748129     
   11.545888452307263        20.702108214728835     
   11.456469252055072        21.290200887002499     
   10.954668598675173        21.551644102246719     
   11.051216398587975        22.446171258078962     
   11.515085397806200        22.599909173800235     
   11.570521787729058        23.364592629170509     
   10.903993400051556        23.626576927092028     
   10.900243882656296        24.369773311348862     
   11.506103687373418        24.563806869794906     
   11.535302741553496        25.345403767301892     
   10.921928349033923        25.606705060917744     
   10.982822319999171        26.378396316277428     
   11.458024130426436        26.551684478995234     
   11.505769768878913        27.358219240520050     
   10.962872268424981        27.614977461753799     
   11.098546191807491        28.461875146061519     
   11.587551984187483        28.627878587411551     
   11.581839597218327        29.358098727892120     
   10.915289402746556        29.619821802325376     
   10.983163582103064        30.382806039210692     
   11.478950545055421        30.553391337199496     
   11.517358170100378        31.432814370679704     
   11.037104327759781        31.686116592217459     
   10.937371245219985        32.374958458921284     
   11.551565054740768        32.690316873604999     
   11.564943265758062        33.369838452990948     
   10.940100891592161        33.634617143473882     
   10.954988682640048        34.301322834218333     
   11.405651118178426        34.549737456584268     
   11.403316693755610        35.344915070936302     
   11.004101259961624        35.562899657852029     
   10.998443067712277        36.407424701767496     
   11.466872170993202        36.609753430626377     
   11.546606562659896        37.406463950854700     
   11.007949415996240        37.665129718391576     
   10.984161554841624        38.393114116050000     
   11.470003280886793        38.616152646802107     
   11.534681756008801        39.377136961648326     
   10.976374243696164        39.634409342477888     
   11.073895785918607        40.460788685690730     
   11.594807683683083        40.636292440460181     
   11.591828707844323        41.459188568013822     
   11.073127043029972        41.715621922587900     
   11.045641082887473        42.402530904060043     
   11.457839063076076        42.643752952366569     
   11.524032481140848        43.419378710977966     
   11.025903552834627        43.674819429295361     
   10.958344522745097        44.291835239463460     
   11.507357174188513        44.679452633039169     
   11.449735327096132        45.329038032316987     
   10.976322394230490        45.576762404695913     
   10.949654788761727        46.360146862526726     
   11.579091647770381        46.648027464372063     
   11.521911745782726        47.427467605144152     
   11.072836695920950        47.667650594526073     
   11.020909238759836        48.366617679722502     
   11.541602417669665        48.702645455852327     
   11.505589262226470        49.382828150414880     
   11.012081720663135        49.635589623894596     
   10.974186274675359        50.324316473522011     
   11.536778251799369        50.671295659659897     
   11.470684638987295        51.342083349402358     
   10.991668491221501        51.591909903939097     
   10.975629287392541        52.307676212440867     
   11.454434900418354        52.613135745752835     
   11.419572317415076        53.283598658357050     
   10.913551286523209        53.537893382545718     
   11.046261335814870        54.398416578026307     
   11.552126789011796        54.588874288253386     
   11.513241572506216        55.386426327853741     
   11.016233083646389        55.639061707168686     
   10.988981525619835        56.388329047727488     
   11.484044356618590        56.627304076720577     
   11.528221607126167        57.387352953172069     
   10.982738380240903        57.649058376311842     
   10.946992521328143        58.290424328925710     
   11.532393393552359        58.662380383130909     
   11.433972841321800        59.400009063683058     
   11.074928630276242        59.607468466395737     
   10.973049244817950        60.385334687287333     
   11.584592639449369        60.719662906799364     
   11.569772889899511        61.410203442433705     
   11.020966688099211        61.670847209016095     
   11.035749295311199        62.380122217262468     
   11.548111370426232        62.666236652741091     
   11.493899982116369        63.386896171926210     
   11.037803377876383        63.627656285566871     
   11.023445620550234        64.411531868915944     
   10.516307877435604        64.671579597786248     
   12.514801500353435       0.65858590985173127     
   12.520749736088035        1.4022442348519921     
   12.033528882765504        1.6478373679622815     
   12.040798015919709       0.40304748372722465     
   12.084504684686882        2.3786680996624816     
   12.465263155429449        2.6396189707125544     
   12.426497536485625        3.3549254568359044     
   12.017464158186522        3.5774807618894040     
   12.035463486962396        4.4101128645188279     
   12.421715512999272        4.5946413285202663     
   12.524289219499133        5.3583180510468003     
   11.949458880785759        5.6180824389752395     
   11.980464404430716        6.3694015209032688     
   12.519688662073092        6.5972916763491725     
   12.502866076551975        7.3243966461333718     
   11.927081277517463        7.5876102217049244     
   12.001814849630049        8.3428855332087597     
   12.451616030397501        8.5582244148369053     
   12.435725100684939        9.3535489343415943     
   11.991740499950048        9.5901898495870999     
   11.933737528508694        10.359282424200821     
   12.466660787177066        10.609545025326664     
   12.519746939857525        11.383567246116092     
   11.999361978058200        11.635415492655831     
   12.057661624884480        12.390398187189005     
   12.577009052975455        12.666006858283419     
   12.495535845851114        13.402847973813619     
   12.061816605094245        13.639367697735443     
   12.004841006533594        14.366602558720936     
   12.505545829289833        14.671079212605111     
   12.506326400847218        15.427327534994410     
   12.073195297356527        15.658176256343065     
   12.049286221564266        16.380182677831570     
   12.546497746767876        16.703976339920857     
   12.495290449254636        17.423577514012059     
   12.081167196775306        17.650109856746784     
   12.038640369465151        18.325582207971586     
   12.505673897708727        18.711032292315689     
   12.428003195763440        19.391111988507962     
   12.077505496757054        19.591704486013924     
   12.039872330236712        20.441926311751153     
   12.540220190931281        20.684593987334132     
   12.584020612226277        21.429975755564250     
   12.010399092197181        21.697343843424687     
   11.965777811391469        22.362004902856718     
   12.529285982629705        22.654847396004211     
   12.516682693417891        23.365736822515228     
   11.962903478705908        23.632491691540608     
   11.914520030943162        24.341013098751858     
   12.485084852756469        24.603930825770387     
   12.503576594830280        25.409408598182285     
   12.019320451031190        25.661766020580504     
   11.942485409858115        26.299404302680479     
   12.457951003322233        26.637100291721893     
   12.456045448191631        27.316558437547268     
   11.936175679328532        27.570498359751721     
   11.959849963956993        28.420645918569999     
   12.426393716152193        28.560096472169825     
   12.582284939198169        29.401118014176596     
   11.958209381363012        29.674121103241383     
   11.913959153146987        30.320869139138814     
   12.451283865566952        30.588949358652165     
   12.473952544111361        31.332736331679733     
   11.944098822655954        31.588045995748434     
   12.076290492380886        32.435566143759466     
   12.515478270630283        32.591626818059865     
   12.544880695932632        33.396598685156754     
   11.986726423038458        33.661337554613013     
   11.949046105512272        34.286464769287363     
   12.539471706630120        34.673800228183765     
   12.442103746467843        35.334495237521239     
   12.015859445499030        35.568831996263938     
   12.006501759520395        36.352191007364176     
   12.497762788046686        37.284046099813018     
   11.908982715798391        37.560346011235481     
   12.568681970388553        36.682859001502749     
   12.008739314921506        38.361047789258805     
   12.450140974914783        38.543978659765600     
   12.463286723552512        39.421085860057389     
   12.069073467355299        39.639830795881082     
   11.987121266776358        40.418244694261602     
   12.502516158712709        40.669845439642160     
   12.583403475603086        41.390993127219623     
   11.955950237458172        41.649430227894719     
   12.070678728374999        42.384087789829493     
   12.416022909313844        42.555371077561801     
   12.445949645397508        43.361409488432741     
   12.007993744991690        43.592435021144020     
   12.048298179216559        44.415469501647323     
   12.448782213156450        44.602055852632795     
   12.520718762465727        45.352213720852234     
   11.940217544828256        45.611797705906483     
   11.980490261349269        46.427695978886753     
   12.517366145638009        46.587782094182913     
   12.584657094277324        47.458511504013686     
   12.077460335674251        47.708815987330205     
   12.083772528369614        48.440646887133454     
   12.573451887396327        48.703456314931216     
   12.557623380189444        49.363806716485378     
   11.955392501919407        49.629280129809175     
   12.019505819894801        50.421300406255376     
   12.490904700090299        50.585795841216225     
   12.556256052289260        51.456991650505103     
   12.074261510472265        51.706065839681564     
   12.017152209902919        52.340292935095754     
   12.516946252360867        52.700565532357345     
   12.476807927014990        53.342632609964610     
   11.967626347218040        53.600663833882642     
   11.921032604805230        54.381630868255407     
   12.487377125463549        54.603679761176494     
   12.551460975873463        55.422856575994899     
   12.036336485117086        55.675884695114199     
   12.024713556259048        56.369197303258211     
   12.575380097771445        56.697557842311433     
   12.503935991129653        57.362888384672772     
   12.011412043814785        57.617505348276147     
   11.996484186554008        58.414914183390593     
   12.420123968291884        58.595260845724162     
   12.559000741566658        59.376520756571487     
   11.956154121954658        59.638043273938031     
   12.098868536420049        60.464666328245734     
   12.566915088394641        60.613027490668401     
   12.583503865552988        61.366960973976802     
   11.921266083397221        61.625439934098580     
   12.019762190556065        62.420503486414916     
   12.412931038946068        62.538348574192966     
   12.563759972881009        63.426933250830430     
   12.046020849770549        63.681856193716207     
   12.040798015919725        64.403047483727207     
   11.524516613342872        64.656425993549348     
   13.421464440105472       0.59566279064614025     
   13.514955739906981        1.4232679066807652     
   13.063505307381154        1.6606900148927675     
   13.043809822075870       0.40320554648502027     
   13.037219423391319        2.3695422549578202     
   13.551809021317659        2.7042833427860997     
   13.498413191313054        3.3245963512778807     
   12.954292909752203        3.5887883462013730     
   13.008353003744730        4.3351305944844878     
   13.468352194989517        4.5907546574193514     
   13.423263721322252        5.3179674999427951     
   12.964878630859801        5.5589595036297830     
   12.946190229597956        6.3685975578234464     
   13.529065835428851        6.6148914253728828     
   13.523546658785913        7.3274138676644691     
   12.905034214077343        7.5944796319639121     
   12.917840667400599        8.3172805976075850     
   13.405529478562343        8.5248514753229632     
   13.452250909030141        9.3681661688604372     
   13.012239968791741        9.6004219355916067     
   13.005752535524673        10.352257441056331     
   13.461020501623301        10.617504634752503     
   13.460877181356254        11.398010730730631     
   13.047981608984591        11.622290710484078     
   13.001002668350257        12.433992095081285     
   13.435890423878742        12.624638705423411     
   13.592662960148138        13.402854120283555     
   12.980971778209669        13.663945778505362     
   13.066783140037030        14.411015999216970     
   13.435066525015571        14.576590923042360     
   13.499186289171471        15.354136269988640     
   12.961626375667446        15.609321080944630     
   13.075169853619101        16.443656947021744     
   13.510035877328551        16.599203499059271     
   13.558446017635184        17.444959786448308     
   13.073529464496563        17.689745170739556     
   13.086805501996317        18.435531274319519     
   13.415338137564403        18.615983710718623     
   13.535876423454470        19.377630668953291     
   12.981029456325601        19.635619301121302     
   13.074820525722384        20.430005989835372     
   13.429560563108870        20.577161481827595     
   13.531957908062866        21.402416475874258     
   13.021559129188953        21.654027507240304     
   13.026003447782603        22.405228351128798     
   13.502055521635940        22.635497612742121     
   13.528786529580289        23.411373057296178     
   13.026493684053062        23.663746473015795     
   12.988650986617419        24.351047124791542     
   13.467547696087884        24.631402119473325     
   13.480431801861808        25.334514469620746     
   12.947525687962074        25.589829130034122     
   13.041243884472696        26.374619987986311     
   13.456985010120226        26.572811672534336     
   13.458280612073692        27.349341500991564     
   12.975538123741664        27.596577028397238     
   12.941743137632130        28.302822259914798     
   13.415740853835347        28.578669342004812     
   13.430277443492558        29.345689487961568     
   12.989649765550791        29.578382770538465     
   12.978976242826725        30.332942155153265     
   13.422821353927034        30.584925566284756     
   13.447471563373174        31.404914721065669     
   13.049897064099802        31.625445988796276     
   12.967460450117558        32.350556568884073     
   13.471111733234181        32.647857243539590     
   13.507588711508689        33.343247660424666     
   12.939290502464079        33.601977442076624     
   12.999929907701505        34.426788573823863     
   13.569731773225021        34.602078506160289     
   13.577512915306265        35.420828168715168     
   13.021878107202172        35.682160492631844     
   13.017130482368334        36.442369370588217     
   13.534787475841192        36.649093175062163     
   13.584599315460073        37.380664426370537     
   12.919627229094960        37.644991492060726     
   12.905702624946384        38.306236880810403     
   13.452664001500512        38.560317062520859     
   13.449403312406956        39.341601082630376     
   12.976792400549682        39.584383189173607     
   13.078879853341311        40.411178859742456     
   13.467424396119338        40.595709062193073     
   13.491900021011372        41.392135878958619     
   13.013504926995836        41.639268682161415     
   12.963391419475192        42.291059053256362     
   13.500673115364657        42.665867722321018     
   13.435483556501230        43.299017730954695     
   12.952409878949112        43.549352194919898     
   12.999831648306410        44.345446968559564     
   13.498140024394829        44.600647439020612     
   13.450965601423530        45.360474476798139     
   13.003742227893468        45.599609192440568     
   12.945924384512152        46.356948327334642     
   13.450577478016180        46.608463961586125     
   13.509261728158792        47.340771971641601     
   12.927456604433477        47.601302636010082     
   13.081190703820196        48.449414873204702     
   13.393547510937507        48.543022441165853     
   13.569758098703675        49.366654865799589     
   12.922956054758565        49.628645802956477     
   12.944636016844180        50.349745031891885     
   13.550893035811228        50.592283793198497     
   13.503554387349048        51.328986020173282     
   12.943316462660857        51.595611518175261     
   13.091427089855065        52.432197225933585     
   13.467384921932846        52.574201041577403     
   13.528459959494365        53.419825809541322     
   13.037195986389222        53.669855975211270     
   12.991969994281991        54.350134292031868     
   13.488659155952504        54.651331566187331     
   13.484652648392727        55.323763208389344     
   12.932104552709502        55.583281996425590     
   13.042028050956914        56.451032181117355     
   13.590964910143740        56.604415038869362     
   13.597865182054839        57.463050409133253     
   13.067403473700024        57.723320390959486     
   13.029789111306018        58.323855599936351     
   13.545846462782887        58.735560050247976     
   13.457869346225026        59.312753405679324     
   12.981194262512473        59.566775547960852     
   12.951909044881495        60.400299490331797     
   13.550967509263989        60.632476197027444     
   13.563909290685967        61.403696400755706     
   12.978634344437531        61.676062429629297     
   12.927030501316533        62.279012373408911     
   13.497377555374987        62.643273590108507     
   13.432264251369769        63.351650140270941     
   13.020891445603811        63.576563536527445     
   13.043809822075788        64.403205546485054     
   12.514801500353437        64.658585909851737     
   14.014602625133358       0.33495162783950205     
   14.508384631102034       0.63987731111883739     
   14.435580830315747        1.3158680804217175     
   13.974759089321944        1.5600171976290500     
   14.065403537546324        2.4467176870916996     
   14.547515054346542        2.6245827832604904     
   14.566888236239997        3.3733615342116465     
   13.941344482351512        3.6386348766138497     
   13.948141880643414        4.3438063791120678     
   14.509837468040816        4.5923731588540662     
   14.482532037443836        5.4176278171725123     
   14.060100265582706        5.6478148894279343     
   13.988041687399463        6.3719547983546532     
   14.576861505927518        6.7111451976034706     
   14.539915689751728        7.3982238272404963     
   13.997633946464040        7.6687075572733230     
   13.931514242406257        8.2619436007133213     
   14.486136849321605        8.6589268263963195     
   14.423017244242628        9.2956842419747527     
   13.950771047795978        9.5424376146614787     
   14.006935591936486        10.359525385482298     
   14.456604766303684        10.576166387825220     
   14.460450955832544        11.337578860201141     
   13.966053844501971        11.585262320243300     
   14.045268544329438        12.363410732606418     
   14.557302982493118        12.645179657818618     
   14.459727160881771        13.369726693624379     
   14.041495302186119        13.601361429573664     
   13.988466654384260        14.311842054206112     
   14.556950786720282        14.714640203195357     
   14.464354952075741        15.355044593302134     
   14.025255971308081        15.595650855269090     
   13.970057322232588        16.358098310773588     
   14.500999834874127        16.645979091545797     
   14.506822041030087        17.365524022794744     
   13.983597496025151        17.619271236223568     
   14.059477220039945        18.359150777351452     
   14.411817023393221        18.578432054563166     
   14.404627188927037        19.283737681643842     
   13.916652430250053        19.530070954780072     
   13.968506292550096        20.321925899117609     
   14.495705181539075        20.576707003314990     
   14.442010236824240        21.276452928466519     
   13.903771183447233        21.539231670830514     
   14.018358058514339        22.383240718028397     
   14.499937365786774        22.560028621575263     
   14.498656837116972        23.387354066311044     
   14.022079825694432        23.630783858449682     
   14.034224243806188        24.370004953837793     
   14.523478272219084        24.657927787516179     
   14.480933971081125        25.295109432060951     
   13.907839797015956        25.562727687176704     
   13.939595082017817        26.328151613101507     
   14.490478304672806        27.306601788055715     
   13.946782892153450        27.574629829259138     
   14.574510325844759        26.596872298861825     
   13.978130069012190        28.318772588951784     
   14.465747593736966        28.585191487182417     
   14.423808644670936        29.292792483607162     
   13.932731134795993        29.542295404910718     
   13.984294107925058        30.326096288272659     
   14.508306245106851        30.596572125243725     
   14.433640507196312        31.370600244421073     
   14.046751100633946        31.585945819263817     
   14.066694162086405        32.385604730435261     
   14.554134892953980        32.694882764329094     
   14.486269891309568        33.360200137378513     
   14.000957869958913        33.614611048539523     
   13.941113387732873        34.393913360199257     
   14.492698461671282        34.626932015336529     
   14.558765563056479        35.367169893121307     
   13.935033299183454        35.625800434624104     
   14.020757058300832        36.404136493490313     
   14.537630547606842        36.587385586473239     
   14.532338391604734        37.356990574918605     
   13.944286226327238        37.624732172764290     
   13.927873220514575        38.316148564727783     
   14.489629019647996        39.287696721609571     
   13.921111219796378        39.560878752248584     
   14.568646248725861        38.632615515750793     
   13.972582942447490        40.346408833907510     
   14.443474797678084        40.549066702754239     
   14.461449106623935        41.319240590528082     
   13.934179722785052        41.573295613881200     
   14.025631071428529        42.403815231869586     
   14.488689452568206        42.573598719507189     
   14.522146746764809        43.375066228911827     
   13.973771379086378        43.635499655552707     
   13.953191566207710        44.360613783421407     
   14.417692402619862        44.573253632047596     
   14.501806725350901        45.353210998662519     
   13.959958672633114        45.608609161480409     
   14.009540876116191        46.351029542656484     
   14.431432178779311        46.568699988366440     
   14.441921979160893        47.330621197177123     
   13.955923276155268        47.578016820084336     
   13.929685281152864        48.281014392083350     
   14.509626351737767        48.627377798212947     
   14.424994602586446        49.334766699321712     
   13.997033651850655        49.569794189784830     
   13.928451755029485        50.380313266998449     
   14.414353528707158        50.590135844752503     
   14.564157817131330        51.446491821472790     
   14.051722420588968        51.709524712867839     
   13.976546282162083        52.314286021174752     
   14.448992653708016        52.647650509284738     
   14.463004412153742        53.377309424229580     
   14.023795197705422        53.608912566217874     
   14.046141041490547        54.390460512785275     
   14.455463298903830        54.615713553381390     
   14.488969870610935        55.433499672036632     
   14.058696359065411        55.668849658186502     
   13.954574261915534        56.396936816943722     
   14.511850400429461        56.677616050114693     
   14.587147488082476        57.464138993613815     
   14.084448550055473        57.714003852150519     
   14.081075571166895        58.464200821253442     
   14.515725522873094        58.675278423005899     
   14.586334021786332        59.419640542870503     
   13.999561144639435        59.683398584259059     
   13.987102097586192        60.401191366435071     
   14.579610934111644        60.657663365876459     
   14.556705476865405        61.370099299265036     
   13.967666053525701        61.636298095525781     
   13.998558196228981        62.388590862058003     
   14.526848131371384        62.610679758733895     
   14.519651481267129        63.372079720246269     
   13.988817972665897        63.628349799332632     
   14.014602625133364        64.334951627839587     
   13.421464440105513        64.595662790646159     
   15.529778503983291       0.60661975958301295     
   15.532442555468489        1.3930999604322676     
   15.002899336718796        1.6512455047247800     
   14.982959839284135       0.39171339789486770     
   14.979240207631310        2.3944991721987359     
   15.488349384627929        2.6213465451905549     
   15.539450913736168        3.3835645089409461     
   14.970363199520740        3.6473284321651556     
   14.943887220464141        4.3603837524612850     
   15.463144458643278        4.5933116404224545     
   15.512616973303826        5.4420295703211892     
   15.093170007318683        5.6674772178571011     
   15.080280984974024        6.4572956953730527     
   15.503841275936882        6.6742098171297508     
   15.580309748469732        7.4324963160940198     
   15.032482862467891        7.6910380096285449     
   15.028225496761092        8.3922124800115157     
   15.481717873667280        8.6341416865826890     
   15.507199334083815        9.3521377680229811     
   14.950414547561143        9.6124751500747365     
   14.948995312687993        10.328193961837242     
   15.443189995330936        10.571394858263332     
   15.455291040999333        11.391843677254581     
   15.035802815672833        11.619262863719610     
   14.973499764890587        12.414257383087449     
   15.581981842457175        12.684952180577877     
   15.585527912339209        13.437903060550891     
   15.048016242422724        13.695828311900302     
   15.050909570698160        14.456581043702244     
   15.477614595692989        14.639015478041051     
   15.591773543743434        15.427176138470577     
   15.018464224225356        15.687932326297423     
   15.032727244539469        16.389870794608061     
   15.501252322226248        16.635183333402715     
   15.500055645520801        17.392045881062167     
   15.019684406796864        17.638585176857450     
   14.988726604727407        18.310070063505993     
   15.515170538238499        18.674346326406763     
   15.438858951318336        19.328924224380064     
   14.983756173592692        19.573815662876033     
   14.924700194881817        20.343709401161469     
   15.584037947689707        20.662317627240189     
   15.527087865644125        21.356703719425216     
   14.964218989559731        21.630562176614180     
   14.912054834121022        22.335448162579819     
   15.474809045930064        22.601211733100442     
   15.495799622161568        23.325763239736634     
   14.921031636225557        23.585813445593001     
   15.019666391573663        24.405965786791985     
   15.571064528252260        24.590949422884915     
   15.541726420412457        25.421416337215454     
   15.018557921173421        25.688180005466325     
   14.924499008344821        26.394156041191934     
   15.555388972790354        26.678020258775319     
   15.585949802215708        27.425908839760638     
   15.001692081145148        27.695578595774155     
   14.956315170421778        28.332067801133046     
   15.463997691485542        28.620747854291878     
   15.473973697567235        29.322493901591610     
   14.927721934917990        29.581689046097310     
   14.929246436082579        30.367648835806868     
   15.572548330200375        30.603144381380091     
   15.533923133279540        31.401474381638618     
   15.035211425045928        31.652906780342587     
   15.045205957570458        32.441893817071346     
   15.501225690819204        32.641190874837676     
   15.567579271011972        33.382698663664733     
   14.956359353220327        33.642399729320253     
   15.009792300784738        34.375674750026000     
   15.512348073312133        34.597612036738944     
   15.492899978378473        35.318017688644474     
   14.918084711570904        35.583604096249225     
   14.923416340503904        36.374704067984609     
   15.516803759093536        36.575315505770064     
   15.536567612726966        37.451666889978661     
   15.064278986075269        37.700896733570410     
   14.973691215126653        38.405025388517387     
   15.464127264589052        38.654971035093595     
   15.579949285609672        39.388393236463813     
   14.938723301927348        39.654814450348738     
   14.919734691502342        40.304930837950238     
   14.981589238223933        41.588992426850659     
   15.536812954039229        40.617386138375636     
   15.463674259666574        41.336610473080647     
   14.938192163121803        42.336627503824218     
   15.483027541546036        42.612431179273436     
   15.486446798950226        43.414599859161072     
   15.053802542564226        43.647078547908336     
   15.000502869554600        44.303239143403154     
   15.497742975091409        44.690554733008341     
   15.425572327974839        45.383635642050557     
   15.053650914005450        45.594895894031090     
   14.981250343841552        46.300578466865467     
   15.467406488320913        46.660815306408189     
   15.436805519892388        47.324159823564472     
   14.965501498168091        47.568054265915194     
   14.962051287985727        48.385379332555360     
   15.511768481395940        48.605732482792561     
   15.533334498343986        49.386867578159126     
   14.995443866607046        49.643563004777093     
   15.007092507908585        50.327161670075796     
   15.498666024954534        50.641019831245224     
   15.421273399028626        51.398807483077981     
   15.088127235859272        51.590729610145324     
   15.085542232555209        52.380926585290176     
   15.436900585124555        52.644314302091281     
   15.444089355093167        53.307240957795010     
   14.927058761702508        53.559788796506304     
   15.014918986595145        54.357626882545382     
   15.527592199369513        54.593462382573009     
   15.468583498541532        55.315541545185937     
   14.946438455969824        55.576353152301053     
   15.088076789212685        56.417929993589290     
   15.437912451202036        56.565844596057900     
   15.499489755899821        57.379536585408260     
   15.005603897119210        57.626067040548307     
   15.077425706639081        58.417846120010672     
   15.543497062407132        58.646573261370150     
   15.514796437575091        59.377898354056263     
   15.004860168383427        59.632112400319293     
   15.003158797610029        60.430188324531329     
   15.458437246292814        60.608448559049286     
   15.570017621561155        61.366032853384191     
   14.914127928286037        61.622573261263653     
   14.960668822352645        62.380418269052086     
   15.525353618118812        62.569687043419194     
   15.527313320913910        63.360220049894423     
   14.960160558239682        63.621919561441814     
   14.982959839284135        64.391713397894861     
   14.508384631102031        64.639877311118838     
   16.457612125862255       0.55593012406651265     
   16.523316332874021        1.3777925805650382     
   15.984118579647802        1.6334983347522072     
   15.954585633095247       0.37968680985279213     
   16.005297081554772        2.3695499769985799     
   16.438598635978501        2.5843953670367235     
   16.477547773693210        3.3239212518887546     
   15.927698200493792        3.5807487066932255     
   15.973389826252083        4.3432847243303261     
   16.499127033969263        4.5780523248993719     
   16.462703615703948        5.4084577456521519     
   16.075429293860530        5.6222804000345121     
   16.091365880572404        6.4129506617432401     
   16.576847034669527        6.7188980649152041     
   16.520857625581293        7.3201183373862628     
   15.938503595650024        7.5916899223058634     
   16.027330814947415        8.3775511558749880     
   16.523565766980177        8.5933107493826562     
   16.487229461402912        9.3295317928185799     
   15.948334246387560        9.5908093267912626     
   15.950380691769810        10.320167389184922     
   16.531858134573497        10.616570980437134     
   16.464266185895337        11.313852722738201     
   15.957921327294548        11.570555357028569     
   16.046958801468968        12.444934552579468     
   16.574639972355047        12.620273745902637     
   16.580742121539448        13.466884307956219     
   16.089303226716574        13.716428356427542     
   16.058142087020215        14.372544740982635     
   16.486234504107792        14.678846763953308     
   16.473002565641437        15.417569027168719     
   16.072492871445384        15.637373042141947     
   16.027742383834664        16.375647932683371     
   16.559843013060625        16.709617456915122     
   16.514840679632346        17.375889934195694     
   16.012927874703955        17.629287795525929     
   16.025505012619920        18.414540841138660     
   16.428164596213470        18.595853242975842     
   16.543318614722772        19.405197475778074     
   16.015100235650841        19.662037467856429     
   15.997917618156562        20.436453550054587     
   16.543155940294433        20.649922943102119     
   16.588824565925645        21.408430096418893     
   15.980887929088260        21.672539786496746     
   15.981139160128217        22.350425699845609     
   16.039247384241182        23.648318885629720     
   16.568655468305590        22.652132772395024     
   16.491057506644790        23.401973382324798     
   15.939101433905124        24.381574866345730     
   16.470719591072864        24.646085643102747     
   16.569137553666376        25.430814485946481     
   16.043834472264191        25.685044363857706     
   16.054899940038379        26.429452948772219     
   16.537612108021751        26.663702345006154     
   16.549002459783985        27.362011030974990     
   15.946634954883292        27.624213742441448     
   16.013036354526065        28.363058031238509     
   16.484447812489002        28.581721041842744     
   16.465184073073299        29.356861753740187     
   15.984453861003232        29.605105862923942     
   15.933611897521564        30.399217982450278     
   16.563421072617835        30.643757488691222     
   16.574940592707179        31.465075420499755     
   16.086255547098908        31.714364806218153     
   16.046784485406224        32.379280812288435     
   16.503856363730868        32.685206420995172     
   16.496740432227131        33.387515747638410     
   16.009755046716997        33.637570095484101     
   15.958611973976771        34.360225628529449     
   16.423886158741478        34.598432794135611     
   16.515841924719602        35.419245499006088     
   16.028596858142901        35.673477160432931     
   15.944501496006657        36.342210595912114     
   16.451418038636788        36.631403173647584     
   16.509160726230341        37.356781656159065     
   15.956714089002400        37.614668917509178     
   16.086957393087292        38.395420636988703     
   16.437372025969204        38.570522674737909     
   16.452235450876909        39.347414350487917     
   15.976617452723795        39.591649227414273     
   15.948854709159004        40.391117858391986     
   16.537651029975262        40.625418477068820     
   16.551821750713192        41.382574283566200     
   15.975652610610593        41.644967503256531     
   15.988820107880414        42.361669623162165     
   16.415379428628903        42.568821028958126     
   16.478711273819378        43.361180678734549     
   15.988875149041418        43.606798262021968     
   16.061653329397068        44.420520101274697     
   16.563129134002690        44.641262223982608     
   16.535328642178037        45.351875300883798     
   15.955746964198401        45.617226916410850     
   16.060622416392405        46.393563288910968     
   16.478873997811100        46.585035221053964     
   16.478173403306950        47.361961887178353     
   15.988566347182292        47.610192180832961     
   15.969151344182050        48.367420967033979     
   16.466235592532840        48.603067910501004     
   16.504219651088412        49.350450490785349     
   15.953547142250210        49.607676942514274     
   15.990340636830190        50.388200503524985     
   16.472890738563891        50.579447101540822     
   16.515843131991431        51.351848088264333     
   15.944478297715495        51.611993237147573     
   16.078001081512994        52.381847205750091     
   16.517231776025213        52.605171526979689     
   16.446940509324278        53.395299060348862     
   16.046964683638496        53.619509430977566     
   15.950587979643281        54.359915929552045     
   16.463640283300709        54.642922146090406     
   16.531628803781619        55.371821569732909     
   15.959538588483710        55.633845530746086     
   15.951135038483276        56.313432840526204     
   16.420810640999360        56.569029638905548     
   16.432998777305585        57.405145254791663     
   16.069696586175944        57.609668813426318     
   16.014262852792335        58.400613495482418     
   16.480826623942015        58.654291754166309     
   16.541262092433154        59.379957043138660     
   15.973828772539411        59.638951833264358     
   16.000718714448929        60.351709141467325     
   16.543175376642171        60.634557705537304     
   16.479983972051503        61.295795213943258     
   15.916761982844822        61.567024861680203     
   15.905152085267897        62.359294052372547     
   16.453991625899622        62.554742841311821     
   16.516558694532833        63.342258377344912     
   15.924424416776256        63.603024596191524     
   15.954585633095226        64.379686809852814     
   15.529778503983348        64.606619759583026     
   17.477592801811625       0.66724341939372134     
   17.459479176935613        1.3363829056248351     
   16.969354148721560        1.5844801410220559     
   16.957917357074088       0.29690265670474170     
   16.978748077862420        2.3277136904011471     
   17.414994421032212        2.5694058261924089     
   17.430902308395225        3.3026909962830038     
   16.922279986796315        3.5542041821280654     
   16.921606819773118        4.3506547798178667     
   17.547161019737231        4.5923368078908284     
   17.514229232825695        5.3302043214501369     
   16.933096099248115        5.5971853869768999     
   17.080362955440425        6.4615219296925108     
   17.416199521016825        6.5568336363871875     
   17.600828507834247        7.4397190685041288     
   17.016612123831106        7.7157664864354674     
   16.950787191120895        8.3607472876194961     
   17.583541827261875        8.6928442673720809     
   17.541480737390536        9.3910101341783019     
   17.004013284216974        9.6565655497164808     
   16.956593172377580        10.384741460812966     
   17.553878934572452        10.656251218750400     
   17.549504179663430        11.434543721217606     
   17.042751537566332        11.692280257820036     
   16.972168017809913        12.400414848496942     
   17.445217336675128        12.631293413366610     
   17.569953328162459        13.408616273849622     
   17.009878224208343        13.667000222812051     
   17.088070205571185        14.414129726269920     
   17.435725078789073        14.594634023372357     
   17.488866146474123        15.412324128608880     
   17.063021387763513        15.639544615148147     
   17.077881198741707        16.452158263061374     
   17.417850074885898        16.616109880484515     
   17.566541328354962        17.372122489016451     
   16.942509522910736        17.632572867132229     
   17.003103563275069        18.336912175653147     
   17.521736856192302        18.604933629367693     
   17.449010103974228        19.281165559861638     
   16.922413368113990        19.544099202763590     
   17.017485012919160        20.407841299497754     
   17.457491728280200        20.556957112476468     
   17.535548890311212        21.407908270564967     
   17.017349694183494        21.663094484405818     
   16.985106436280955        22.423867011492266     
   17.472565227727451        22.624757476961648     
   17.586990246327947        23.465122896752383     
   17.088696073977481        23.715320590800683     
   17.075527312593923        24.380984761172275     
   17.437488167919749        24.643088232393065     
   17.460407090201301        25.394401740350947     
   17.048389805942648        25.616961021525537     
   17.042870126794785        26.412633375779421     
   17.468209217116492        26.633786782532159     
   17.532092509121377        27.415010536464745     
   17.017666063973472        27.673192706318833     
   16.956275273070858        28.334534341615331     
   17.574977531134532        28.694940240565277     
   17.509451163766165        29.368682834264963     
   17.012669556680613        29.623759662456401     
   16.997757907356451        30.413020088210828     
   17.573196216993875        30.661686198693886     
   17.564756944379113        31.380106436716872     
   16.973283129293314        31.644322382583468     
   17.090239881514208        32.421434437096138     
   17.448257865814050        32.579976558914304     
   17.504979853226519        33.431333574499988     
   17.074916076477027        33.661722285393815     
   17.037469754841329        34.329041507561911     
   17.424141275034426        34.639588205376469     
   17.415924906485948        35.315771497268727     
   16.955921235776142        35.555048579048311     
   17.050998332864417        36.371960193419262     
   17.468102032185914        36.589632336073237     
   17.447261714425835        37.300693588352964     
   16.923044756775671        37.556674483652372     
   16.950144479260370        38.318988271344686     
   17.454043065321077        38.559212781432045     
   17.437856561887145        39.327728280482155     
   16.966499594306029        39.570239099970891     
   16.980455774525783        40.392545029172695     
   17.534169596014717        40.614101296995763     
   17.536050667355070        41.415988134384783     
   17.030470277301553        41.670586187387968     
   16.988782838779237        42.301834834400836     
   17.491037847544494        42.670593934071448     
   17.428505810110764        43.311393554798173     
   16.969261620762857        43.553926249779039     
   16.984415145000536        44.414610987307796     
   17.455836055908005        44.586300286311463     
   17.559558114824458        45.391006700541077     
   16.968502329614203        45.655800732914294     
   16.952242176189682        46.341489452796253     
   17.407421898689783        46.565299487832917     
   17.478104836321108        47.389923408228547     
   17.028663793729951        47.626373622658008     
   16.999856523091992        48.344726689470420     
   17.549298774142144        48.683911608728224     
   17.486162721436290        49.322025913472388     
   16.956653964756548        49.585849884464530     
   16.949336944279018        50.336194227163183     
   17.445483590935101        50.575645223588509     
   17.468306990994922        51.392040121934350     
   17.024045061130860        51.629020167064525     
   16.956327901162350        52.367117355736028     
   17.470220942910672        52.631034701727991     
   17.524687461404227        53.359750503383978     
   16.952353809618490        53.618733516499383     
   17.063499792981297        54.383343397466696     
   17.077079703478301        55.638177156136379     
   17.576829840596552        54.633645201212566     
   17.477769625106919        55.412571461028655     
   16.998444338878794        56.293186778400731     
   17.404828633280466        56.629663932585416     
   17.417985441008277        57.354442719747418     
   17.010328314911114        57.575380650968910     
   17.068972445854374        58.394792028077177     
   17.510332394171471        58.641916834482181     
   17.478726433836240        59.365047714295557     
   17.000605680615742        59.611890444980048     
   16.972476380817621        60.401898154419250     
   17.542611374341867        60.642641274301496     
   17.557180927644289        61.379931571794707     
   16.953422167477417        61.649291125693402     
   16.925530192359513        62.311551915009275     
   17.429308520232333        62.572206498151736     
   17.451286110958236        63.412305055544827     
   17.049541989366951        63.635972923263459     
   16.957917357074095        64.296902656704717     
   16.457612125862262        64.555930124066521     
   18.072730498189486       0.40139692298554042     
   18.511156617336862       0.59725862086123693     
   18.488487037685886        1.3444589249167800     
   17.965394297207464        1.6011194703857532     
   17.967563990281604        2.3095105070871611     
   18.488751229712474        2.6138099365327814     
   18.429049656070283        3.3082556715991713     
   17.954218352749837        3.5563070555295715     
   17.925111511050968        4.3818144173151126     
   18.546717956547113        4.6139481161184941     
   18.550309989274961        5.3805835522198082     
   17.964463990795387        5.6489817876151527     
   17.936803216218550        6.2977214230223231     
   18.549000374788942        6.6512223280394105     
   18.461418718939274        7.3053943904825545     
   17.964902705919890        7.5628808002010626     
   18.044547327321375        8.4518229797651578     
   18.585085047873740        8.6287861444824063     
   18.591705480245466        9.3903851905658779     
   17.963136918053344        9.6537096657455344     
   18.015118687048496        10.417427853388704     
   18.456711522775116        10.577673289626532     
   18.552895595084671        11.439896832980864     
   18.069318585420767        11.685314074061930     
   18.067022724295253        12.366953604785220     
   18.511137112005699        12.691768956273389     
   18.458876228116150        13.278157551322380     
   17.904972478055896        13.544789155096064     
   17.995385655432663        14.337056745071711     
   18.513506033276148        14.574386364953609     
   18.446140429682991        15.332620916853200     
   17.988418706264980        15.574133290062624     
   18.051374821038397        16.356293898051664     
   18.480684670726532        16.625342381856459     
   18.424890607876542        17.310006016217702     
   17.958089487050533        17.554957502430788     
   17.934468689443168        18.378210601421287     
   18.506997151135682        18.600932661483476     
   18.538764001451803        19.432641937484181     
   18.030137474900787        19.692728861550581     
   17.953119678698286        20.300461368472138     
   18.409468812070266        20.612217794721353     
   18.455709807874797        21.396484731540415     
   18.052569656359491        21.616263968058661     
   18.030711588527556        22.362744158985119     
   18.458637663081280        22.638469154435995     
   18.466464116015011        23.363904914870670     
   18.001540434583756        23.603759785282293     
   18.079760600172740        24.382935945185416     
   18.429964168625386        24.596584774777643     
   18.431681283100815        25.316710707195771     
   17.948674990279830        25.561843879549954     
   18.040777335631244        26.375372869969024     
   18.537077719537514        26.613980472865542     
   18.481554651865213        27.289750934016155     
   17.904596154717858        27.560173458087316     
   18.046837306199340        28.446585451891533     
   18.551489598412132        28.575987389594218     
   18.589824184253736        29.433053077585065     
   18.026544049128180        29.694743416162702     
   18.016478725085957        30.427642307988673     
   18.458093876881346        30.619712101342074     
   18.563927734762100        31.377088718408569     
   17.943783274861058        31.638602767330390     
   17.963071159334000        32.328587104045489     
   18.440420645958689        32.564159450925978     
   18.442979712286899        33.338730121804474     
   17.974796062066904        33.580036893568071     
   18.070735370863325        34.375962045970446     
   18.467385445640780        34.604443479999951     
   18.432927637505927        35.345484950104705     
   17.993913732113086        35.579742145525522     
   17.963118333242679        36.338268158443896     
   18.487255221437756        36.621730784003354     
   18.474114777600946        37.390754185619031     
   18.017419874875920        37.633672996406581     
   17.944851771191360        38.304990451415570     
   18.448383132304052        38.625954161927652     
   18.455608134421276        39.342698205635237     
   17.972291065317147        39.588314745311685     
   17.965729504423170        40.384395339264593     
   18.418497663134026        40.571926286747079     
   18.527950625253975        41.369312663415812     
   17.970093057481421        41.626854676613746     
   18.038409255620174        42.404478069534349     
   18.519378858256125        42.608102078372809     
   18.516950876949746        43.409211457658557     
   18.031027743603669        43.658783969536586     
   17.983569164326052        44.326350922677683     
   18.564098551295913        44.703960423851107     
   18.482948330584460        45.357466028942675     
   18.016179015076503        45.605901967301264     
   17.983785131106277        46.299939757346486     
   18.423450167631945        46.611702847879620     
   18.402985769635720        47.326062688750099     
   17.981665201977524        47.552436649690463     
   18.031421435916670        48.434190338068596     
   18.536676656421324        48.623808586315853     
   18.568564087874009        49.462591149956431     
   18.063134706939817        49.721106363611383     
   17.992709882608743        50.306332652761405     
   18.470516016459886        50.673976103452873     
   18.445600987060352        51.390080587487645     
   18.053715571080406        51.605763661624941     
   18.043776740325960        52.368689055044484     
   18.464454744653647        52.642739108378969     
   18.462940022608635        53.417808122920007     
   18.059483561603770        53.641193518851352     
   17.966205492842096        54.412970900912597     
   18.548504928856609        54.689890828888018     
   18.594362760548435        55.454450120847717     
   18.066448320393746        55.708173453118029     
   18.091120900558909        56.370835083696711     
   18.504828136798615        56.697083726126905     
   18.427776144360607        57.323553117079456     
   17.996184665267645        57.557973569365124     
   18.008868881404851        58.390843461783305     
   18.502910702832601        58.621702272397258     
   18.516100238195200        59.403029971641004     
   18.028915560582298        59.650212794601408     
   18.009155096617654        60.401419126896066     
   18.462631576021124        60.622579097154855     
   18.530428188339094        61.342798255127818     
   17.912485451599665        61.602590104491505     
   17.957709689671372        62.318145628932527     
   18.408919958677622        62.528867724674676     
   18.424349687013979        63.314949220007350     
   17.943514758665195        63.560162744119928     
   18.072730498189514        64.401396922985711     
   17.477592801811763        64.667243419393813     
   19.575112884501046       0.70023524762136313     
   19.531027013140758        1.3469763528677121     
   18.957851060670336        1.6159048174832642     
   18.966835773515456       0.35489168572429164     
   18.964223753602262        2.3666861189377033     
   19.515008963988006        2.6030913427571294     
   19.507456226231898        3.3767554120077046     
   18.993339397819827        3.6322914936496957     
   18.963352887466577        4.3888724135491186     
   19.526967300036830        4.6333356251717159     
   19.542952811081122        5.3660019126716971     
   18.952919182478819        5.6291592639105463     
   18.973065698861213        6.4189566117250259     
   19.499843347722770        6.5912158064090951     
   19.569104117361405        7.3821257104858242     
   18.947778120197331        7.6442764168742965     
   18.962869565072118        8.4194411611357225     
   19.479639737499252        8.5823207539486663     
   19.582584650859623        9.4612070005022737     
   19.053722685648776        9.7257785998209432     
   18.985480525004373        10.313222221245981     
   19.461585466208518        10.659107400023935     
   19.454510133189796        11.421914668322959     
   19.091542821063200        11.625500794863271     
   19.073595818016798        12.420979761482574     
   19.574146979052991        12.718226907881350     
   19.542426444642693        13.399996653420716     
   18.995989982800150        13.671130758107783     
   18.920109547184158        14.348291175849541     
   19.586376762497828        14.681349429396361     
   19.536993133138765        15.435261745327120     
   19.069682982153942        15.682343107980644     
   19.008214542152224        16.358750586494434     
   19.455733252749830        16.648191579327715     
   19.494843006952795        17.383340871562513     
   19.003393195610730        17.632274849325690     
   18.968790692864303        18.360492762794639     
   19.475767905407157        18.619168340813694     
   19.500103823710099        19.335730028336620     
   18.931983835658095        19.595854850174366     
   19.053049758778727        20.353781064652765     
   19.414021110563503        20.549155043608923     
   19.400540467012100        21.398344529112382     
   19.080187341915614        21.583027005810813     
   19.060502155871269        22.370397856431886     
   19.532233361569844        22.706507895236232     
   19.473752757682892        23.363822287758072     
   19.018110817535749        23.605217613951588     
   19.003985118780825        24.331423831284116     
   19.428608343508614        24.607175183357842     
   19.429506931831664        25.373264079110548     
   19.021692410401528        25.596375930326690     
   18.959149740383719        26.383323925549888     
   19.555828237309832        26.667424684323656     
   19.551137046675301        27.349578717264244     
   18.914878241580734        27.619700244308525     
   18.901984605905554        28.377741527476346     
   19.571898498350244        28.594149452107555     
   19.555107247560827        29.434584929386912     
   19.060473671251156        29.685245897082918     
   19.036561131461124        30.354693871576639     
   19.486656422333947        30.666866975437330     
   19.458941003107217        31.325091548533642     
   18.952661404080498        31.579012436758241     
   18.941173248484137        32.313518358510279     
   19.437415990772628        32.572845190862175     
   19.439613474019758        33.301715668554856     
   18.922904061580446        33.554285058563494     
   18.971145237180462        34.352430990654135     
   19.557404591313450        34.597726883126583     
   19.493064428820961        35.361011210577445     
   19.005241976740635        35.612118855007502     
   18.999892268230191        36.367767967200209     
   19.510338253223988        36.635628276301837     
   19.493033036056396        37.375751957566450     
   19.012273267749624        37.620824645703074     
   19.035899722168192        38.362640992573034     
   19.438509331356009        38.604578766838586     
   19.446351869722360        39.403868770283303     
   19.056893695815614        39.619944850580808     
   18.996946603619882        40.301168691890474     
   19.406088248976246        40.619612184941118     
   19.412645064156095        41.333936834950585     
   18.981038509857029        41.563812129294163     
   18.964953061618150        42.373324185511102     
   19.536406259470247        42.628777796286379     
   19.523462430618672        43.331709525553315     
   18.922018763312430        43.596965787848710     
   19.049868096414631        44.449372757421060     
   19.469806105649877        44.562781284427857     
   19.593711045319058        45.463379083565385     
   19.071638795570070        45.721190679676191     
   19.036453538629978        46.336572351192096     
   19.415877384091278        46.629482729039147     
   19.427526782512860        47.298292347011134     
   18.922406989808181        47.547886076722378     
   18.978852324773523        48.391383035560352     
   19.406319809308517        48.538070157291394     
   19.532354717425314        49.390094588647848     
   19.005946793753029        49.644078464113228     
   19.085076600343434        50.407107283335812     
   19.453503901311425        50.603906941470044     
   19.475935933297020        51.360934801716333     
   18.991782256518359        51.605314501917150     
   19.046880382877418        52.380239077506765     
   19.530428196650522        52.639366982872900     
   19.481914375805292        53.307493188973211     
   18.923744539018831        53.575084064770088     
   19.084576638225492        54.433030163636623     
   19.461462669008053        54.561875986238526     
   19.540189278191420        55.427804331922154     
   19.056860773762629        55.672589009602525     
   19.061538228079325        56.424731811501275     
   19.539265091774510        56.674456647910944     
   19.540943300555213        57.407414154296823     
   19.021660281655564        57.663237113215381     
   19.000166375116869        58.371666539378865     
   19.434949369578614        58.606188658965607     
   19.498880209890324        59.398275459743239     
   19.033900989263000        59.638166935406417     
   19.032945017218967        60.361467800405300     
   19.453401251869263        60.625860229241212     
   19.454814932935783        61.380500416652190     
   19.007693037237068        61.620126591862082     
   18.934110288961421        62.265426212075845     
   19.535802774549474        62.695762605241406     
   19.437857859744621        63.366142548017230     
   19.043534179966912        63.589157968919970     
   18.966835773515470        64.354891685724283     
   18.511156617336848        64.597258620861240     
   20.540636399190682       0.61427204592807549     
   20.579310726465405        1.3733336624452865     
   19.925611854326142        1.6336467087834556     
   20.056662258919207       0.45246048095950475     
   19.954688840811070        2.3709278776516092     
   20.534209879313153        2.5835873924338593     
   20.519573037687337        3.3468759766046823     
   19.951227414120986        3.6092899811078132     
   19.997144697209759        4.3925441678631110     
   20.445608482944994        4.5668093560326461     
   20.518150701630418        5.3656143250047679     
   19.959925910538388        5.6260167418318847     
   19.950360339449485        6.3552624382237264     
   20.429523205001203        6.5694978483352600     
   20.490957048075195        7.3270549411240893     
   19.918064636450218        7.5868047871124578     
   19.942026012908741        8.3431646142124176     
   20.470915483527179        8.5582267464804094     
   20.479121993530935        9.3886346355438519     
   20.033751893714765        9.6222723464953752     
   20.077497748235469        10.393871614645736     
   20.429179885501831        10.608304470207655     
   20.459436415626449        11.326887746188142     
   19.939370564272810        11.581064925326785     
   20.096091166695025        12.459912029966709     
   20.595873244047930        12.617012786675527     
   20.585400195804592        13.396896564308800     
   19.986836816063850        13.662021804748431     
   20.024784349810112        14.447772663841979     
   20.437289557143416        14.589590898272924     
   20.600193628817419        15.458152947084821     
   20.079019779417699        15.713766010288133     
   20.085520507816181        16.384405488173865     
   20.410577940681829        16.619815975617929     
   20.444033589411060        17.324020343681759     
   19.950873182389273        17.570364546023242     
   20.005847954899149        18.365062729130806     
   20.481100111180417        18.585247262728075     
   20.473184648572552        19.355442787151130     
   19.976379865354676        19.607426810113179     
   19.938052589094028        20.289954486882305     
   20.505976834743723        20.638161212804118     
   20.437205134963808        21.321439648816600     
   19.978034537795700        21.564726114648163     
   20.076596282804282        22.441715996732441     
   20.508501702277261        22.612693619495431     
   20.551979041913590        23.457486710542010     
   20.083446982346814        23.701151285629276     
   20.038772690648077        24.332912420499813     
   20.485028694615128        24.691055775591696     
   20.438881325434572        25.352995581716595     
   20.013870748264306        25.582048592078291     
   20.031671976294191        26.424133085174070     
   20.560134555496699        26.655106917845693     
   20.557197319574612        27.415627147420103     
   20.004132369325681        27.684899037129920     
   19.932898788435320        28.389542730695389     
   20.505080055685021        28.641291928550459     
   20.569257290419106        29.455568479963482     
   20.080211863794997        29.702433643262360     
   20.069025770948478        30.397714074481108     
   20.415976366469685        30.620588713732150     
   20.490429413079614        31.351383962203467     
   19.959150245043112        31.607161710395840     
   19.955564822985668        32.318475630447011     
   20.494485008099335        32.606883550382364     
   20.446334271196790        33.359663114033992     
   20.001298068932563        33.598785510404525     
   19.929925125710358        34.387231445626071     
   20.591542968653876        34.670743313509263     
   20.572478596799105        35.408987521080405     
   20.014075776107077        35.672864795958326     
   20.007286317257581        36.385254546928373     
   20.493091263912770        36.629557283044377     
   20.511695966192395        37.404812874450556     
   20.033676277027158        37.649355106075291     
   20.015073436935236        38.338917250702735     
   20.519385721344445        38.675577106650238     
   20.460269479386486        39.297041337558831     
   19.930157649812937        39.560674358562700     
   20.058046926891659        40.358330168446855     
   20.559125365568825        40.630064545542162     
   20.437419210558215        41.388366724435429     
   20.080891474200055        41.594798211738890     
   20.003546829467471        42.382953365798983     
   20.556483622811555        42.706249848219002     
   20.541854926417862        43.397514842522881     
   19.992210174650349        43.665843871924423     
   19.932251603280953        44.318448876092063     
   20.549028408553600        44.666457166951197     
   20.490080363391503        45.374962198109401     
   20.029089604382548        45.617018828445836     
   20.073598544346549        46.368271836681608     
   20.447753243149002        46.628048583819194     
   20.414632223636620        47.404490101787069     
   20.058828042107329        47.608752146891739     
   19.964611542026098        48.262339815186145     
   20.461319035544623        48.674820825552253     
   20.413513588080001        49.368244963745937     
   20.039619467504600        49.577701877721985     
   20.008937481269260        50.341129090449364     
   20.520062579120800        50.675228898686598     
   20.468482599728127        51.308806154051133     
   19.943100388334646        51.568614326891016     
   19.986138538880528        52.399647398451386     
   20.470748974689400        52.573374328886224     
   20.534888244407963        53.366691615009181     
   19.944301318386348        53.631347297538063     
   19.928241905834273        54.320701982833114     
   20.478336825788567        54.587052267412815     
   20.462849709081162        55.332107229652621     
   19.960870709136998        55.582652405323714     
   20.052303853360275        56.422430645211151     
   20.536627376329239        56.610173730396909     
   20.538573174697429        57.382813664474575     
   19.991855978539938        57.641230653305009     
   20.020922785499533        58.345856855670633     
   20.535040670650705        58.652717624676036     
   20.455532126002410        59.318654808870740     
   19.978958702303107        59.568376002308959     
   20.027210625233227        60.364229281930101     
   20.483510476146442        60.609063302420118     
   20.457981924749149        61.347201202647071     
   19.989741887241550        61.589013421087685     
   20.030039891584750        62.437859918113837     
   20.557648370803353        62.635683886029398     
   20.574297857332823        63.388666643174219     
   19.973240408093936        63.650376774324009     
   20.056662258919179        64.452460480959516     
   19.575112884501177        64.700235247621265     
   21.533495311528345       0.60808583088954982     
   21.538554492804895        1.4162291116742975     
   21.013187422843288        1.6795726096004557     
   20.963138011391482       0.38816008855734663     
   20.938537026043448        2.3602679142259104     
   21.425356847454950        2.6083058450992525     
   21.530794534602130        3.3808930332722973     
   20.975553357735958        3.6430687075200257     
   20.950975707844794        4.3148898019805699     
   21.441903504069899        4.5918265204661779     
   21.441832523662082        5.2982005245053401     
   20.916311887629455        5.5527373654360606     
   20.957153866574885        6.3162342032760916     
   21.509391066501767        6.5822726333795787     
   21.436671370253816        7.3821186879664253     
   21.034397699009435        7.6072100614659144     
   20.945380520107186        8.3082876352575639     
   21.517940957557112        8.6783123673178686     
   21.477646772711516        9.3959618307721531     
   21.051978974473062        9.6252676788316958     
   21.036301967004370        10.341716613594663     
   21.405119293631184        10.609482776758705     
   21.422114423583938        11.358249611416706     
   21.004293976596674        11.584564941956303     
   20.947995720591550        12.417341405301702     
   21.433414000027884        12.604641642303363     
   21.601014213083058        13.455540174162321     
   21.053532938396934        13.723150670235647     
   21.002227820382487        14.319411693912345     
   21.535148634001658        14.711529614814118     
   21.470082473833976        15.287310288038793     
   20.917545974437399        15.558660941226774     
   21.066724598442413        16.361522572757373     
   21.555097463885588        16.619667017071151     
   21.453649046226616        17.263890011459843     
   20.924522263785761        17.533626162851160     
   20.944872828281085        18.345418957739639     
   21.542453533281552        18.593535536626810     
   21.497467740952921        19.308009472469458     
   20.918663063665825        19.575356952972239     
   20.984704729060994        20.389196019958366     
   21.479337209399077        20.558889028857266     
   21.526606741915501        21.445958607541961     
   21.071739924238418        21.687168084730544     
   21.003574348318395        22.358965845300208     
   21.492813019438380        22.673753986762510     
   21.502879923072616        23.321373598596043     
   20.899859807853716        23.588015278266226     
   21.099490841375633        24.415291928493680     
   21.476215603650285        24.551586064605605     
   21.501054854953900        25.397025581449988     
   21.028666849399059        25.639558109974317     
   21.014860357601073        26.417398908624783     
   21.554225636904086        26.663823055081433     
   21.559531678093865        27.414414939313726     
   21.026045723673626        27.671399546488917     
   21.030244206917878        28.387215788104829     
   21.537818066076060        28.660962262127839     
   21.507434595701891        29.365010346958119     
   20.994045335120077        29.619276579900180     
   21.069701129129601        30.365064730772435     
   21.433407949205371        30.598937993735650     
   21.408839985570147        31.284540725662339     
   20.920896489651998        31.531991688936266     
   20.957606731462398        32.365259504134755     
   21.576436307303094        32.599886565070534     
   21.518546536482166        33.400718585896698     
   21.044071347767257        33.647635460193051     
   21.020793530425156        34.440856458978857     
   21.582891059270100        34.684580956331573     
   21.592640814945451        35.457778789238347     
   21.063272356937642        35.717131703364153     
   21.027045511953659        36.369525075395906     
   21.412974853766155        36.615677908276759     
   21.487112564089237        37.368149457151361     
   20.995916551163369        37.614231047948230     
   21.033889323864681        38.417137021809246     
   21.506420259383169        38.619779513441785     
   21.536987629905212        39.377031431360145     
   20.963001637078850        39.642052122741589     
   20.933685046693888        40.416431832305520     
   21.402682424658650        40.573093011391848     
   21.604258957312368        41.446301813645391     
   21.066467060573814        41.706222806268180     
   21.088477538833157        42.448995871690656     
   21.445865642514111        42.629326062436903     
   21.550079344826209        43.365709416663300     
   20.940958042165452        43.625079577431592     
   21.014579941469837        44.422663340404142     
   21.583241840527460        44.606073120875152     
   21.567791192324151        45.435222775314202     
   21.054394918396959        45.690504929636411     
   21.033432553828348        46.357291943990234     
   21.476418737749288        46.654738902071287     
   21.460438660231691        47.333091204346069     
   20.961208857693428        47.583851783309441     
   21.078020483001357        48.403213927749860     
   21.543210618653546        48.623268390991782     
   21.495406581588753        49.324873272105023     
   20.948015851670011        49.588089670638830     
   21.039773904377785        50.416493596162468     
   21.463639923574970        50.573039892781409     
   21.529380881991145        51.353468231864007     
   20.929905364953985        51.615978351943397     
   20.937880349719979        52.333145172041206     
   21.426178925135900        52.548876322107830     
   21.463512516975822        53.322991343796829     
   20.933603018381579        53.577756139789145     
   20.947539702457100        54.345202739235134     
   21.520269401485923        54.590879528841846     
   21.487734079883573        55.364386621325991     
   20.993387720779044        55.616106484984698     
   20.962719065508416        56.381628380874837     
   21.440105669348881        56.594954763491231     
   21.533185862030070        57.404993420666543     
   21.017403790338658        57.659486245246825     
   20.991151370578724        58.408767343229151     
   21.544346380635247        58.654517233705057     
   21.559425566768486        59.410740476450989     
   21.009160750295440        59.672788661187518     
   20.983009953414285        60.356345234717494     
   21.517126769185200        61.299628861211623     
   20.909613068644894        61.574273784890600     
   21.576537016768878        60.678520046813340     
   20.987553840759759        62.406796576603227     
   21.432783808387669        62.539824610188589     
   21.548329198128531        63.376801164159325     
   20.957937205899619        63.639322867329028     
   20.963138011391464        64.388160088557356     
   20.540636399190557        64.614272045928033     
   22.570763384028631       0.66174450368323789     
   22.542577620345654        1.3453458453594322     
   21.941410245991676        1.6124212962129700     
   21.963580635347316       0.37778971664627914     
   22.031559539323005        2.3490530406414596     
   22.532554037562747        2.6128161153678833     
   22.439435592905472        3.3634607621249204     
   22.038734133302611        3.5867635624447383     
   21.995531396037460        4.3268131476393688     
   22.459830860362906        4.6388341738855692     
   22.444304104526129        5.3541967408033129     
   21.986307105488017        5.5960853376349586     
   21.923648472301064        6.3542270363551587     
   22.502476123716864        6.6247555809539076     
   22.521107502549356        7.3895059571697956     
   22.011111878748657        7.6400499291253547     
   22.054109203783380        8.4183367196920340     
   22.437066350090024        8.5969026602289844     
   22.526703427814269        9.4032680937929740     
   22.028011252882969        9.6514819951729276     
   22.048690185903613        10.345886161200470     
   22.528111883396498        10.687598852754547     
   22.437904641245101        11.312888858705563     
   21.989000591338961        11.555306331725371     
   22.010065795954176        12.342135526698890     
   22.470347509270777        12.613323746478036     
   22.437683030462097        13.345983546711244     
   21.997545725615300        13.579549407859863     
   22.070171781207229        14.446294528490752     
   22.568942301942659        14.647470666581647     
   22.566345512574173        15.458815712611930     
   22.049559189261689        15.724329790957301     
   21.950778172868485        16.393339784403896     
   22.560964848117617        16.703051798514323     
   22.584110932650972        17.400504402954212     
   21.962319576065163        17.671154474020319     
   21.927079780265984        18.379533692525712     
   22.462187007548021        18.591252765510745     
   22.542184827581092        19.385732028939781     
   21.963638102083141        19.653046224164900     
   21.921227940065016        20.324214789669185     
   22.539423203398304        20.634423607754680     
   22.494037803107172        21.307720048808502     
   21.912513094996996        21.579176749976995     
   22.091323138472706        22.408704766623249     
   22.523539767420903        22.579719609422920     
   22.493972002689546        23.419494199333446     
   22.037002468925841        23.666080938988941     
   21.942480618501044        24.302602425285567     
   22.500717519437252        24.676254050800601     
   22.480749336846650        25.316258967982556     
   21.929541651865158        25.577116883317508     
   22.030487742162673        26.420433879068380     
   22.529891460240872        26.584258310176335     
   22.551521463516341        27.450108703451392     
   22.076122183604124        27.695255797394726     
   22.035421622577807        28.407388276084809     
   22.564356573417882        28.705829208561802     
   22.549602594145902        29.355565929648400     
   21.945022287454279        29.621619434811013     
   21.984756555446111        30.337737720004547     
   22.409169958538268        30.548240384367489     
   22.441044712612687        31.422367466646815     
   22.065593030867127        31.635797948928698     
   21.950374080235758        32.386361538380527     
   22.471626389265950        32.659539633998371     
   22.570059014452507        33.366163302250101     
   21.916573720743489        33.621632946862292     
   22.054103979754512        34.441256897922095     
   22.584119621537990        34.586390459672984     
   22.582120031435039        35.428838461802258     
   22.040539535350373        35.686663146873649     
   22.067322814298535        36.357345959740030     
   22.493426887909671        36.670523019146209     
   22.428365691801609        37.268032849446712     
   21.913986359902992        37.527822404438979     
   21.989176130496972        38.375775535226722     
   22.424824677465512        38.538299475625884     
   22.500700870310713        39.392630137736333     
   22.015376358905772        39.640189466679068     
   21.982071980453203        40.302922832950777     
   22.532460706405963        40.686508288811517     
   22.445189668523394        41.306334689182130     
   21.974066664809399        41.556659303596454     
   22.052923705712050        42.369960419749077     
   22.514343432101445        42.628481205341068     
   22.451876423731917        43.348677157853906     
   21.995530999137557        43.591949363186103     
   21.938027227570405        44.405117005242381     
   22.493819738398440        44.623349818118733     
   22.577469425728207        45.426922957778956     
   22.029954971141446        45.683696843714593     
   22.054775422796340        46.390179456655822     
   22.434240520267377        46.606430148862536     
   22.475529315581166        47.329865326483471     
   21.937077437727957        47.585640390454152     
   21.960513546920410        48.397140114758969     
   22.503582254199515        48.581728605858316     
   22.546130514528180        49.374405131823870     
   21.953593194375642        49.638904569379406     
   21.944647368694014        50.328345383893307     
   22.415064656188946        50.560331403267995     
   22.455266512287658        51.308198850477268     
   21.913348300624335        51.564975577297666     
   21.926029195746427        52.300369670511529     
   22.491044970780823        52.573401116561428     
   22.432391175446142        53.365805282173916     
   22.018957563080107        53.593303780440721     
   21.947591516263490        54.358926960824860     
   22.574541681344723        54.681105214595263     
   22.537346910323880        55.356857737701304     
   21.967594389855122        55.622901344827419     
   21.994917434320307        56.337259460229220     
   22.524880741542869        56.626405016168519     
   22.447183759622565        57.405701958398652     
   22.083590953070519        57.611985030169137     
   22.034790177711173        58.404708789121543     
   22.445268427429575        58.640001500440853     
   22.540299600981150        59.415344182428534     
   22.034240568716569        59.667045150308788     
   22.018591218471698        60.441496779002748     
   22.499599556812555        60.642837808046465     
   22.586585582459517        61.421789632008064     
   21.978965382579254        61.696467422741883     
   21.922499842865790        62.287002029308319     
   22.479941474532385        62.630700612917693     
   22.442083207217941        63.355799824547375     
   22.004151634614100        63.590224192283117     
   21.963580635347295        64.377789716646291     
   21.533495311528345        64.608085830889578     
   23.458948232776919       0.62850589810920487     
   23.574405025269563        1.4397932723229876     
   23.026135979100243        1.7084529200776188     
   23.015080580234468       0.42601912850677337     
   22.952222757013260        2.3797874507358383     
   23.499305958480683        2.6528759147182241     
   23.550355093303033        3.3954604229267757     
   22.996876725638149        3.6525411087401163     
   23.038188714953879        4.3750399496380119     
   23.549774873402534        4.6518124134661578     
   23.481437850358049        5.3821075938733181     
   23.039410085983562        5.6195179910739581     
   23.008610703411854        6.3720807608662255     
   23.533007353702295        6.6706723322302777     
   23.506069408641984        7.3800854815401395     
   23.012158678452419        7.6301897203353368     
   23.007744785003901        8.3353826702300289     
   23.482894225058949        8.6377594791519989     
   23.436597695338108        9.3829934312132686     
   23.051156719643121        9.5969023008377370     
   23.028551290043865        10.426749739626400     
   23.449068425817956        10.626853914837895     
   23.561113861107330        11.384078224874813     
   22.963450990571278        11.645685839754620     
   22.984881572603580        12.358511715347980     
   23.554886691079837        12.626967775592016     
   23.496217057442241        13.348390470875191     
   22.986008418750178        13.605067605509699     
   22.996293142196894        14.419427867622188     
   23.529356957632476        14.623618976306680     
   23.564279303721825        15.415331409645457     
   23.023953771535734        15.670794085460454     
   23.088662058775839        16.449380938603021     
   23.440272799314965        16.605100500954002     
   23.551344102273980        17.392089055281026     
   22.983484185262668        17.654052527311467     
   22.976248628008598        18.338592143920355     
   23.477774764216473        18.610549598914329     
   23.459668065146015        19.406942131678409     
   23.058370022227876        19.627954752263772     
   22.993977452288057        20.392063093474412     
   23.564260377296268        20.695503508104345     
   23.553423787703046        21.356893636408550     
   22.930417184938122        21.627668005271250     
   22.916760994061519        22.363426252491667     
   23.592526180914756        22.615624797199775     
   23.543873272321111        23.341976108080207     
   22.944271820431887        23.612756301276296     
   23.071993758751066        24.411864040228910     
   23.531775597012881        24.597500288362884     
   23.509492496832998        25.440037894148997     
   23.059080086258643        25.683934964297325     
   22.960859130586599        26.348278939292577     
   23.569830137075790        26.719817500819822     
   23.537480586736152        27.402494404941422     
   23.036993001005488        27.653759426418915     
   23.081330812050869        28.452033630894245     
   23.572850389804660        28.673003741588278     
   23.568835661671571        29.420388897142370     
   23.010036429627885        29.689236761427498     
   22.959117632236602        30.282502777445121     
   23.511353690326700        30.678456733317272     
   23.437987270297278        31.277445069166454     
   22.915850865295823        31.544135574806955     
   23.093120040921256        32.398569550270501     
   23.539235540963368        32.599777572944127     
   23.477691691727451        33.347801808257636     
   22.976572045763085        33.606142415016713     
   22.912000314583896        34.397450336032321     
   23.508290778653272        34.620931007274855     
   23.578828647730273        35.443319443710315     
   23.051269624679716        35.698950972064594     
   23.038773930546071        36.401509036116863     
   23.420819621439058        36.611079815436689     
   23.522216348177693        37.404853994905267     
   23.005653704871648        37.665871945810579     
   22.938693798607350        38.278599643101067     
   23.474489329566989        38.647670240047191     
   23.433630156908773        39.298789467651112     
   22.937167666360626        39.550175984624346     
   23.023413524440333        40.429829234739238     
   23.527730197161837        40.590774001329137     
   23.565645423431977        41.397961167186182     
   22.982536876760001        41.661600529002094     
   22.975631327663613        42.385534947787960     
   23.526035500222413        42.623891247068698     
   23.530471175884610        43.424104039000596     
   23.050931306248000        43.670403254747278     
   23.016453909615759        44.366606205635833     
   23.411851140373816        44.608468735093609     
   23.487898952014650        45.381614241952121     
   23.015940536839416        45.623384409873893     
   23.023741427431094        46.343887184221373     
   23.521955872882671        46.664920670966225     
   23.450576387965860        47.328984939219559     
   22.980470265789322        47.577513340655095     
   22.940652416904783        48.349174920521655     
   23.450289764528922        48.593336740284130     
   23.496793205317786        49.358431175501678     
   22.965701712111379        49.614470637055732     
   22.957990157664639        50.302084903722346     
   23.501425581935781        50.623778749655592     
   23.433429870591397        51.290628701620044     
   22.934604323312829        51.546952149721172     
   22.913467807625516        52.344529192592397     
   23.532037888708867        52.597985015331403     
   23.506203604869118        53.410161771270239     
   23.054075622225465        53.647879486237926     
   23.036645898268130        54.439243925300957     
   23.593234862912517        54.695939581672029     
   23.585276169906102        55.404355944732593     
   22.987074549826353        55.673935230074910     
   22.965953780637800        56.389297833972925     
   23.553381154147630        56.640397930265976     
   23.545324685641233        57.435926580981935     
   23.073142264184540        57.678320384751807     
   23.085612221419161        58.378884011280981     
   23.473412482309467        58.666094054898636     
   23.437417874739506        59.401099457655796     
   23.072415438837666        59.606237247346506     
   23.044249162138829        60.382766493728198     
   23.414033656478225        60.616347694809811     
   23.490196186621873        61.362149168756631     
   22.982581260776129        61.612191615009571     
   23.004155753362809        62.373131464317225     
   23.575866398122674        62.650032330377854     
   23.508276918659533        63.391614160705529     
   23.041719752841679        63.637227185453412     
   23.015080580234542        64.426019128506738     
   22.570763384028684        64.661744503683281     
   24.415350241051808       0.63070533121260119     
   24.451487596790045        1.4070469067402434     
   24.071577734515433        1.6175139329543202     
   24.057374491688559       0.36051783889892763     
   24.059342177127551        2.3919311068516946     
   24.516356513793806        3.3188670040070973     
   23.936070723363777        3.5894785380474548     
   24.569399750795530        2.7133302126448644     
   23.989836641874760        4.4161219493642108     
   24.564802291891176        4.5992245314003890     
   24.566820398806872        5.3671773900462982     
   23.945142599627857        5.6304087932656479     
   24.042118802287899        6.4173314949514841     
   24.530548211828755        6.5919498996009285     
   24.538404257054992        7.4163697316873094     
   24.037317573473796        7.6674481744857985     
   24.017578218844580        8.3750700795129216     
   24.575426508884274        8.6941590912737556     
   24.511403179507823        9.4171016399753373     
   24.076908069572895        9.6511086897061169     
   24.058719384427082        10.360681595387678     
   24.518182349690864        10.701529921698619     
   24.461464043002071        11.315997135311955     
   23.958137148561693        11.571985610940914     
   23.958673186926660        12.405352903128053     
   24.512513285970989        12.600686921420252     
   24.559966327848478        13.393549078129828     
   23.980296545501464        13.655566783744829     
   23.984157320975758        14.386987712476039     
   24.501568035943759        14.610455172976943     
   24.524071751013103        15.398196025045225     
   24.018476514654811        15.648865594547154     
   24.017776309233867        16.342858448500763     
   24.456512472987669        16.623438908863033     
   24.436686471634978        17.345994140767612     
   23.993272708957537        17.580365282604085     
   23.986562335454078        18.357212449741741     
   24.445535538201138        18.595660629142557     
   24.476900977251383        19.337931500929677     
   23.950840137963414        19.591888984620219     
   24.070322162514511        20.443561813581951     
   24.422004096480922        20.563410957992019     
   24.559609293249636        21.380760090369321     
   23.951534851244453        21.646991182146003     
   23.935117853204769        22.420178448577289     
   24.504308683045725        22.598327650250454     
   24.595365254790288        23.474329427041198     
   24.055448732285161        23.743980070539607     
   23.971171113457498        24.358607679305699     
   24.576954703601864        24.722777140353212     
   24.543038713448208        25.407287340582155     
   24.042130059866132        25.658765323391041     
   24.092788511845288        26.463305525104115     
   24.484986524442057        26.636455123741847     
   24.573154100256751        27.427326153724309     
   24.030993561663884        27.684657259450990     
   24.032966467662870        28.434056114488136     
   24.589422073550864        28.678010763965258     
   24.575898637121039        29.449526986054334     
   24.069688045245297        29.703582048190640     
   24.038851421091511        30.411272679761378     
   24.503079349430255        30.666675634301253     
   24.538379596330305        31.368869633059756     
   23.947893282366167        31.634304026345973     
   23.929003672423590        32.383485636113825     
   24.448014949318200        32.573803710673310     
   24.543182642772837        33.381856146706703     
   23.974334149531149        33.641657683627002     
   23.990923839985893        34.376733349809719     
   24.502311416651047        34.607093451559528     
   24.504630942821478        35.342408033565555     
   23.947879480339704        35.601970332535991     
   24.042879155448023        36.352637064990802     
   24.518173813738148        36.614069652510722     
   24.440477841613436        37.277844919997975     
   23.924528788463022        37.539445026370032     
   24.028574754069851        38.383638165747342     
   24.460715696448290        38.560221064404558     
   24.487416502384381        39.418254948978593     
   24.044481060138992        39.656599152986189     
   23.960423657367247        40.356155870764155     
   24.543594945377873        40.688311666472060     
   24.529625335709589        41.403793927188524     
   24.024270208359347        41.657819427164860     
   23.991176970970827        42.382117543478948     
   24.495904690272603        42.639570208475149     
   24.523175128414447        43.424432553189519     
   24.060888312207869        43.663518390850214     
   24.059473521361245        44.345811510751311     
   24.478535340528023        44.675907126878244     
   24.417135468813292        45.325212458077260     
   23.991468879091208        45.555668586082099     
   24.012909038868926        46.411685296291608     
   24.405593620992860        46.576225067313509     
   24.548433553827660        47.405956329148019     
   24.015573876655186        47.665213647352935     
   23.993963813179995        48.333761743184262     
   24.565011182278134        48.690306224384180     
   24.477258030994491        49.352269974617343     
   24.014598677401363        49.600066615093894     
   23.974990368036316        50.374487338022711     
   24.506278523202685        50.638641433177206     
   24.521423749197261        51.410749367579974     
   24.020236410915047        51.665848068459553     
   23.954453544806498        52.368123300615927     
   24.418863015129439        52.604868719782466     
   24.528237064466584        53.361415399242652     
   23.955021644117281        53.620401883807304     
   24.057577902385095        54.455285840503748     
   24.523977584106337        54.598654608299768     
   24.583669348530591        55.381577477857164     
   23.937033947024361        55.639641462113879     
   23.992011073215384        56.408464102096886     
   24.412822459512896        56.547348320042587     
   24.547007667728334        57.368971935212116     
   23.952863100736600        57.629360867912901     
   24.064856808680670        58.398459530155293     
   24.430426087902092        58.559967823072085     
   24.484875372586316        59.426714337105416     
   24.085514103301136        59.644793092504443     
   24.077529490264116        60.354170245835121     
   24.422636245532903        60.644025753404506     
   24.405132930960413        61.296106048883559     
   23.937816089351674        61.537352792373021     
   23.979281268554114        62.428199412673472     
   24.428793559581337        62.562312768457410     
   24.596431824859579        63.466332163154348     
   24.088177048613524        63.722033573837813     
   24.057374491688588        64.360517838898915     
   23.458948232776894        64.628505898109196     
   25.083138115989005       0.37496049952663990     
   25.546083243373481       0.67463655061802685     
   25.452081104035820        1.2912319501486513     
   24.955387420615736        1.5516478669812210     
   25.072501276720811        2.4577734736430625     
   25.415993519748366        2.5699875603393685     
   25.580248383741147        3.3780994129610318     
   24.928114822140618        3.6415849023658993     
   24.929583617753821        4.3951297172368875     
   25.479420222267564        4.5706605111885361     
   25.557181095099050        5.3986086597594847     
   24.977699815974358        5.6648697465630509     
   24.940848616677943        6.3689114958179882     
   25.415229035258324        6.5785418193108551     
   25.531834773724309        7.4214341680330609     
   25.055380359324950        7.6659810336573377     
   25.043302043513350        8.4487926225653478     
   25.488006511773222        8.6481569735929504     
   25.583261024257553        9.4038621316811639     
   24.983869864603701        9.6630848321457830     
   25.074706047648821        10.434004520816675     
   25.561106912900112        10.630586141782704     
   25.544565214402358        11.449270437808856     
   25.064840761126000        11.700904113331159     
   24.987033641321442        12.351606742208373     
   25.580334332412534        12.729214373957999     
   25.528326644871200        13.376117941085521     
   25.005087297251851        13.637541478669805     
   24.983666185989357        14.364728690768633     
   25.431302740682995        14.595715411609969     
   25.499062804929302        15.421923874539653     
   25.065572329776227        15.653468006661612     
   25.029768023000859        16.354099430502377     
   25.484146162410855        16.666164553952314     
   25.466217696026643        17.324658289962429     
   24.950086724324436        17.578548222464907     
   24.988694111446495        18.339399503691290     
   25.473093005535056        18.585324002442398     
   25.446653576308016        19.314226224762276     
   24.943681501953108        19.566317149836095     
   24.947248016756436        20.307620004942127     
   25.407633942631634        20.552311677088230     
   25.422186976642909        21.384687617549606     
   25.040182981022149        21.597680054383389     
   24.973653054188521        22.352848347051914     
   25.466165316488489        22.636627039789403     
   25.498697480480924        23.338606585085870     
   24.932073067472245        23.599700692474791     
   25.103474312701120        24.462457546723424     
   25.544886886648786        24.594459592946681     
   25.581515103554036        25.434762911340133     
   25.038703110222091        25.692628764885118     
   25.038355066768489        26.377339693141391     
   25.426269211327732        26.608579177939710     
   25.474645300964205        27.357188743983116     
   24.984957317835612        27.602678953624565     
   25.028754327577474        28.445781637364959     
   25.467763518136994        28.600005265620318     
   25.591587609748334        29.468847000654421     
   25.093080962269788        29.719192661384078     
   25.080674720854013        30.403068443510342     
   25.523910970487183        31.307131792037023     
   24.913585765103822        31.582277256207313     
   25.576998532902799        30.732761318410777     
   24.949176123626355        32.325199505014510     
   25.431962198864085        32.540154873003381     
   25.443594093302160        33.317335699626319     
   24.942328095020073        33.566431988860401     
   24.968607987968944        34.366932803838218     
   25.468810883399403        34.572702485600530     
   25.499611142671025        35.402129864940484     
   25.020909910525777        35.650118755084236     
   24.956455428119931        36.374955529023737     
   25.544568152763187        36.666652027076672     
   25.542451097043639        37.424213803574311     
   25.023452022128232        37.686677296483573     
   24.952241177635667        38.306218651668111     
   25.489134072375819        38.659379018322994     
   25.465232610071372        39.312279715749497     
   24.929417617979997        39.572120285014137     
   25.071443784107974        40.430990715448793     
   25.551289793282457        40.595239433723250     
   25.547342911233383        41.426215376395156     
   25.051222826024432        41.676144886337163     
   25.035955518195063        42.380870714612968     
   25.458152716654379        42.634116514329968     
   25.487851385520912        43.353232352381738     
   24.970998187561857        43.604890298584387     
   25.054689556088523        44.405079569471198     
   25.450434351269450        44.581115168936009     
   25.500251048790222        45.376086860385314     
   24.994788365599298        45.626486510130185     
   24.991362667437087        46.312234748090404     
   25.504855060603148        46.649661622502428     
   25.428757019203303        47.295620670248333     
   24.956202321426918        47.543988113356406     
   25.020713992655690        48.446310211555044     
   25.517476693433629        48.601476216682528     
   25.591840251027797        49.451687503900139     
   25.051994571124091        49.710733652997298     
   25.027744613301810        50.382516005757651     
   25.530913159332453        50.677871123485588     
   25.508219526455989        51.402171130458456     
   25.043437398764933        51.643421802074350     
   25.041982387533142        52.341014215842662     
   25.458364868101970        52.646578509794828     
   25.418160142486958        53.316293314207726     
   24.964730495876378        53.555445021798974     
   24.949026442642282        54.371031298980157     
   25.417733919723808        54.567568600305066     
   25.521324600979163        55.393597273903922     
   24.995439805012758        55.653880223980494     
   24.944909139676930        56.284700663609293     
   25.499220418717830        56.653914303527507     
   25.425462276054123        57.405611401561174     
   25.073169745750601        57.608709602396083     
   24.984446160335523        58.288248252427238     
   25.458202956590750        58.669557628674475     
   25.427961674110218        59.412668451433802     
   25.092476767299651        59.604401029664722     
   25.087669862348026        60.373509799402072     
   25.524437175164238        60.719896322940741     
   25.460146688138661        61.285007128504375     
   24.924561705561445        61.551186094383702     
   24.933758285534864        62.310113280493255     
   25.423524499671082        62.547108365666617     
   25.433142661255008        63.349863293549312     
   24.994797231341579        63.581915293572678     
   25.083138115989129        64.374960499526622     
   24.415350241051833        64.630705331212624     
   26.503276846511731       0.63825984740933128     
   26.578611661859171        1.4131875529386391     
   25.989336628010101        1.6789991901051899     
   25.999293888237986       0.42923617898473654     
   25.965398389175910        2.3062210514693477     
   26.456756964401670        2.6142231518712769     
   26.426882162408784        3.3021621683538140     
   25.935998484259663        3.5517920134757315     
   25.928658043186282        4.3351093014127446     
   26.471286927618657        4.5738403931769254     
   26.478431670530345        5.4195307769347094     
   26.065595097786240        5.6445967956015624     
   26.011815869162792        6.3066232336220382     
   26.543182389125743        6.7351563225459463     
   26.459611883302358        7.2683828151330889     
   25.923234133164872        7.5410984995605830     
   26.051817346454818        8.3895198609580603     
   26.532342714785685        8.5919705733147573     
   26.493314548993741        9.3121067329849758     
   25.923504183107809        9.5776027626120204     
   25.973429743024202        10.407596840374154     
   26.532604845243462        10.580570140449300     
   26.559848123538845        11.436436410050192     
   26.061484017585560        11.684425535049687     
   26.090721632042143        12.472993855283912     
   26.419050411166701        12.618311191135851     
   26.591893852815875        13.387653775272073     
   25.950173461488284        13.648229243091146     
   26.002036810517204        14.337322174278375     
   26.508355600216980        14.603117199731130     
   26.442671033254463        15.315704325254082     
   25.965128932027195        15.564257736391429     
   26.064836009677830        16.402013761665057     
   26.497075284604197        16.603180739265991     
   26.490668310884896        17.381830986685038     
   26.005045565150297        17.631193014168893     
   25.957981005993009        18.335240033028729     
   26.489457536125521        18.633417630256808     
   26.480524918821768        19.322768289474034     
   25.931506792166264        19.583208292284507     
   25.941279526895027        20.295955616380226     
   26.547778517027261        20.621786781744479     
   26.453520199188350        21.255958170336626     
   25.901224267750173        21.531954566397509     
   26.047590100495050        22.375591172704837     
   26.536385109096706        22.581622225933732     
   26.479722887658923        23.297321187146999     
   25.915793850325741        23.565461610354223     
   25.931017742229098        24.381804244056379     
   26.484029510054803        24.562078356216514     
   26.540813588295972        25.426296699881394     
   26.050525074116880        25.673336244374880     
   26.041574941403649        26.343242444929995     
   26.465726170551903        26.654150564530987     
   26.428495845996853        27.296154246606324     
   25.935024393969677        27.546240049921881     
   25.976913908661345        28.349227162460465     
   26.405511819006627        28.541855014671022     
   26.460076995276445        29.309556403086972     
   25.902721928720101        29.571037157882323     
   26.108922605597336        30.465967718100323     
   26.475080739048224        30.561198744055801     
   26.593579586526069        31.441411808583659     
   26.004352885214544        31.717932662086067     
   25.937969682969605        32.281428000620231     
   26.484455155997118        32.656392768979124     
   26.442259504075299        33.315799304986470     
   25.954059526147056        33.566000326030093     
   25.941297326211053        34.330250511692626     
   26.409932292335821        34.557602585905030     
   26.460202676764816        35.313858643959612     
   25.920583071485897        35.569520326668034     
   26.039629539666972        36.417771121807071     
   26.584762059195818        36.597191809082275     
   26.554391059261022        37.351533805864435     
   25.942719636269040        37.619139302486111     
   26.048602279645177        38.396609961992951     
   26.521051200388214        38.591031549872127     
   26.501541597062101        39.331696542848356     
   25.933296192445468        39.596915400203535     
   25.929492624025315        40.385536881757758     
   26.521342521964471        40.588176593501899     
   26.549465949818405        41.456716528909375     
   26.091155563338742        41.695826857252001     
   26.063787611014128        42.365717442998651     
   26.412612892036162        42.628619354868313     
   26.452711445911248        43.411994615670714     
   26.063071928976349        43.628814289139797     
   25.993269040574688        44.315457155425889     
   26.522618538272614        44.702931919510220     
   26.462976324938591        45.356217841522337     
   26.012765483470485        45.595855991848268     
   25.997738827281804        46.394032755673067     
   26.549235683092128        46.653930951658324     
   26.537402184060699        47.359669238566667     
   25.953266533607525        47.625926736727685     
   25.954448947091510        48.370127523378933     
   26.419067562155345        48.560430014968105     
   26.511653571701405        49.366382383753560     
   25.976406318682699        49.620881360265415     
   26.054160532119699        50.422261104733074     
   26.418966368958074        50.570796519435547     
   26.535269381038351        51.406335098722444     
   26.029278802063455        51.657044625032817     
   26.041173806545373        52.377448026929194     
   26.553519077917986        52.678147542522872     
   26.487887066994052        53.403592205077054     
   26.054022629046820        53.639813722264194     
   25.992443561817730        54.296805471707408     
   26.426437892057066        54.635969403543015     
   26.412726088164135        55.402567629183942     
   26.077167230841557        55.594744299386626     
   26.026145028451417        56.388071844675530     
   26.573913787752257        56.714047369922149     
   26.533091798492997        57.409267406488098     
   26.052149665739091        57.655939556578964     
   26.087543796187806        58.400453617425981     
   26.545427110377954        58.690019140056556     
   26.492117529754779        59.293462586468408     
   25.898604827487404        59.569849061806920     
   26.101426751235699        60.441888314376925     
   26.414781179303262        60.535974175687443     
   26.553841085677984        61.395556753429432     
   25.977258593538597        61.663957633019457     
   25.936339558202409        62.290953884249959     
   26.543340798596695        62.663834478878222     
   26.452172410225565        63.349736004843713     
   26.024055027551142        63.584038983050412     
   25.999293888238011        64.429236178984723     
   25.546083243373459        64.674636550618033     
   27.410873744338023       0.55553572745426427     
   27.501402120516673        1.4353006522142089     
   27.080317454074258        1.6644278606474643     
   27.021362738471190       0.38677201887727686     
   27.020219645345776        2.3419760681337349     
   27.489521386798639        2.6817222880288596     
   27.468331700282878        3.3911411322537446     
   27.027069892088083        3.6282269203825264     
   26.959082210702729        4.3220774046188781     
   27.494608505139613        4.6552605830436598     
   27.475162478622320        5.3361018054142448     
   26.960738650971706        5.5903498374720613     
   27.078717771244694        6.4631196011113214     
   27.556117467571287        6.6164878462125039     
   27.587269242127512        7.3808665459441363     
   26.927797352814583        7.6449775866239387     
   26.925832253797569        8.3753041141806595     
   27.576725674023734        8.6040228961826504     
   27.548034954686564        9.3332492740339124     
   26.906737951732847        9.6042489918448926     
   26.916804441806175        10.368693044022290     
   27.486687165187313        10.556790111614241     
   27.526397334356943        11.369896066368199     
   26.972606942265003        11.627076345665088     
   27.047051720713011        12.356986557666954     
   27.556549700861556        12.652896576912527     
   27.457585365067402        13.307432825989940     
   26.972982737407172        13.564102599170495     
   26.943722222483419        14.368348548327695     
   27.413510644892760        14.571342233075978     
   27.525273077828800        15.409952516122008     
   27.027373931838042        15.662865396988282     
   26.979108597301348        16.354712579275148     
   27.486638669778802        16.642760292975922     
   27.497057752777120        17.414252322085154     
   27.055506799679957        17.648101935640284     
   27.025291753563263        18.372644319513707     
   27.485111729680536        18.654061944764731     
   27.490228328789932        19.322128642978253     
   26.918062843121604        19.584829249193753     
   26.929448585239797        20.406008309715968     
   27.591105555974575        20.596976168232345     
   27.581683416140045        21.436472950694764     
   27.011875682925886        21.712953380074488     
   26.929116371693887        22.360961193646602     
   27.517604584051988        22.659835184568863     
   27.540323683864866        23.342832962823874     
   26.904833188519770        23.607453074430047     
   26.912564340264385        24.333872269592980     
   27.562746250798458        24.586629044588545     
   27.495432275485193        25.416391906792342     
   27.079455568743892        25.643151322212425     
   27.058126587156355        26.381239310513624     
   27.563898254486663        26.720911554270543     
   27.505918258616632        27.315694428802551     
   26.935779285502207        27.587990958020100     
   26.932363027241355        28.286990195575260     
   27.468290280147542        28.585309041904249     
   27.407784775206967        29.381926374076325     
   27.039346900204336        29.592092171863140     
   26.942369658699281        30.311913128739747     
   27.433020791338137        30.624689161769588     
   27.474908737997431        31.335678213508054     
   26.949279772723823        31.588684281375201     
   27.035452027763686        32.392981065808193     
   27.447887278445695        32.567089306359811     
   27.495288549657730        33.381726465552710     
   26.999715900292877        33.631852887973096     
   26.966801192740039        34.294540562666846     
   27.407282681939698        34.591954826426729     
   27.404278402482813        35.307370437244174     
   26.944586198035125        35.547076946285827     
   26.917681256367320        36.406484214694331     
   27.475716273715697        36.583874548750153     
   27.580721109819489        37.426757388374902     
   27.001898229103528        37.696601823310729     
   26.947237777386100        38.360390333458788     
   27.553591350640055        38.663564542825441     
   27.531240374490665        39.329062028671274     
   26.913069261142965        39.598091555687461     
   26.932995016869100        40.366042170336080     
   27.581317039754136        40.592773649942551     
   27.535288859800563        41.340086129917431     
   26.941343796497975        41.610740923400115     
   27.084610351386377        42.373157430588243     
   27.509370626846355        42.608757824488158     
   27.429890597051070        43.303073354907070     
   26.959292576771354        43.551566132010983     
   27.075995671933207        44.435825579490960     
   27.548407475254443        44.617652303445773     
   27.546460133007884        45.406085664667323     
   27.020913732918366        45.662364375824431     
   27.015451832936911        46.412594953981703     
   27.566490431543233        46.664621117294274     
   27.554812471335286        47.356845179447618     
   26.936664176038999        47.624551882606205     
   26.950415664238037        48.305509096216760     
   27.490938174992820        48.591562754666683     
   27.426677267829014        49.356137235821144     
   27.019973611000367        49.579908344521314     
   26.981900327690123        50.306093937551267     
   27.545096208635432        50.693752850320209     
   27.448954993216596        51.349043711367401     
   27.032862833479399        51.579212136545571     
   27.027992178966812        52.430759151063050     
   27.420306665486226        52.604853409810438     
   27.565487471244808        53.378850436819079     
   26.957444695286537        53.639693402502139     
   27.059507290163140        54.370877059278442     
   27.404665240800313        54.552575824716428     
   27.428785338688272        55.346495476224270     
   26.992078330156531        55.577617610643024     
   27.079238290450292        56.460689016648026     
   27.552613672368565        56.637199319495380     
   27.579005731490309        57.378341613776549     
   26.945729761892871        57.638641795840989     
   27.049246892184136        58.434192150410396     
   27.502733362808719        58.582181964300659     
   27.555525672773250        59.361308931482618     
   26.914484228908119        59.626343186182055     
   26.905639484471813        60.287067695703357     
   27.565939435666099        60.616422066931989     
   27.450337988886080        61.383110317679510     
   27.069645016424367        61.599674866427520     
   27.005747581605270        62.415012773490972     
   27.525474354109782        62.676865088361573     
   27.567375728671898        63.383151219564006     
   26.961183202558932        63.643447154837610     
   27.021362738471204        64.386772018877309     
   26.503276846511710        64.638259847409302     
   28.448622074373688       0.58980788930693862     
   28.409916342617713        1.3597633078321305     
   28.027200964090532        1.5722079198075090     
   27.953319457161083       0.29761219337585987     
   28.087078630341900        2.4158138118978476     
   28.423725301171469        2.6012818799600681     
   28.489142050173072        3.3373308457735762     
   27.940597479056986        3.5936673874871561     
   28.040870862964066        4.3952709308690698     
   28.410036530955786        4.5459215217999462     
   28.495057180060602        5.3590408650694439     
   27.968533971214868        5.6142608809428109     
   27.959901751433669        6.3968909506918186     
   28.558401695682900        6.6258325347694260     
   28.555669943955870        7.4257884469992739     
   28.020238059478459        7.6916846018774576     
   27.944744734743100        8.3958839458935159     
   28.527192364026398        8.6609659987159411     
   28.575411881959685        9.4578416139913806     
   28.032738591521564        9.7298608440915277     
   27.945217176619593        10.310306365899480     
   28.534066306599509        10.698911382236306     
   28.493790133335267        11.401346021565578     
   28.040649866198923        11.642687553669600     
   27.976773217051434        12.419103534767233     
   28.541855757130818        12.671103676157296     
   28.583577859360197        13.383266038433741     
   27.941424277522000        13.643745529988779     
   27.971996710157480        14.313176489023501     
   28.539890025708818        14.620318585290917     
   28.437041118826698        15.356828486194019     
   28.043293472640148        15.577279538787256     
   28.041466951263764        16.381932700011085     
   28.535165520558348        16.674956122409590     
   28.494928959175265        17.369375077866348     
   28.011352394925069        17.616730011560023     
   28.054550329061463        18.393124807791729     
   28.457034411405189        18.609455228321568     
   28.479448670767152        19.314147353457862     
   27.906796166283069        19.575971003789590     
   27.915968320555411        20.410307441860006     
   28.559255443047121        20.580442818943297     
   28.585836755037665        21.392756966862098     
   27.968162821120586        21.653910272934979     
   28.045896002591594        22.405955355501195     
   28.576869372171860        22.629013485329466     
   28.524400663386537        23.424109954187042     
   28.035398728461960        23.683141074452426     
   27.932744919769242        24.374966496630432     
   28.540906285519387        24.684403993833143     
   28.567059587705202        25.421270885277757     
   28.032468158120111        25.676210434243426     
   28.078310593160442        26.462334628636810     
   28.420110138048198        26.604004218745875     
   28.597252843534651        27.464367731751494     
   28.056438679516997        27.737704412352905     
   27.975220565434597        28.320741349220196     
   28.486168600929140        28.676823676507023     
   28.482789632459710        29.394388885330635     
   28.041635266542929        29.627005899132609     
   28.059719112748130        30.362176960853194     
   28.429768221656587        30.619743175411330     
   28.425150655606640        31.331482481575524     
   27.971048460735769        31.569399578913071     
   27.948858782376387        32.316664693495213     
   28.461167790120591        32.597278725289740     
   28.444818792582865        33.419041138479919     
   28.084345074362744        33.622699964854363     
   28.030184541927344        34.315251450620131     
   28.449741017976123        34.668081941033847     
   28.414704230116410        35.336792622259388     
   27.990281384011762        35.566071951808858     
   27.955754320686854        36.337451990774518     
   28.547161824468187        36.650749442937489     
   28.493993875975487        37.331539496220692     
   27.963450433333382        37.592115487705485     
   28.020995164665948        38.422013053414055     
   28.494265991468016        38.594347049263860     
   28.555736271192821        39.455846184604574     
   28.043490234837872        39.720229535992921     
   27.940572484298450        40.386136288757463     
   28.423280509514093        40.631736790558165     
   28.577478195631336        41.373737053280514     
   27.925262917838090        41.635913409226347     
   27.937962906659099        42.376029441152518     
   28.595195029084650        42.606167483019519     
   28.548960449680969        43.343116979203266     
   27.938767456429712        43.614848417120186     
   27.961818450456423        44.394649007892490     
   28.525801012443512        44.589860137866950     
   28.545185928893812        45.385343753282854     
   27.987125965873378        45.644478194956505     
   28.019737927528123        46.427945398585749     
   28.590791776247585        46.645367114907522     
   28.572728520897030        47.409607613388580     
   27.996889972497705        47.681556415647513     
   27.945964585182178        48.348639336922488     
   28.578772894975309        48.674627197257351     
   28.526439788895530        49.333149444648384     
   27.949246112888904        49.602156183992840     
   28.025495800254824        50.439871559936421     
   28.597820213092316        50.618086390964820     
   28.587979904865829        51.442037317651526     
   28.052655378516221        51.701529412930519     
   28.038149428972677        52.337656805195969     
   28.471569802595127        52.662255577080501     
   28.422519016093347        53.368516773976744     
   28.028274645736346        53.587687854213243     
   27.969396821623665        54.284072028390355     
   28.536950245289876        54.705461649894346     
   28.439127287276502        55.337462263731283     
   28.022658819230788        55.568685648778420     
   27.996388101260649        56.403106264298593     
   28.449628917623798        56.612689354469957     
   28.541477131358015        57.365947374001273     
   27.939118081024994        57.629738942688270     
   27.934639723731841        58.352578385181538     
   28.447559032233656        58.564639539903574     
   28.499098747514285        59.403445663336690     
   28.015406940456689        59.654598062945745     
   27.932500838824172        60.405400067506875     
   28.457790686289982        60.627516752696010     
   28.585996650382057        61.393789156354046     
   27.962290409062749        61.653011629133111     
   28.073441765688674        62.419920352297659     
   28.530020356914317        63.354642333998385     
   27.959888826173806        63.622184629447858     
   28.565955547483270        62.619114269160050     
   27.953319457161072        64.297612193375855     
   27.410873744337970        64.555535727454242     
   29.473665606281976       0.63993521391487529     
   29.459055846140153        1.4163687177977862     
   29.078816113792055        1.6277744662603102     
   28.976389095542658       0.32688669195347697     
   29.041994210276386        2.3321038397479863     
   29.413797795111815        2.6319283881484616     
   29.414292682012771        3.3112012079538911     
   28.946937785837157        3.5526048777036681     
   28.936783418230078        4.2905217897121499     
   29.527800697918057        4.6261916651011621     
   29.440662750954665        5.2878151218038036     
   28.947716964584174        5.5439166463752141     
   28.969193348244929        6.4037548811330218     
   29.427697149014012        6.5633106843994797     
   29.554983579638105        7.4028540379396910     
   29.009870298774828        7.6598943026447071     
   29.044110669583436        8.4094643284702606     
   29.505806863124114        8.6284206973619000     
   29.521026290070669        9.4386030068484867     
   29.084853570246693        9.6695936786305658     
   29.082327362659541        10.434878700131867     
   29.493822016305504        10.665567909959989     
   29.542108266650782        11.420587083947852     
   29.043348421551741        11.668839483776807     
   29.053563618381169        12.419930133472132     
   29.482189741726113        12.637179720854995     
   29.530870415969581        13.378391419196191     
   28.967502192064838        13.641659466553794     
   28.936974435082718        14.398037858832270     
   29.543348840375177        14.623267858193596     
   29.564663793968204        15.368147332452477     
   28.941366670180233        15.629390562386389     
   29.042145632764534        16.420754537608289     
   29.531823350856978        16.589376966714038     
   29.544600418648500        17.426936600018212     
   29.046634726320271        17.677864868595123     
   29.017379449077133        18.345654749248602     
   29.410545884183996        18.608513319721325     
   29.450449080931833        19.353832384689138     
   28.975836849533909        19.599886055242298     
   28.913927843248548        20.379364898041757     
   29.593552354415838        20.654002824401495     
   29.565046658023892        21.445929419765584     
   29.054305257646138        21.706861556586801     
   28.976947753138305        22.406444498479487     
   29.564192221118461        22.697784350912094     
   29.580986286838872        23.413100218176247     
   29.011066043926942        23.672936901442167     
   29.071196688360541        24.430339279160609     
   29.590939895580057        24.664986011033083     
   29.546200541629478        25.437535371863941     
   29.075925482858121        25.683342332587117     
   29.040680719756715        26.332178387982985     
   29.420277887417914        26.636720719099834     
   29.417281735195896        27.293594411857917     
   28.909360152982160        27.548439047783482     
   29.096184690984398        28.410017117877043     
   29.555835937556981        28.596613535641239     
   29.500166082033875        29.379625061274957     
   29.026450044865431        29.625170979016975     
   29.037480199947431        30.353079495941024     
   29.496663211865567        30.654238906860133     
   29.446205871384233        31.315027687698983     
   28.959050978031097        31.564877000086558     
   28.972773017060021        32.344203186958907     
   29.427156676211784        32.566822199319965     
   29.460849800472801        33.344910508275383     
   28.970368430801077        33.591703516063298     
   29.083218126347724        34.398637196294295     
   29.576386051887273        34.650604684383275     
   29.485031687295741        35.416944777509855     
   29.085214453767829        35.640698958612994     
   29.013852946980315        36.403107336321682     
   29.568951096167837        36.713546281249549     
   29.562676329365772        37.373351069470161     
   28.955378185732755        37.640933516260702     
   28.958288863710383        38.354924223577648     
   29.504518442698021        38.598760555286013     
   29.494335443435684        39.319134472059055     
   28.912237563925718        39.585515367487183     
   29.082896951718890        40.373292350209184     
   29.414620763765008        40.539068697077809     
   29.413807887028096        41.340053560655193     
   28.982606481562037        41.571389969131488     
   28.926972229317155        42.415222725812136     
   29.449557660782894        42.600536222047090     
   29.589061177379318        43.388780104965697     
   28.935644021894607        43.651503966755222     
   28.934395846149503        44.368605326284296     
   29.405895233178988        44.546689505984340     
   29.517778075877548        45.352326525564415     
   28.944770028586120        45.611915116555835     
   28.981647183481627        46.430480195148071     
   29.434951089552342        46.566549899948960     
   29.597486848054910        47.466659811951914     
   29.079565753368666        47.726236506046071     
   29.027636915247268        48.434278047124806     
   29.450433583517309        48.647463785546115     
   29.583338313085157        49.391054841051307     
   28.948694212536598        49.655959559617436     
   28.942513586058006        50.422492989394378     
   29.404819639316745        50.564358528086643     
   29.610519180223218        51.466558975591560     
   29.090745127703745        51.726242274638729     
   29.064759707928754        52.387196422563406     
   29.549220992383518        52.717977681115400     
   29.505732985468295        53.328023889720114     
   28.948841466264195        53.593149412400926     
   29.040120363812562        54.443278782553875     
   29.530419230105799        54.597580423092865     
   29.576021758148489        55.389633595960973     
   28.965460814113374        55.650154057335506     
   29.017530921345983        56.354432154543005     
   29.516501030208747        56.614647701228563     
   29.456938905826927        57.347636340996416     
   28.992735991169035        57.592761671246187     
   28.951262735715513        58.311945885417195     
   29.525694159258354        58.652061193867716     
   29.457074918013220        59.399058861092321     
   29.072752908821425        59.613537394393106     
   29.048528746838866        60.361041220910501     
   29.529148062171135        60.702084563259866     
   29.466214955136216        61.399532317615012     
   29.053184935271499        61.628132083696578     
   28.970494739240326        62.395268976277045     
   29.498841182274379        62.660560053307961     
   29.565358906761659        63.428005931825112     
   29.021246911248799        63.690654249012333     
   28.976389095542679        64.326886691953476     
   28.448622074373706        64.589807889306940     
   30.411791269315060       0.53583203031461846     
   30.472737101994895        1.3492832682020262     
   29.970944802634232        1.5981598574716402     
   30.032192943716741       0.37859476839432038     
   30.071218038673461        2.3707114133122054     
   30.500586709645649        2.6232167203681649     
   30.425574607380174        3.3976626309942128     
   30.065576842909646        3.6038780695659747     
   29.972688727329732        4.3820035291119890     
   30.414822170234771        4.6216239438142264     
   30.550152010535371        5.3659248216449367     
   29.938523945925759        5.6300143732181267     
   29.944718836899138        6.3097764390068019     
   30.406668130442917        6.5476488095354970     
   30.425482613969407        7.3403202830557657     
   29.986475346422750        7.5718848197817410     
   30.002677519336636        8.3802260235491346     
   30.502524255731970        8.6163989755590382     
   30.503580627869596        9.3429236275516381     
   29.946948304753654        9.6035112987445341     
   30.078776470170975        10.405208958672372     
   30.514743536626444        10.596673033773941     
   30.491888928635024        11.334368104666419     
   29.952064857133735        11.593171166776166     
   30.034839860997401        12.380436629260389     
   30.419528468863945        12.556538656274641     
   30.473304992683286        13.378733806606713     
   30.011922939629809        13.618727874594024     
   29.980969844957514        14.390924646276003     
   30.527579001997410        14.644883061310836     
   30.540487885594686        15.443833962986144     
   30.047257931490464        15.700196727451681     
   29.960533754144404        16.355401847143135     
   30.435125375641398        16.631589925138940     
   30.524876370489665        17.371124101764046     
   29.974777597377319        17.627578854509437     
   30.042847933970773        18.348962021336188     
   30.418373959673310        18.576283094908220     
   30.403598636146668        19.349648128346896     
   30.011165494469118        19.565388509342586     
   29.992936365673099        20.435231353850845     
   30.595350311900830        20.666237558775151     
   30.596710705860531        21.456246151051467     
   30.072623145075404        21.711372237171464     
   30.080515205275631        22.444983282807296     
   30.503581504691308        22.662731141713110     
   30.556467842500371        23.423684510920218     
   30.030983444654229        23.679721609202975     
   30.006582290598388        24.439150499621618     
   30.587306344109383        24.678881392239603     
   30.596918842925902        25.468137810612777     
   30.088217002338617        25.720036669208010     
   30.085380053863151        26.368997040595207     
   30.484467411194760        26.689010536439959     
   30.436412747803267        27.309740607897407     
   29.949978907981283        27.560814696205224     
   29.922334068005185        28.390377805886331     
   30.413752132650124        28.563662166881830     
   30.567909062380817        29.438055391512691     
   30.059544650489094        29.692877827987818     
   30.032111459460847        30.389616786195432     
   30.426766994007338        30.619707091203118     
   30.512827359357267        31.407134309364668     
   30.026446182082395        31.657016343712119     
   29.976155689414551        32.302205154799424     
   30.467954766395899        32.648021249500502     
   30.429949492099883        33.347105445534744     
   30.000779053641647        33.577872736729724     
   29.973017099512891        34.429766918139826     
   30.497555732567687        34.624147618444837     
   30.591623032337566        35.433640674521854     
   30.033193793195213        35.690947741859283     
   30.093534823135354        36.458920697929678     
   30.436632096965859        36.608566896033352     
   30.566614933369788        37.407143294337963     
   29.993311329545104        37.673240200329900     
   29.961358186798265        38.359174569164260     
   30.463336293678793        38.608258010419263     
   30.499911909849438        39.336370035486276     
   29.923648420085346        39.599407676154080     
   29.915237855851874        40.288463173375490     
   30.500832362660002        40.591181909998525     
   30.427384313894262        41.381298055246610     
   30.055007247997661        41.591296386015991     
   30.007104064477062        42.334300261730334     
   30.461204702275875        42.647220786257598     
   30.450033740594407        43.421934943612158     
   30.067262816125751        43.637626453651791     
   29.980681390657303        44.269155528208437     
   30.455358731437666        44.675738175669899     
   30.411729977443478        45.338498241513854     
   29.994676230850303        45.565875457306774     
   29.950448314228009        46.308611069248798     
   30.546357757686714        46.666237267831981     
   30.471764463866609        47.300158408928404     
   29.937346582772268        47.568046907132484     
   30.085227221572698        48.388039972413225     
   30.407685804259881        48.550070211877426     
   30.438304663636437        49.345078305078253     
   29.980362215248519        49.583750046029472     
   29.956580384609399        50.299340300900674     
   30.534857711523866        50.656037922249709     
   30.439707784192720        51.365060310816610     
   30.050187717953659        51.583487906387610     
   30.092745877153302        52.455158669422303     
   30.594805976669594        52.695285712596792     
   30.573119303692245        53.365377120881369     
   29.940241544049545        53.636190583802247     
   29.942912501683889        54.374914495754886     
   30.573946192018362        54.612197296723949     
   30.536371415611669        55.431079598180744     
   30.051878028274515        55.684128873108172     
   29.978589453261900        56.367621736692264     
   30.500134557909430        56.665938068469124     
   30.528804375667438        57.448249968263084     
   30.079239656438276        57.686662982182369     
   30.018610770095812        58.395372010402781     
   30.512981071874695        58.681785359231732     
   30.541918971630338        59.432075047664767     
   30.063218217085922        59.675435429615725     
   30.073405835642511        60.436480152861357     
   30.548385687843329        60.681315634693853     
   30.551202879975431        61.424619275943336     
   30.050535583541485        61.674032881950069     
   30.068579685687837        62.400856143984456     
   30.510614232324581        62.661910745643013     
   30.495532715895290        63.319623386743935     
   29.922702171324257        63.582940256226848     
   30.032192943716765        64.378594768394294     
   29.473665606281902        64.639935213914839     
   31.475547609978996       0.57286657778549099     
   31.419003992202782        1.3319597143458037     
   30.990534323343720        1.5630341702172981     
   30.916406876443432       0.28582721971592240     
   30.971795125628571        2.3760133788706903     
   31.486193853962174        2.6120600873972561     
   31.516084982656640        3.3620885290082878     
   30.965908271430244        3.6196281768888117     
   31.070801882506551        4.3661511137992832     
   31.499035749893281        4.6197200101981997     
   31.425498369656722        5.3110772003030222     
   30.968286963164573        5.5544910591535368     
   30.943139997289553        6.2885786805748527     
   31.410303254649232        6.5737015470115772     
   31.404490621266270        7.3231228773330050     
   30.973490951388175        7.5525012198220498     
   30.983852955883133        8.3716581606895453     
   31.417343072109560        8.5696348769149306     
   31.496115822145661        9.3487749438376309     
   30.949164874292837        9.6071944407727443     
   30.944444834014206        10.366974510480899     
   31.584631422299417        10.625937223026931     
   31.533371069873517        11.371035467225106     
   30.985566316450218        11.638232966745234     
   30.955606935228765        12.297482576675350     
   31.441841867036164        12.604052794452846     
   31.418792555060882        13.308751537982944     
   30.950976376006331        13.550418219999697     
   31.014020281522960        14.399668639550173     
   31.444686814483074        14.568610247139151     
   31.523480176209940        15.414582476527478     
   31.048435745926291        15.656683959589110     
   31.076228400354012        16.372109218886692     
   31.541862917770221        16.702553082430001     
   31.459360065077302        17.311111078161908     
   30.972592234288307        17.566122116806088     
   30.968671997419584        18.314443965619592     
   31.407035322608898        18.569260379375834     
   31.419756816847510        19.293803927541688     
   30.918733401842264        19.542752664659861     
   31.015379499353102        20.440214884724472     
   31.525261702368820        20.578635272764011     
   31.587215658227269        21.417905543526206     
   31.007869248416352        21.676991741007896     
   31.063947497951816        22.405161547438098     
   31.561532174965798        22.656332020827456     
   31.509583368257466        23.389013546329775     
   31.034685478569692        23.635138144394698     
   31.036449185164010        24.443681619891080     
   31.591105715831755        24.679994181609310     
   31.587493785093521        25.368821036681219     
   30.927761838591625        25.632329533337355     
   31.087978163443907        26.414788949051228     
   31.521518588792855        27.322137216174450     
   30.924352291210752        27.592661099399745     
   31.568399548862239        26.597723335952686     
   30.950537091383953        28.306720849000499     
   31.461461044433108        28.566457433506056     
   31.417852164227650        29.391802230360902     
   31.069652515571445        29.589395238532099     
   31.066910333130775        30.356547259919093     
   31.442520785744026        30.647348953889594     
   31.419696934228824        31.317796086602758     
   30.963129732375084        31.556266018862917     
   31.035139750730330        32.383108317086993     
   31.469023846631270        32.588344170907689     
   31.479780765827289        33.434402203808084     
   31.086193433045644        33.652088941194734     
   31.024676589213716        34.363162290586814     
   31.496922272195278        34.681843518442896     
   31.494956104733330        35.372200099247635     
   31.001635631884856        35.619949701946602     
   31.021745512472375        36.346911194259363     
   31.441177207476127        36.602976313811546     
   31.432091882770170        37.312792149617692     
   30.946979677320037        37.558472480777610     
   30.997763517886987        38.353721654325277     
   31.415670874180211        38.553574324893447     
   31.455106071376584        39.348546878909666     
   30.971248426022207        39.595624892519304     
   30.932196126407959        40.357452721834314     
   31.478705319683279        40.601240676272646     
   31.512042419481954        41.357277106205856     
   30.961256431555160        41.614376461458313     
   31.052844850278728        42.383294633052174     
   31.564543546029046        42.632212452777509     
   31.484978539829012        43.384510210533122     
   31.051793739958050        43.618374101872341     
   31.088080328509960        44.403164129036867     
   31.496782113325960        44.658936066143873     
   31.475530076095314        45.422614206587461     
   31.076160767674239        45.642706568034818     
   31.015625723866513        46.416093006934439     
   31.481339648799455        46.658966835433013     
   31.566128862336150        47.410564076510106     
   30.991124577551648        47.677084050285664     
   30.955063129463912        48.287411185354479     
   31.427742317114795        48.603876155698586     
   31.404934253439226        49.383483288631595     
   31.053209247326436        49.583160983214810     
   30.995434371322347        50.408151201701791     
   31.532051740101238        50.670517558505423     
   31.561439505357562        51.380515004534175     
   30.965075774255691        51.641101807721469     
   31.050988799810504        52.456719007203205     
   31.425070132193579        52.573371957187881     
   31.602514874530804        53.447567440761837     
   31.028310992043124        53.722506376724269     
   30.956612781457963        54.397633726707397     
   31.460232656483747        54.635087029423516     
   31.577611238436070        55.451127719129609     
   31.075218873604097        55.701650667203623     
   31.076100985054243        56.403386879623021     
   31.560009402234368        56.708364706977754     
   31.506753319090777        57.420974193699955     
   31.082985615874019        57.649835116617929     
   31.092967617060197        58.419557431413374     
   31.454800437777294        58.644211982373484     
   31.499755991487294        59.325429147418411     
   30.907835813035458        59.586825872125686     
   31.066205496272143        60.426076759880672     
   31.535297973692124        60.571641072501087     
   31.546380913681734        61.419244896457300     
   31.041704276941019        61.669786123239611     
   31.047010834739446        62.403001756833611     
   31.569413673953999        62.685361280584630     
   31.530161503963949        63.325142143172179     
   30.916256735193642        63.598626097827641     
   30.916406876443435        64.285827219715927     
   30.411791269315021        64.535832030314594     
   32.476432557146033       0.64676063317732990     
   32.485663038092497        1.3143520458260254     
   31.912028331729754        1.5749202376278275     
   31.944939393187461       0.32247765382295679     
   31.988742371446676        2.3633596223817590     
   32.466757792428311        2.5501582170806176     
   32.479998280922466        3.3171756295022869     
   31.918762969668379        3.5767885518259437     
   31.959079425816647        4.3764402327503564     
   32.511706030843300        4.5711714716803176     
   32.521086861084513        5.4210323655072514     
   32.043187094845933        5.6684449721163510     
   31.992816043645952        6.3012655820951213     
   32.463858155539377        6.6587230698928686     
   32.418838454210999        7.3661672898298090     
   32.030328234382672        7.5820550399012880     
   31.986724265608483        8.3037932508998544     
   32.437392969470885        8.6269350457348057     
   32.413764627228822        9.3463630737611396     
   31.999311493574911        9.5715952101625934     
   31.954799371261597        10.417858242868737     
   32.584894032616042        10.657781344890720     
   32.590932107265779        11.440102445535361     
   32.036321032065793        11.704266920218716     
   32.004781560846595        12.336223455695549     
   32.553442299792479        12.700729999993888     
   32.480252425929123        13.313846788125851     
   31.957921246745165        13.577917124215539     
   31.950047873923921        14.317924754845048     
   32.522130301587211        14.620218563043315     
   32.458232191270056        15.340530661779475     
   31.995630899899560        15.583440432077927     
   32.042840847451849        16.443780998482680     
   32.450266332711585        16.598985079789621     
   32.575968778678650        17.422427897987994     
   32.012932017724189        17.687041062982967     
   31.983629399301741        18.302217977804695     
   32.422299201174127        18.610159045657223     
   32.404857101377139        19.407923372108620     
   32.063974213202343        19.605347117816791     
   31.952965747053227        20.343419415958884     
   32.512556619447011        20.682568736877307     
   32.523862832606738        21.354083483216961     
   31.951068877049323        21.614840248911836     
   31.998472284049697        22.422972687951123     
   32.456115215363248        22.573603694416484     
   32.564681800535858        23.394193642468050     
   31.982330108195629        23.653697302965504     
   32.032723899947285        24.447252746393580     
   32.584043368527439        24.636397980597085     
   32.589899682084464        25.370840422215839     
   31.915395532125519        25.635479960669116     
   31.918782072933382        26.398951082986581     
   32.516770187132366        26.574254777796334     
   32.565635255601450        27.373604058544199     
   31.930339106882176        27.639115807220936     
   31.920788319671015        28.325807867467685     
   32.543415352941217        28.604551771044306     
   32.483764824375406        29.371015826152341     
   32.024396032197430        29.612209005829087     
   32.062612693311635        30.379306445345410     
   32.412932874243182        30.595148477702413     
   32.446954329267690        31.331171717076266     
   31.957393154158691        31.577503582127001     
   31.961294448489863        32.340798867417526     
   32.477203518478966        32.590449602930889     
   32.468717409169791        33.379212087505024     
   32.026249523802143        33.612480219006990     
   32.090488137661637        34.418596406620722     
   32.559371197471876        34.673088631221738     
   32.507489102759692        35.425890244887611     
   32.074128289582504        35.660415826492191     
   32.019818210795634        36.330705166379701     
   32.523390882022902        36.709373932201778     
   32.461610734356462        37.357537985124857     
   32.007527469619205        37.600438305427076     
   31.959350606620269        38.290874461969572     
   32.542033311083479        38.687534948129404     
   32.445681072599406        39.345358372603030     
   32.024621379416295        39.578158339162776     
   31.988478535058022        40.347621217191424     
   32.521076004712739        40.659731332253600     
   32.484635124140127        41.348700349326009     
   31.976915929191474        41.603986290877444     
   31.956613578995150        42.414027227443803     
   32.514753577389435        42.615828869715401     
   32.574733074116082        43.411477104425821     
   32.005417603371377        43.670219895002802     
   32.045236409282651        44.398765943011902     
   32.495532477602225        44.621852226503890     
   32.501532507055671        45.438192997619971     
   32.094293579038485        45.659119926279637     
   32.088680532165085        46.394955029757462     
   32.524185912125667        46.704496602152986     
   32.483087744618217        47.357122377500446     
   31.998176967447932        47.605667198186701     
   32.003782309603508        48.338000992219854     
   32.540470478883307        48.661207235666964     
   32.453267488013459        49.400599408961931     
   32.085195507148875        49.609035249572131     
   32.064547736835110        50.413158934953110     
   32.529187603010023        50.688912508080165     
   32.528119889646128        51.330671737203097     
   31.909667996134765        51.595288209416090     
   31.950768510543323        52.317344900626317     
   32.428246364177781        52.536198047538051     
   32.430154231294196        53.375729689036881     
   32.037471653157702        53.590965267418689     
   32.054749428638026        54.373214851326715     
   32.554181644012552        54.692316823896526     
   32.485972010298532        55.285974923564382     
   31.908883166574835        55.562307505874692     
   32.082054884600119        56.447112258530062     
   32.499318531429140        56.567299629279262     
   32.568762593131581        57.412633000628041     
   32.013379789207434        57.669504733162810     
   32.072237187536849        58.384288424680015     
   32.476719790676462        58.625535364262738     
   32.451821169497968        59.315994938834933     
   31.936422394217612        59.572952677415657     
   31.906123892830653        60.364627780062335     
   32.408833296124264        60.552411771921641     
   32.541266562923148        61.448757565078409     
   32.091795677395432        61.687205861161679     
   32.049977269685400        62.436044314234756     
   32.451386986386268        62.649084779941731     
   32.579924541042644        63.440332040544583     
   32.019734852678575        63.713651207472083     
   31.944939393187461        64.322477653822958     
   31.475547609979046        64.572866577785462     
   33.054877161932403       0.38338656172917762     
   33.561895975987717       0.69732704351650288     
   33.493464568525987        1.3894655889050362     
   33.021032327131202        1.6426741681370569     
   32.936194745552136        2.3018278575447240     
   33.411674649311962        2.6068098945186562     
   33.461998569191387        3.3491122250000234     
   32.965100019951123        3.6001826305453202     
   32.920531722821814        4.3484729226900170     
   33.535221110772170        4.6247144814226004     
   33.515667347642157        5.3672156617416960     
   32.989097496797008        5.6231181437721798     
   33.051220632133685        6.3903073274620592     
   33.485851826116722        6.6104424746596955     
   33.480253382670234        7.3930742166654397     
   33.039446417753965        7.6259745056129136     
   33.037438762888094        8.3574706324516335     
   33.555979284004096        8.6985707290892300     
   33.468814874053628        9.3938729082021037     
   33.068709324949552        9.6171808367598288     
   33.015506926601262        10.426768585863835     
   33.484135493490328        10.655261075560357     
   33.578477267186877        11.427124587170951     
   33.029080600532971        11.684843288262925     
   33.045116215408072        12.446166396715984     
   33.587206737383404        12.673047690327129     
   33.584384806518180        13.389666938338102     
   32.963160057074056        13.658126447504861     
   32.959674564777117        14.385474575368244     
   33.535554705135070        14.613940156339989     
   33.537641346050023        15.383122707994428     
   32.989078152565547        15.643039062158346     
   32.992772531016229        16.340876783538722     
   33.519424961993806        16.637936999808439     
   33.467198058503939        17.287631026611695     
   32.910064306074730        17.554170215017951     
   33.015081104385345        18.345361302675002     
   33.424290283622554        18.537427113494552     
   33.426518545380446        19.325531540090090     
   32.959993994349453        19.567106739331553     
   33.086287414471855        20.421531617326309     
   33.492488850309158        20.597738383402941     
   33.507578630355255        21.370435538404731     
   32.977389297370969        21.628616347467357     
   32.950536771206970        22.323533860495040     
   33.504622564866665        22.624953446930611     
   33.466915374774025        23.314548533347782     
   32.941748899157773        23.572321845066689     
   32.974154535894229        24.422182537961124     
   33.529158485006754        24.593840808245599     
   33.577815574541852        25.427931671654790     
   32.998915569301538        25.700343876527228     
   32.932932163962491        26.346855154846018     
   33.552641965315942        26.667350700697988     
   33.525291487834487        27.347115108051035     
   32.945904207709816        27.615626297106910     
   32.934305759849025        28.388083937271535     
   33.549420676710234        28.607752757119616     
   33.553029810907724        29.362316942595434     
   32.947080337489339        29.625383589748168     
   33.012749844549205        30.334608612748397     
   33.543202813087049        30.625536422959492     
   33.446800302909367        31.293728841744233     
   32.958535990059140        31.550032138770121     
   32.957018349118599        32.345441601828618     
   33.539259485926209        32.619596259385617     
   33.491147821364422        33.355423446540243     
   32.994523253731025        33.606962300111640     
   33.023070530715962        34.430978964469446     
   33.519983214761915        34.624359675596850     
   33.567038041722434        35.440011425818362     
   33.060648304192682        35.689621377034413     
   33.083622545804609        36.440462392253252     
   33.426946144607236        36.616681014728840     
   33.551426542399966        37.434221800656545     
   33.059727033396321        37.684594931411084     
   33.024828594041097        38.431603041632826     
   33.526722364024394        38.671381057761849     
   33.574795200506728        39.402928617088108     
   32.989533895572357        39.663224831049511     
   33.025556039847160        40.407085291332422     
   33.556815369079878        40.636360308440622     
   33.533982811219907        41.448266620278794     
   33.076509208243472        41.691556457177903     
   33.005575048035496        42.362906077579510     
   33.449208999292722        42.647787008229322     
   33.512443569279064        43.441106421260820     
   33.079496882694471        43.674097803299688     
   33.019353360084843        44.361055560736652     
   33.427865969338939        44.633537743645128     
   33.495679467208511        45.428059409277893     
   33.085122714069811        45.650269214030153     
   33.093305602280608        46.436815205222594     
   33.428993895151706        46.628770883562240     
   33.529003652145235        47.345856652263592     
   32.922357338139939        47.605244770203001     
   32.997892137388604        48.417552579280716     
   33.408723747963926        48.540275965678553     
   33.575135440911360        49.456708714214521     
   33.095150054196189        49.703459699136495     
   33.088107707980825        50.426343400653678     
   33.569069495412911        50.718494751161209     
   33.535683630789414        51.442689499316444     
   33.045130154978679        51.702749488415378     
   32.954391417450545        52.266386373672212     
   33.468316426439266        52.676329877258027     
   33.434710114665805        53.346967742806328     
   33.002603236283534        53.577735429603109     
   33.034558008116569        54.441775980053634     
   33.590840849649751        54.657602193697130     
   33.583950396201466        55.369057383131782     
   32.922282036627948        55.638572395797794     
   32.912509255638597        56.343881112654771     
   33.488843952078383        56.572034846572038     
   33.498599494431225        57.370939086386343     
   32.993935609644112        57.621309566282207     
   33.004445400737445        58.367883044548627     
   33.450774694424432        58.597205314032593     
   33.478374344214302        59.320004056265084     
   32.919393846774973        59.579217476325582     
   32.939590264789487        60.297133135579067     
   33.532033929266817        60.601697758550003     
   33.445075097965152        61.262693624047486     
   32.893141759640855        61.539043491770592     
   33.095373201652301        62.388343059055408     
   33.528952776212215        62.584662584776922     
   33.455385006970239        63.378025915366017     
   33.048229591135012        63.601397001561388     
   33.054877161932410        64.383386561728955     
   32.476432557145806        64.646760633177195     
   34.525842076376946       0.62254918625908351     
   34.574403388510653        1.3753206502060682     
   33.938003358802661        1.6339243129102614     
   34.045311273755168       0.44719621723370317     
   34.040482077643368        2.3477355870701535     
   34.453659465302678        2.5696326403943184     
   34.405767042805856        3.3997757966488620     
   34.073535573013629        3.5915558811403177     
   33.996240416987803        4.3807561413929221     
   34.488930533557046        4.6632373413418220     
   34.534224711744095        5.4152117739919676     
   34.028736824856580        5.6679585165298318     
   33.993279998958513        6.3559950723236120     
   34.453391766866808        6.6234743252597497     
   34.484701207202761        7.3963444739147270     
   34.038866700068048        7.6302797699055382     
   34.039606305208324        8.4456511276691941     
   34.477547084791439        8.6339092520941136     
   34.583385393326296        9.4377236579151855     
   34.047014944946554        9.6933244866574668     
   34.070968369466883        10.394650418018566     
   34.466766620011349        10.635549672792752     
   34.474003472500904        11.325086978614824     
   33.938237009207420        11.580964812637268     
   34.026984852064786        12.440441215809676     
   34.555367906066088        12.598282024673711     
   34.583766691625016        13.442300433349061     
   34.031837026712097        13.707915861333403     
   33.978037145346697        14.377986644296886     
   34.499559770322776        14.651518997469044     
   34.529050164361301        15.346245898997484     
   33.928080686481593        15.607265907344233     
   33.986419343895953        16.394073110332517     
   34.469004838331443        16.560421655329549     
   34.532563887369825        17.437033372525221     
   34.033495487897611        17.696367837464980     
   33.950315361564122        18.269755365006201     
   34.533646274718365        18.717833223859987     
   34.450348849544092        19.366149456055290     
   34.036686523771181        19.595604776931005     
   33.978987971583898        20.348088561303200     
   34.494791933300021        20.651908023841731     
   34.491380931142892        21.368128255544441     
   33.993629062274458        21.618055844775920     
   33.985732360069541        22.377539766217932     
   34.559411672487485        22.648465001466775     
   34.524494338052136        23.351867774046468     
   33.956859436246113        23.619822999271239     
   33.940034330927901        24.371347253742236     
   34.543979666079032        24.615928417583255     
   34.530225728136131        25.445346504746006     
   34.084830206188713        25.681796931604612     
   34.039130798976160        26.416882951230487     
   34.503601394082217        26.674900488556226     
   34.554674461289878        27.435822588670845     
   34.034309579357377        27.696050412765004     
   33.966377733097858        28.380231598224352     
   34.559327584508914        28.685428908001676     
   34.551243947038046        29.381690850821904     
   33.971042637115346        29.650112437549645     
   33.940636079822795        30.402828683413880     
   34.540932417294336        30.624697593283866     
   34.568548989851067        31.369411355579910     
   33.932266228406000        31.632135818048535     
   33.957605188199942        32.393192844843185     
   34.503030676947141        32.576951581465643     
   34.542782892012674        33.385661964047479     
   33.982485363539894        33.645469827686824     
   33.990614966301067        34.383250070589668     
   34.520607453679837        34.620516443778904     
   34.517456448558178        35.392607834864400     
   34.021819022408103        35.640797560855091     
   34.050902969942669        36.355875176126162     
   34.509372035665308        36.663077938538855     
   34.438764351943782        37.327141453251890     
   33.989397604168346        37.567077736750733     
   34.061365813137513        38.417126229618155     
   34.433483042954165        38.586164211025022     
   34.515761404347224        39.377424903591240     
   33.986127434834728        39.632859766812210     
   33.983329613400961        40.407904691630414     
   34.587403292035056        40.648205597598306     
   34.565969806728916        41.379030530863773     
   33.976475791679547        41.644592411345172     
   34.086954515492181        42.389828009078357     
   34.499883533429262        42.616294375120283     
   34.452054764573113        43.313188877165850     
   33.944708548198804        43.569528872298321     
   34.082619056118624        44.377453073451584     
   34.516862761953654        44.616815187518718     
   34.438799457644869        45.330494969079339     
   33.993772013837528        45.569348045316481     
   34.072466130422107        46.372044056850463     
   34.425024093348661        46.593565772289402     
   34.417436275859515        47.331237635409266     
   33.969016726090160        47.568595817530671     
   33.924583165549315        48.282010425533414     
   34.512322799435921        48.637285630443337     
   34.435047880693318        49.341661806041493     
   34.009753513499334        49.573330234122125     
   34.091701477059118        50.462105751884920     
   34.529670555431565        50.640465672943371     
   34.573515618997362        51.447676762529078     
   34.069070711363430        51.696931616951503     
   34.089058789791125        52.405432734938131     
   34.550315252552856        52.700661104212152     
   34.498024721775465        53.352677575176862     
   33.990949776878921        53.608465157062227     
   34.000467235138011        54.435793817008815     
   34.498275999232845        54.615668964286257     
   34.584832623960303        55.432123145171836     
   34.002813052318622        55.703675836836126     
   33.943981022718354        56.331072944183340     
   34.530288227120316        56.661768582773881     
   34.493233092250428        57.429519579414055     
   34.078007309100094        57.656878338623912     
   34.016586176719372        58.327907660733715     
   34.413787941897972        58.628897423042311     
   34.445496121723338        59.384086104784195     
   34.018647512376312        59.615947929495185     
   33.933977885934944        60.375707648180772     
   34.409025256031157        60.601481353078043     
   34.553209655213067        61.376508273186687     
   33.946480720598068        61.646221345305761     
   33.911830552537452        62.370497407435650     
   34.413020184346870        62.562542144406748     
   34.538489437252423        63.384621100848832     
   33.991270972991209        63.641578011814687     
   34.045311273755154        64.447196217233710     
   33.561895975987689        64.697327043516509     
   35.496350785808829       0.67100248116286831     
   35.519567267372423        1.3764786321141811     
   34.972794307484570        1.6388161267975356     
   35.005076292326414       0.37407799360049654     
   34.935256333169725        2.3202159007219239     
   35.505808984212742        2.6240129119240101     
   35.468207123802507        3.4112627841819485     
   35.077645973360532        3.6265281792664750     
   35.083490756320970        4.4002515288987931     
   35.556113378910119        4.7117881832439537     
   35.501937156777110        5.3384662107149801     
   34.973390789431981        5.5993754897041521     
   35.030378976530379        6.3636413160483576     
   35.434463570768841        6.5786703547691188     
   35.447558665897766        7.4135497020470389     
   35.079624640095297        7.6194250739511480     
   35.047841740615141        8.3693385834162779     
   35.456185052821148        8.6504247264256815     
   35.468679945996485        9.3058944835758037     
   34.905154024906885        9.5663888208550905     
   35.038477813923770        10.373851002909927     
   35.463263772080104        10.548034013728309     
   35.464774972789350        11.306670643620130     
   34.912592521171945        11.566486051629887     
   34.932103924363410        12.389367946900794     
   35.423296074173827        12.541327750769296     
   35.545063547251630        13.358595911751079     
   34.931661397852267        13.618130667896434     
   35.047301477887444        14.394135698241870     
   35.524735246119690        14.584186616608125     
   35.498767048317603        15.397909585257027     
   35.016839979090228        15.649782803024843     
   34.944434973825835        16.311843889373602     
   35.424278462566647        16.610047161387779     
   35.463326527548077        17.344860076009073     
   34.970357087867441        17.591661988790356     
   35.073311179386010        18.449145683582202     
   35.580463342231276        18.631702537334444     
   35.572809302932448        19.433568448243538     
   35.051035408212606        19.689221784309577     
   35.047589381228221        20.390436048596392     
   35.530108911474315        20.674774849865464     
   35.504597133602118        21.311663603131223     
   34.910531737013507        21.578044451939977     
   34.996397152610875        22.415473215241754     
   35.482397626475525        22.555721697617919     
   35.556032243783065        23.371822878117289     
   34.941157833519348        23.633651049533803     
   34.959819383916987        24.391808446596190     
   35.489651992511043        24.578920510019330     
   35.538575218584342        25.375948790883324     
   34.971060693685310        25.634901804987745     
   35.086968833878522        26.415116817412613     
   35.449066382365729        26.579956783870379     
   35.490986040393672        27.355426302393035     
   34.971848644615058        27.607282913259645     
   35.055810931067164        28.436683114139790     
   35.574736570537496        28.629289349997375     
   35.563105480389360        29.425431211930849     
   35.032909993419771        29.686443783249537     
   34.989418160578438        30.387870825207692     
   35.427997435021751        30.611564497891692     
   35.529055838722677        31.345215395055160     
   34.913614035219034        31.607614852786735     
   34.925533732900490        32.350936154483200     
   35.531608138193576        32.578204410843789     
   35.505124730038688        33.422622967660466     
   35.059671718682281        33.660608592206700     
   34.998276775664870        34.372442997818943     
   35.563978470448603        34.703874133956461     
   35.528780340344746        35.416174794271036     
   35.053258162983042        35.662602549806756     
   35.024560290787221        36.401141224788532     
   35.573574975963439        36.695278217190143     
   35.543314079119043        37.400234693336692     
   35.019229358820525        37.659497667495430     
   34.996369585155634        38.323559822761496     
   35.435248617668371        38.614838608959964     
   35.427298929780036        39.379144492452689     
   35.037973687638917        39.594210935585892     
   34.993010007873252        40.426409411070296     
   35.526735715544142        40.657909406722155     
   35.578688295571411        41.367343557314584     
   34.911566690949542        41.622727056783624     
   34.967650540270967        42.372896244336943     
   35.567393112044499        42.582182743051057     
   35.523507307919488        43.367140429633018     
   34.981776093930044        43.631531736513978     
   34.953156477895057        44.380693230778661     
   35.580444572236779        44.649463736776497     
   35.547669971877454        45.386501195194256     
   35.000128758419621        45.649511840318731     
   34.996245516303411        46.328930482327706     
   35.409531173943606        46.585232961878134     
   35.425295294062394        47.332670162535393     
   34.974077496169379        47.568359154391054     
   34.978325591572982        48.391488200225076     
   35.409292245318476        48.568519338568123     
   35.531918753901969        49.372087567316889     
   34.972034408634357        49.630798668013902     
   35.008592400718832        50.397606524597492     
   35.447384193193550        50.579804237145041     
   35.525591194065022        51.435109799743785     
   35.077052962046650        51.670472419702833     
   35.067798083634010        52.441455936271595     
   35.545201022567504        52.687649728160764     
   35.563351887992134        53.369299230386311     
   34.942975423785121        53.631801940110769     
   34.985969241224360        54.370366266124414     
   35.554346911551171        54.605525268401422     
   35.509911183045261        55.329802582248277     
   34.945405757519701        55.595038818840017     
   35.026189040586296        56.411418608165818     
   35.585910386033774        56.615081880810472     
   35.550973708917944        57.335901430839634     
   34.914765231290275        57.607667016367174     
   35.084042031451226        58.370825287131659     
   35.502974665961773        58.583704141821059     
   35.432249242097967        59.268414519608697     
   34.905310095274821        59.532034505891346     
   35.030824827686153        60.341231257608719     
   35.551076824234599        60.605916823918392     
   35.433567886927307        61.370088704308444     
   35.054555499762067        61.586623928485338     
   34.985134561467873        62.290893916088798     
   35.506800246689330        62.697795672836435     
   35.426356520176384        63.397175000582919     
   35.077843425390917        63.597822862385449     
   35.005076292326372        64.374077993600523     
   34.525842076376954        64.622549186259079     
   36.440155186114012       0.57675385004260504     
   36.490675925426466        1.4214153062991688     
   36.060876864063388        1.6528447780269970     
   36.080618696330404       0.41022416489625624     
   36.001541873750412        2.3691662788646131     
   36.428378400182339        2.6244218554664740     
   36.510618926399665        3.3897938603406819     
   36.017329244677299        3.6363903686124521     
   36.073244044130412        4.4535595646718802     
   36.470563161168805        4.6170336574123949     
   36.570521805926347        5.4211519876791527     
   36.011281004345179        5.6848743740323435     
   35.979257074045734        6.3165690084573782     
   36.473011681270584        6.6365361558845271     
   36.439462215701127        7.3358436188207126     
   35.981561712432224        7.5756906198029217     
   36.072524657515942        8.3884126133405346     
   35.968406385832203        9.5964411530923659     
   36.558750565491742        8.6537807410222776     
   36.481240095859917        9.3324586623740284     
   35.914452906953386        10.309308180426203     
   36.428982680817384        10.582386359992224     
   36.458752889046934        11.316925092209800     
   35.922447434466491        11.574449914762431     
   35.911432634620887        12.293435559581496     
   36.462571587023604        12.568708776733667     
   36.431733637783282        13.313870512818211     
   35.947729037407512        13.562120164874912     
   35.924248561744342        14.365305634890772     
   36.453919585538749        14.574188491364183     
   36.523874092368267        15.405787133376430     
   36.031100540720033        15.652696555340105     
   36.039762107063716        16.346415730454787     
   36.546356179819320        16.696552981817938     
   36.461974908909966        17.276063598638814     
   35.931436726356836        17.544367762998540     
   35.968015603846304        18.418314298050149     
   36.517534965617259        18.583830495337615     
   36.570583050445073        19.363642581982656     
   35.915659231146847        19.620518454241672     
   36.053988236830158        20.416675066794774     
   36.433600270477235        20.539381713618152     
   36.532467100188825        21.391794778160435     
   35.977029934337850        21.658733393353348     
   35.917921541832463        22.321584048243587     
   36.457253344464235        22.604896394865111     
   36.482116325511349        23.413913387705097     
   36.042649296076000        23.650669627866588     
   35.964263005242614        24.330166370170762     
   36.484247921517749        24.657718279527806     
   36.487292623827337        25.408687670190488     
   36.042887267984781        25.645560301187295     
   35.985593758524949        26.317314427884668     
   36.543819127850114        26.703916735896499     
   36.476031578292563        27.297491068565868     
   35.937446935727891        27.563964502022930     
   35.966275357470728        28.414312269448466     
   36.467265520132081        28.571608680674949     
   36.565094643024743        29.379852107793095     
   35.953569650295243        29.638778927009447     
   36.035354659886536        30.352350796398813     
   36.474548749308056        30.588765079240542     
   36.423718047159319        31.394850256898962     
   36.045758588907070        31.609269246197119     
   35.941947953078973        32.350513835811725     
   36.539365609719745        32.686130707266450     
   36.535151158694958        33.358272551680244     
   35.955547902425749        33.621117875781131     
   36.075169890227869        34.448833541790691     
   36.587372477622502        34.620111725783971     
   36.575454533448998        35.423525974220411     
   36.037825136882589        35.681659376509181     
   36.056734936241874        36.448597403971455     
   36.560694070897291        36.667586781804189     
   36.576365798450368        37.375237125150434     
   35.945580760412255        37.636720759497194     
   36.016870731521443        38.352045680624194     
   36.527385263277083        38.605202370106653     
   36.459746436089098        39.308990701544886     
   35.952505565669242        39.565870920977765     
   36.039360694251044        40.407368488176026     
   36.424962541040330        40.561554852201532     
   36.520738105370313        41.411389317108856     
   36.009778446585614        41.672435860691472     
   35.920806393077839        42.379647753883738     
   36.409109445322301        42.604352163988153     
   36.569030716872312        43.391171157108779     
   35.977608629156265        43.655490587536022     
   35.988100479297664        44.427677729442827     
   36.449879821205869        44.589912548217349     
   36.579764230002283        45.413646274922996     
   36.001820885729828        45.676334710123470     
   36.001188646580403        46.320392970943118     
   36.430200814612000        46.603081665550754     
   36.408007615452249        47.372855627945761     
   36.037333297714326        47.580699647704428     
   35.989785892809358        48.299835481105880     
   36.540219689862276        48.709407786265984     
   36.453061124162240        49.273070435209888     
   35.936169063948974        49.538864081509494     
   35.962810340120690        50.328394734830518     
   36.450352181410977        50.565810612980762     
   36.442872617968426        51.408216625150658     
   36.078260660561448        51.612315513124898     
   36.078298402029198        52.431138770042779     
   36.585905765475012        52.713578001512865     
   36.550438283110310        53.425380196681331     
   36.033311372903853        53.689019124890628     
   35.954954812268397        54.382747275840416     
   36.588833301460838        54.700593206772453     
   36.567637846514423        55.382350349780573     
   35.967486220783869        55.654159361478605     
   35.940978476573747        56.414290335744177     
   36.523066330937610        56.615547722644727     
   36.578571562835599        57.370894463198958     
   35.909438035291871        57.631637597308895     
   35.911394281892179        58.359292202126667     
   36.541502660558869        58.578790428776870     
   36.525864093270343        59.325575519146810     
   35.902469858553552        59.594835569521898     
   35.906697650649200        60.401507277637734     
   36.454737889140929        60.549467291424271     
   36.575921707777219        61.411837594858476     
   36.007491538570349        61.670480028250559     
   36.062052473600396        62.427971619507787     
   36.470241152398295        62.608599080075621     
   36.532572299824423        63.374489509258510     
   35.972431060354779        63.632314679124434     
   36.080618696330355        64.410224164896150     
   35.496350785808723        64.671002481162901     
   37.470190996391842       0.63033103153121228     
   37.441931895091791        1.3123292845033157     
   36.942606957388492        1.5642528327649670     
   36.975770707526067       0.31759106100686685     
   37.063183269827164        2.3667420091325209     
   37.521408042833869        2.6154628617344673     
   37.437924371485622        3.3540007236634461     
   37.027635892842625        3.5798375447901369     
   37.015867414391778        4.3580751543479739     
   37.547612536207367        4.6777362708528427     
   37.489645920930485        5.3053978441915781     
   36.932337250725588        5.5729057847711996     
   37.016842179311510        6.3757822730517786     
   37.553797201002048        6.6016913833533675     
   37.494546776556966        7.4036497700236978     
   37.050838814267451        7.6419173020858784     
   36.993222459092742        8.4169177606533054     
   37.477156481544171        8.6453441542940226     
   37.579344325328634        9.4504631748330183     
   37.051596457656416        9.7111471836593779     
   37.003629829118410        10.313086881669719     
   37.466603879564239        10.662932363816749     
   37.428409317193037        11.397115347582632     
   37.049098495610693        11.611365586817922     
   36.958912706740875        12.310186140913027     
   37.514725900746093        12.685537084589944     
   37.480198725307325        13.313853514553150     
   36.931971581768131        13.576711135547846     
   36.949452391407611        14.326877221969815     
   37.467680782235149        14.570048945559062     
   37.453155416904806        15.309420538910310     
   36.931172295818136        15.564328061633105     
   37.031284752939548        16.440929308840342     
   37.524229520656270        16.585474975150724     
   37.578331534420087        17.393304025301575     
   36.952777752802739        17.660494886882489     
   36.931322189988826        18.360013111419278     
   37.547006941208274        18.617686167869753     
   37.521176909982060        19.429732781043491     
   37.036331906829282        19.686084328524668     
   36.948894780254875        20.274315451802700     
   37.549611169185802        20.727423416417942     
   37.462097784777733        21.376208729462306     
   37.053277505207568        21.603444115960350     
   37.012098401233914        22.340973997039839     
   37.531164067198638        22.692376093423814     
   37.475761925029403        23.306246369396995     
   36.935733186841013        23.571205591473703     
   37.061282935573210        24.395573006944112     
   37.528414386361426        24.596778868504881     
   37.489059503183199        25.418910506378825     
   37.078060333952081        25.642457609547161     
   37.061205143975613        26.441360621084591     
   37.579919612761067        26.705724137960804     
   37.575056108973712        27.362936629753026     
   36.923863685557045        27.630112836821827     
   36.932985141144471        28.331177568251981     
   37.549108935392347        28.598215803024789     
   37.487060904045279        29.331958861298052     
   36.962492777651498        29.593747728058862     
   36.945651014928963        30.343630486420906     
   37.581265673652304        30.643260807905154     
   37.513773576856288        31.314240350285321     
   36.933555470266946        31.587751859649320     
   37.073107974901568        32.428437397117058     
   37.502737389332609        32.579849607764615     
   37.534704982491860        33.363493757223736     
   36.947908825171076        33.626940791611780     
   36.948871987318654        34.417281255975354     
   37.485749323198114        34.586586523774521     
   37.581099980375299        35.424647023764017     
   37.020793623211489        35.683785406354303     
   37.033244940310844        36.425781187258465     
   37.565385527709090        36.660804060570214     
   37.560176993310890        37.372928505199056     
   36.951020516912983        37.642340820713791     
   36.935971837578499        38.380817138646911     
   37.500878726660311        38.594537940953387     
   37.540220088392253        39.428305470596385     
   37.033887694192970        39.684685823202564     
   36.975331252664581        40.294807646536803     
   37.476377139469612        40.663544521625234     
   37.432773049540870        41.310375289688032     
   36.955098984945799        41.556919042562477     
   37.033129954296406        42.343828731833405     
   37.454954890173006        42.589045566488743     
   37.413987141333159        43.272682621569402     
   36.908035593194477        43.526100519785089     
   36.970177435064556        44.336757642277824     
   37.458930007012711        44.549551733914697     
   37.450805168999622        45.306903055270865     
   36.927516925416413        45.561347628128367     
   36.994928453565663        46.340708188810936     
   37.413929253068375        46.541840298048797     
   37.435757940163249        47.406524544930221     
   37.076068762919427        47.608771993323941     
   37.048773272407104        48.444657248513707     
   37.515725836649693        48.671746294052937     
   37.576975407655709        49.387066417232987     
   36.943323834974898        49.651709020748065     
   36.935255766170251        50.319136340126789     
   37.491346048592121        50.592628557384110     
   37.455860422535999        51.397473478262143     
   37.062902916732874        51.613564012163948     
   37.076672156854336        52.464284079260423     
   37.494135330713242        52.653526503952961     
   37.583184284266544        53.393387768296925     
   36.962025375093596        53.651858670306673     
   37.062749657533772        54.456480251327655     
   37.469666947976059        54.583860592231773     
   37.579925676043814        55.375827537038333     
   36.923830946124887        55.632048982079880     
   36.972845873422592        56.380733765233309     
   37.445473857071072        56.548169402265628     
   37.513478691001062        57.352348688247957     
   36.934761485823650        57.616589756217280     
   36.911016663452784        58.372221597321321     
   37.573754317831629        58.612054723787530     
   37.546929660840433        59.444865163164998     
   37.039968937278076        59.709441540957648     
   36.948667476732517        60.288983498000711     
   37.521987287661382        60.703113656264890     
   37.468174222757753        61.422793406851838     
   37.086236265040881        61.637086021412458     
   37.023017575324332        62.342355472252699     
   37.540144280094935        62.720808650597448     
   37.482544791253240        63.363458106057919     
   37.009331170721026        63.611672659602789     
   36.975770707526081        64.317591061006880     
   36.440155186114055        64.576753850042621     
   38.452527749609480       0.57413531443973975     
   38.476338487462996        1.3836222397963369     
   38.010513293043537        1.6267182904113460     
   38.010642350807323       0.37076751062256030     
   37.954907564252927        2.3790607969343576     
   38.588856456905233        2.6774813168380227     
   38.553631461910513        3.3967562020618765     
   38.017233373021746        3.6571221123471735     
   38.027490731539210        4.4288854907354365     
   38.416346298576130        4.5946448869155230     
   38.564272608431587        5.3953448255053242     
   37.972537830372787        5.6649674718988532     
   37.932324528430357        6.3898314581915363     
   38.476441151414029        6.6036489962092553     
   38.555163208334378        7.3975622762073892     
   37.996894569752691        7.6547345761036745     
   38.054566650773467        8.3864592645484475     
   38.470773216957099        8.6076685404818036     
   38.469192230004630        9.4135831517819195     
   38.074090652663031        9.6299521526848562     
   38.070602716006810        10.391069839827193     
   38.523857341177852        10.689348544088368     
   38.491388723604260        11.301810604244555     
   37.900310016196705        11.572169931800309     
   38.076840252356483        12.418186632074178     
   38.475817709937758        12.550641970318845     
   38.519633957932250        13.346949234957743     
   37.927861615239003        13.610303377741630     
   37.928918832147296        14.330351709790300     
   38.455335448173955        14.561409977014632     
   38.469260040218060        15.406539549678527     
   38.037482381571351        15.640793797015334     
   37.952396746259957        16.352440273210966     
   38.563816114128443        16.695050696783508     
   38.535291428800662        17.328341360780396     
   37.916727965841091        17.597463424243195     
   37.959111564633282        18.394568736458574     
   38.568149413725116        18.586344941079105     
   38.552338186998831        19.451710503711809     
   38.091653321767673        19.691577123147621     
   38.080290790104421        20.459203965367465     
   38.427098385874139        20.634724669368307     
   38.582225226806919        21.383639565021650     
   37.951309858044688        21.643681493368994     
   38.057821806921730        22.430726405696312     
   38.532075254043953        22.595706873229677     
   38.550033948408256        23.409373501902593     
   38.001800833593229        23.674407139351878     
   37.947115288571794        24.368622707202391     
   38.468598078670375        24.619184308821595     
   38.532687152629599        25.447172811591276     
   38.091039233112667        25.680188738235962     
   38.081526566818788        26.454654518081394     
   38.520427523111636        26.681678784800042     
   38.573637105311448        27.413260007308473     
   37.983550688830697        27.683535907585004     
   37.930354458589349        28.384355577799795     
   38.483405289861750        28.616378675870443     
   38.553338682412161        29.401991180175997     
   37.993197965122739        29.664037392761891     
   37.968245979209087        30.427318143017697     
   38.530299279284442        30.633463044259326     
   38.587353439728517        31.396523076196715     
   37.950081845558948        31.662614178566134     
   37.933708237489583        32.350281300079189     
   38.408186745550474        32.556525265159451     
   38.497952099197150        33.373231490664537     
   37.986001975430888        33.627355284052094     
   37.954335316094941        34.343667112655694     
   38.540732511947340        34.643982721892648     
   38.493809876680771        35.419810476826406     
   38.074198599822246        35.648001006800833     
   38.028053572753059        36.418908633729878     
   38.430774224175707        36.629985859803256     
   38.569585744072917        37.439985707615982     
   38.042048912841260        37.703999547534288     
   37.977449158526490        38.346381771120519     
   38.528431361116091        38.682736388352893     
   38.504361913976638        39.367373981559226     
   37.997627326528971        39.619446454603498     
   38.049861068750182        40.396286900674141     
   38.495345281813449        40.619446758770394     
   38.493223511733930        41.339369722308199     
   37.947423883288721        41.598980403714762     
   37.952996088899859        42.336994705311810     
   38.021317611791396        43.636558246758391     
   38.569752991134727        42.627400174537385     
   38.487969015474192        43.384962522816089     
   37.936558810165792        44.298102435373991     
   38.542031006491030        44.691856091495083     
   38.475111900183933        45.403262156722946     
   38.046548305234950        45.639710394518268     
   37.962845785317839        46.270470780279545     
   38.517962448511156        46.711536052556539     
   38.432545153343156        47.387437238860862     
   38.078274031714237        47.589923980653104     
   38.078187849527595        48.411575622199479     
   38.514510643906490        48.678828216168377     
   38.509767203029327        49.339442092308623     
   37.937152736360211        49.603198907300190     
   37.945103220674653        50.354615048537212     
   38.533609970551929        50.597268574260340     
   38.501815987450243        51.426685005259330     
   38.081813597333664        51.653342590598847     
   38.066373137203989        52.390708796160432     
   38.431319009983355        52.631779872577511     
   38.486838154742891        53.418448770175551     
   38.050949083469796        53.653657236617377     
   37.977833600672582        54.324750827220228     
   38.501684190151863        54.676016066931417     
   38.475903721278250        55.375243119917812     
   38.000170475453096        55.624346485225736     
   37.935228717733196        56.296242512950933     
   38.516055173136436        56.659701026440224     
   38.456028481186415        57.380031987424260     
   38.031025831400186        57.612600312217396     
   37.955591518002223        58.398472447212491     
   38.525896516863632        58.659905112086321     
   38.572637656726826        59.463419784870560     
   38.092450242784473        59.707525774773963     
   38.089197284940653        60.433893762013149     
   38.576027930207999        60.717992818145838     
   38.548552244229725        61.381849439415710     
   37.997063828757945        61.643528854908268     
   38.094016937517509        62.454040448299281     
   38.482548482110204        62.609455683900556     
   38.553757283302581        63.377453320520345     
   37.959473931651758        63.637095792583928     
   38.010642350807309        64.370767510622571     
   37.470190996391821        64.630331031531199     
   38.955623404047671       0.32292423187682573     
   39.546890497786173       0.64710505110022853     
   39.472205718980042        1.3546060353479936     
   39.015001315159829        1.5970749640046518     
   39.023331146210737        2.4457679240074155     
   39.581062762305081        2.6618653397989980     
   39.592593563529782        3.4003950612073104     
   38.977783206011630        3.6640603030063827     
   39.009067046543734        4.3327746114024075     
   39.433974211957818        4.5855902950670124     
   39.415167837900853        5.2924456884337969     
   38.927708913083009        5.5392836434012391     
   38.981181781930268        6.3546986980215099     
   39.489619299834011        6.5738676762831281     
   39.475887402144103        7.3043578311397193     
   38.910305748036954        7.5660888968134854     
   38.985120064574545        8.3553680116820495     
   39.450241892099626        8.5435159046622360     
   39.468596654087463        9.3420548558684899     
   38.964867327283443        9.5917938811066428     
   39.069942768147492        10.427492905738765     
   39.420597127844616        10.567341470122820     
   39.526395575482702        11.352342793268626     
   38.923088742368591        11.618284024609709     
   38.903496080678380        12.322072218310963     
   39.505261024467494        12.583798381747801     
   39.480929418375169        13.315484502348131     
   38.923940822444287        13.578946732349721     
   38.927146161133066        14.319473974228551     
   39.573975318305209        14.614131508139465     
   39.485773512197341        15.333212529429554     
   38.988783065406679        15.589588842022611     
   39.059582894221506        16.445081061182805     
   39.554710562908703        16.634511366776444     
   39.569147372074205        17.424526851096790     
   39.001855750518715        17.697007550705777     
   38.926082607826494        18.382773625171613     
   39.508518546227137        18.644303708200212     
   39.562205511734049        19.409133279211204     
   39.012769359259352        19.665396639962857     
   39.081019472013523        20.377429671102060     
   39.435249389237974        20.605927844064162     
   39.418509726957879        21.400072327013667     
   39.057098545346896        21.605624794177967     
   38.965985076070424        22.360606808447891     
   39.472284259636147        22.650356600072904     
   39.524058396739221        23.365964541969557     
   38.965064739607733        23.623480895847091     
   39.014329690094634        24.363321323270458     
   39.561957134867392        24.634046248781637     
   39.489445566072853        25.320308441277231     
   38.956109805189790        25.585676310949939     
   39.086905294287149        26.422793305944097     
   39.529067218605071        26.608727743948311     
   39.515658982756833        27.382841021827481     
   39.006270152724532        27.635895097572426     
   39.003920019018871        28.362809838103857     
   39.476960882219103        28.619995123094132     
   39.478154489104611        29.331019484025994     
   38.946914156209772        29.586479615865681     
   38.996735896478711        30.393912666459066     
   39.499772628584857        30.585661200126676     
   39.524192378375695        31.386730942519936     
   38.991171322962188        31.645422774559488     
   38.964128450911971        32.294264672786724     
   39.483610393975106        32.637695804586656     
   39.421468054719440        33.299456152844058     
   38.954810070719390        33.544013662494365     
   38.991949812437007        34.406339625221847     
   39.581925135608302        34.622606787313856     
   39.558363965384530        35.338911684605563     
   38.907536343276178        35.607622813343298     
   39.075001499714546        36.370202599765832     
   39.544262229819637        36.592434408270691     
   39.441761099041138        37.394678629463975     
   39.084929122402393        37.598451314312001     
   39.070041954508646        38.420927768232744     
   39.444546937155494        38.638112549552069     
   39.533985568755938        39.424686935731863     
   39.046632238760729        39.673746454729361     
   39.005045248391689        40.364004062172455     
   39.463887068439995        40.638745722735138     
   39.493374722801335        41.397981695712616     
   39.020106249914811        41.643873917230515     
   38.956779067968860        42.409998253881547     
   39.404463469801854        42.601420577570181     
   39.587779725519745        43.403910095910341     
   38.995674344730382        43.667310058841650     
   39.047587628574128        44.435896647193275     
   39.429498613256776        44.586381840593418     
   39.553168203173733        45.359201840636580     
   38.921836406189108        45.618974755336765     
   39.079792653446553        46.436201068348446     
   39.549862514054624        46.583291355618165     
   39.555332600568669        47.457322358085591     
   39.094582024523426        47.696732247136701     
   39.081582291838423        48.414208205680474     
   39.435648426268635        48.638048617342662     
   39.510802643885711        49.374830281757760     
   38.976393810718051        49.633822080049434     
   38.940821825327681        50.374826704777171     
   39.415681521419515        50.577359410495283     
   39.532214336168948        51.374167817432095     
   38.975609575624105        51.632140910719876     
   39.071392117898085        52.373893081829038     
   39.512940776780773        52.628247465180671     
   39.439697539469520        53.350566953317632     
   39.019554108640996        53.579403845811647     
   39.066986194839501        54.412629663159692     
   39.480825955498595        54.625786949182391     
   39.507186592352959        55.415300002457634     
   39.051419553313828        55.653354600095284     
   39.025831805238454        56.401404527300500     
   39.537708431783862        56.674506337490676     
   39.534934135353723        57.338160004737603     
   38.919490095895554        57.602589275425004     
   39.046799664970003        58.406530915651736     
   39.555145367870693        58.584982039692967     
   39.526286064470376        59.407212304620302     
   39.046087972027479        59.652466139057267     
   39.088829403051676        60.464076706987463     
   39.439462361548685        60.618955110130180     
   39.587748816824309        61.457857095074431     
   39.066417304576760        61.719211563392626     
   39.012182190573412        62.348243496870253     
   39.518822451251864        62.693370900108171     
   39.486924632880516        63.350555843796357     
   38.976386899575836        63.606497235545085     
   38.955623404047685        64.322924231876826     
   38.452527749609551        64.574135314439772     
   40.464700575826342       0.64736248632963789     
   40.558809975159690        1.3846675220842541     
   39.968234732542470        1.6446302496980394     
   39.996991577888558       0.40407347331587729     
   40.012696286022482        2.4327357904544078     
   40.502910536080250        2.5995607433478773     
   40.575471816015494        3.4480006236974989     
   40.044514651006537        3.7094466232281014     
   39.992306306953836        4.3157192020218034     
   40.408770805692107        4.6143793419824117     
   40.436346329275281        5.3423071177913313     
   39.972927527843396        5.5835614547597769     
   39.931947796589640        6.3387518641390903     
   40.485278249033087        6.6072383445925587     
   40.491111326614693        7.4260622971374168     
   40.041498892128125        7.6695059568841222     
   39.948318320462938        8.2836357668622504     
   40.506030899131289        8.6912136693084090     
   40.458224768874430        9.3831436356672864     
   40.035267903707812        9.6135720254067927     
   39.981855814775223        10.300378277793433     
   40.442990699891034        10.635001988860282     
   40.419593425910449        11.347962575605319     
   39.994973724072828        11.577672204367477     
   39.940162953741229        12.350287573508140     
   40.517495744974077        12.636031896075572     
   40.510205527980247        13.384296940528094     
   39.992914167473707        13.643378953217058     
   39.931409881250076        14.409400810704591     
   40.432114357693720        14.602159424091955     
   40.581815105774524        15.369825952566259     
   39.913575723797265        15.624046270336931     
   39.986975067380399        16.404812270064131     
   40.405771910009591        16.530895195613219     
   40.558701681151611        17.440159166154093     
   40.069665849130416        17.690050219272464     
   40.041351684805321        18.386244081944124     
   40.551269325699955        18.701265067574838     
   40.513057779545029        19.386015255529266     
   40.021211379511442        19.636821750525304     
   40.009046372249422        20.339514719572335     
   40.479475612757874        20.639658783854184     
   40.448414560690317        21.294945446383249     
   39.911300737216308        21.556894900150944     
   40.072015259375320        22.388862693709086     
   40.406453005588396        22.532897922972417     
   40.459436585729094        23.337768120563346     
   39.958776910735338        23.586890962240652     
   39.958245838204853        24.414369474624451     
   40.598084509186215        24.630481503133822     
   40.583676762452917        25.407981279430551     
   39.993664921471201        25.678490342998931     
   39.962738033799724        26.377030461224916     
   40.418982114538771        26.586992571645556     
   40.535528903781213        27.446805536772349     
   40.082879713154355        27.687396036046266     
   40.027161817717655        28.353395652526245     
   40.487689931856487        28.678996563440055     
   40.478662059891576        29.346966682346949     
   39.966108326086584        29.601672947886062     
   39.944932589725340        30.351189112463764     
   40.490046522947793        30.601962454049797     
   40.497227491446743        31.402723224380704     
   40.037579409257233        31.642592896205091     
   40.006306805104757        32.374620876013452     
   40.505291519368399        32.653659499099582     
   40.505691979236666        33.424087261589769     
   40.049670382566198        33.666379081325552     
   39.970516330787085        34.405707879643188     
   40.461967128830395        34.642870984931470     
   40.576270461211941        35.399918677667166     
   39.957157738898466        35.671762317021226     
   39.908149353651424        36.384800600210376     
   40.595355577062705        36.642762413781305     
   40.572020746247816        37.410072635053417     
   40.025262579218619        37.669956357746770     
   40.075580943843427        38.379451359930393     
   40.495241135314636        38.648858606061147     
   40.443547414002850        39.362652426304550     
   40.026234832480512        39.588952958201375     
   40.052544158094008        40.376817761527512     
   40.500667015290951        40.649035679758271     
   40.467439527231726        41.324816729134184     
   39.955847541959692        41.578962369345284     
   40.026032518555041        42.339235095409826     
   40.416561982041287        42.565795727942778     
   40.403126393767366        43.312773329182782     
   39.961112399667151        43.545936827562869     
   39.983965859988231        44.327451823835645     
   40.422622963952804        44.569602168041307     
   40.425389382855549        45.291136081173974     
   39.910213139507434        45.544492448178694     
   39.913301061451335        46.379777628511015     
   40.579039451348109        46.590039543995523     
   40.555086363217782        47.398203851797213     
   40.016149756713595        47.656678271228863     
   40.084575810665264        48.381723585772967     
   40.467162344522883        48.627922457607433     
   40.427230277756273        49.399358073678663     
   40.066741593027267        49.603566920549603     
   40.008438840234952        50.305383452842896     
   40.410613962003623        50.627129330556414     
   40.409865091079652        51.387496217600216     
   40.051796950455945        51.590180338520931     
   39.984976486961266        52.377910458074453     
   40.571345654114708        52.696525785809541     
   40.541849837336216        53.391890781582021     
   40.013438412922127        53.650323835518307     
   40.018234070925999        54.368938725619330     
   40.531566554256131        54.654052432385470     
   40.486031658409900        55.394527502667536     
   40.050315804107981        55.627196686504178     
   40.055170215821605        56.420428663509853     
   40.563913303629562        56.683744101972678     
   40.543720096284737        57.380854587115508     
   39.971460897785008        57.652138179065496     
   39.918667186230657        58.379977847973898     
   40.588095392052551        58.650386940840171     
   40.565181921207220        59.352416092129538     
   39.932457411214450        59.619221459652650     
   40.034187542266345        60.358262777086210     
   40.462316133363508        60.565204263818281     
   40.434772394630940        61.417176646620362     
   40.095211810957863        61.610660290494678     
   40.087613166808637        62.426092816493927     
   40.470196173545183        62.658053289316342     
   40.527622269586367        63.438412645499284     
   40.062667776417690        63.682325191578151     
   39.996991577888522        64.404073473315904     
   39.546890497786173        64.647105051100212     
   41.071164792162840       0.38802898665552077     
   41.457241699784809       0.58331142648044587     
   41.455013701767356        1.3032873490428605     
   40.916893473383425        1.5603226407731592     
   40.958362308888738        2.3630006899446139     
   41.434240646769489        2.5423111065430968     
   41.498458537024021        3.3942478523968740     
   41.030087381850365        3.6343973130168878     
   41.058227584755308        4.3528664343597487     
   41.434763510559485        4.6220120884308233     
   41.407095695262520        5.3181243511149452     
   40.970268296666667        5.5503123956655962     
   40.980217553212754        6.3590583486594046     
   41.553253624520359        6.6328475269170246     
   41.497698166201104        7.3849233517530504     
   41.037049375009289        7.6262998702405032     
   41.076447153384606        8.4239301707058551     
   41.514418082784367        8.6509370204168210     
   41.521655177420527        9.3958539544955357     
   41.021614475423654        9.6448642783803464     
   41.042603546434670        10.367339311430216     
   41.408821263348102        10.590908490954284     
   41.447710522563241        11.353422587074862     
   40.993432275665953        11.589745312866144     
   41.004134862256073        12.389536596548403     
   41.580272698222124        12.655353207713363     
   41.533579656723433        13.363979379849143     
   40.985173421589529        13.627634244285952     
   41.006370918583315        14.340043944704377     
   41.487543458807330        14.619608971781185     
   41.438713070993110        15.372455365906214     
   41.013728524850471        15.605681911863305     
   40.933873014618776        16.264507334779857     
   41.528751319185389        16.694099105147700     
   41.436337461106511        17.371469935161183     
   41.061006328935882        17.583798319208015     
   41.074221517407096        18.443422651195981     
   41.423099032091535        18.617111976666742     
   41.556282069573349        19.378975652017182     
   40.965545741817678        19.639688251580530     
   41.018001884236305        20.380017711848240     
   41.510919491569453        20.603782765872047     
   41.491065517060520        21.427069992402835     
   41.049652684945947        21.667395536268089     
   40.963222806124215        22.258268179138895     
   41.461809816519832        22.676928554345210     
   41.416425682496936        23.286958029262479     
   40.931815267033166        23.535769613386194     
   40.958812816653264        24.427945447764579     
   41.586305302492320        24.605254146592340     
   41.596488076505224        25.391038401502204     
   40.957348010174805        25.654033020119833     
   40.996439071629872        26.327557037324777     
   41.477423429910353        26.595967301570923     
   41.424331704568331        27.315243229241425     
   40.960886197835087        27.559130124423522     
   41.090045687504663        28.414122710142063     
   41.451954578820192        28.582526711109267     
   41.485104623763334        29.328210863202617     
   40.929741690316561        29.586168376071395     
   40.967451495070115        30.358928265987046     
   41.498082125052306        30.575657285397856     
   41.489772247362772        31.431179339864993     
   41.086408151610563        31.651561115231367     
   41.052817837804682        32.390856947979842     
   41.509573812323595        32.683777419783262     
   41.506011820005170        33.359324680567724     
   40.976461221076264        33.614921094993761     
   41.062633614899951        34.383270562344265     
   41.470291123703099        34.598679079535117     
   41.455343984019443        35.360079683932149     
   41.001160480620229        35.598289553083660     
   40.977779648402866        36.430762900914530     
   41.402273551355492        36.588790468101507     
   41.591169877494217        37.377228921201798     
   40.930156178644701        37.634844858502653     
   41.016260513410458        38.390551805139616     
   41.565231733383655        38.594352548480664     
   41.518183219606470        39.438915874764916     
   41.087965661509067        39.671236465351463     
   41.039696860278887        40.383664148936845     
   41.484813382891026        40.670500567640993     
   41.506846058301818        41.377240038900169     
   40.987439736507490        41.632949667422487     
   40.959818338272868        42.303262775160988     
   41.445490201698846        42.605487960347460     
   41.421616729744741        43.382992328651866     
   41.041771177881401        43.595347672510073     
   40.981097044592232        44.301196602522126     
   41.488870961595190        44.670289909604413     
   41.431060103224716        45.395843213843847     
   41.046895485711019        45.613540204528306     
   40.936939777627948        46.385021854922421     
   41.558164926472152        46.691652521326375     
   41.577163202192189        47.435098278436243     
   41.038757113135979        47.694431983783069     
   41.016552489338387        48.362522695418313     
   41.442896096375868        48.621699513298438     
   41.473008677575734        49.325645225022825     
   40.930425560406782        49.583115982752794     
   41.065375737528498        50.364763540284073     
   41.414732761037520        50.549296607140583     
   41.411208058795161        51.331054349332589     
   40.980626844959303        51.560418640273362     
   41.059209386924771        52.448706173692457     
   41.587407956945924        52.642438069118754     
   41.579442292635179        53.464199783272740     
   41.080629459105630        53.718091315303774     
   41.027894890145021        54.398684758773420     
   41.534732689088486        54.695582685556410     
   41.541675432230235        55.448433433359064     
   41.084757725080891        55.687274372224984     
   41.055935298977033        56.433324666316764     
   41.522234984124594        56.682164101743567     
   41.564066231685139        57.442187872078534     
   41.048862900771574        57.698560568840875     
   40.998470918889176        58.426179908619098     
   41.428126905260726        58.623604940205006     
   41.588195321141406        59.407124242446351     
   40.971602362852863        59.679757909134047     
   40.932238468886354        60.320205806841109     
   41.553039067928140        60.650447611230092     
   41.487627156679636        61.346427232002405     
   40.991782734872125        61.600309400407006     
   41.084671293303941        62.398652246438161     
   41.552193210205814        62.654473492362740     
   41.485623448740029        63.321845571314576     
   40.958898630471744        63.584594845175353     
   41.071164792162982        64.388028986655542     
   40.464700575826299        64.647362486329655     
   42.461216139868199       0.60242464143140395     
   42.458132866332335        1.3434179061140057     
   41.964211471543706        1.5946178178659531     
   41.962687568076483       0.33077963058859772     
   41.922575265661443        2.2934997465656934     
   42.526153212354487        2.6369194988302493     
   42.450182781541088        3.3651319744469252     
   42.035642236175292        3.5921085775124695     
   42.028984572307770        4.3521007881457248     
   42.502607270140338        4.6615029696960830     
   42.453616921513046        5.3711598829519360     
   42.024264557874240        5.6033203885202614     
   41.977073502439417        6.4025893524266069     
   42.495933947378155        6.6378535505988276     
   42.554568322093665        7.3696344102023588     
   41.945237055238152        7.6289970029386254     
   42.030819397178050        8.3984594065252480     
   42.565554633487871        8.6075093523831256     
   42.523596270528508        9.3790275892113364     
   42.008209778708881        9.6350681836269807     
   42.016597105375908        10.327336492516775     
   42.528367819577298        10.673432890083410     
   42.440607234834225        11.292197775918735     
   41.959488888404863        11.545499115237167     
   41.991371699978977        12.431633573014739     
   42.593981570446438        12.627746798980645     
   42.590392396881192        13.364702204474643     
   41.917750315080319        13.625534577339616     
   41.978715528155817        14.369651724839880     
   42.506751407911423        14.565715058266340     
   42.500561614046305        15.405572062257894     
   42.047306068621147        15.642682198835086     
   42.039706104265477        16.431424576313706     
   42.462001930490501        16.630603715384751     
   42.556167333566279        17.365006322602227     
   41.931014349723334        17.623799086713390     
   42.050592681544877        18.357591936432765     
   42.494477205016743        18.584390830240881     
   42.432152026032419        19.296544197514717     
   41.942698214648985        19.547866399397215     
   41.956135183646978        20.369294845034958     
   42.578743537359571        20.617490805234254     
   42.524813822979397        21.420132661247802     
   42.072592263991091        21.658599142823629     
   42.083953007693395        22.402068337847453     
   42.518192998654207        22.682995390404084     
   42.487397663458871        23.406330228059282     
   42.036085971817222        23.648583831867185     
   41.948399426145095        24.399675404943093     
   42.432584820175656        24.624358258137505     
   42.583877364613329        25.413034238459208     
   41.990822966268190        25.682595079334341     
   41.956651111484234        26.346598022120027     
   42.564380481905204        26.661361505398904     
   42.506428579440602        27.385772010402295     
   42.023548846739985        27.637230201405433     
   41.980102312065490        28.323539318544000     
   42.511391511235303        28.664627543386612     
   42.457388648151976        29.397960651432413     
   42.042965820411013        29.627504384323299     
   41.954014247309502        30.331822308511402     
   42.569181669281740        30.708574034342153     
   42.511456093268542        31.429452889814563     
   42.093581054155244        31.656485402519706     
   42.091733863002766        32.418281681924256     
   42.552521089954823        32.711419801110701     
   42.517303340739673        33.424915564290721     
   42.058097562646083        33.668801237544130     
   41.994609182733107        34.336143324652816     
   42.456115937810118        34.646989378146529     
   42.470862388200686        35.344331129737405     
   41.968828960187118        35.593333618043921     
   41.998799451253944        36.323741483324767     
   42.469853704290912        36.604997568168919     
   42.415275543612211        37.338634348979276     
   41.991171083071414        37.569772592157058     
   41.925988053626575        38.390053163818870     
   42.542283097223041        38.640502092961938     
   42.565434357080235        39.395158486821735     
   41.989566191382693        39.655362110356656     
   42.088312023196956        40.409140708002873     
   42.427257373961936        40.579745790708202     
   42.479660278545104        41.418599786399724     
   42.065348827264032        41.644039118663329     
   42.013180849923060        42.334613188462868     
   42.418542004393906        42.624486578760617     
   42.450044076041067        43.383491472510499     
   42.038565829775145        43.605615819591371     
   42.051292049610652        44.402270765114686     
   42.446418489853173        44.617588165670711     
   42.507167985557317        45.418634001172869     
   42.062866292057898        45.651991193034476     
   42.074180163065762        46.439078667230135     
   42.494837892404881        46.653507286219622     
   42.546343141215416        47.363930675056992     
   41.942581457000323        47.623594258717667     
   42.035836322448070        48.361173955406478     
   42.507417153500612        48.594068466959818     
   42.453201025695691        49.303900581907051     
   41.936306402339007        49.562512324865558     
   41.930427757517620        50.295091377149568     
   42.525564907637666        50.612758455192782     
   42.438509220872426        51.352164137997285     
   42.023328638258832        51.580740632554168     
   41.985429374359477        52.424149335780861     
   42.505845654154129        52.640025755385835     
   42.582460635863285        53.442542031571982     
   42.054914021935062        53.695907512774085     
   42.091004302123245        54.436221678201200     
   42.509244153201031        54.656028878346902     
   42.528874757768108        55.348859108513452     
   41.931809696401700        55.612076393335812     
   42.088896058651379        56.421510991958606     
   42.522684847421260        57.333707196123385     
   41.929512275843358        57.600093587367454     
   42.545859659095044        56.594309063636004     
   42.053475795108348        58.362629962506865     
   42.539784843878223        58.607283671139598     
   42.446253274887766        59.362782360516967     
   42.036481717966403        59.589661556767972     
   41.994075391863262        60.413053224493808     
   42.476321377247253        60.634081178406070     
   42.566176871978023        61.432341650731793     
   42.035589029450009        61.691011404878466     
   41.998013560009987        62.414993417467784     
   42.438996899314162        62.618998244405674     
   42.566234276760682        63.398853186071534     
   41.981031124459108        63.664335897047998     
   41.962687568076497        64.330779630588594     
   41.457241699784802        64.583311426480449     
   43.011059225486889       0.33451794050524908     
   43.548751223099494       0.72348104931838786     
   43.478760321431487        1.4094157746076503     
   43.068918720442845        1.6367972287744275     
   42.994708392542037        2.3868019022856473     
   43.465739773364199        2.6496905916639886     
   43.536681543177103        3.3477305592657327     
   42.917081391030756        3.6066653573624778     
   43.035259579938753        4.4002112988163935     
   43.434764440321707        4.5400590171782973     
   43.517546528983985        5.4314987791619034     
   43.071804772262873        5.6669880993208546     
   43.040888057388493        6.3773628161600513     
   43.535841007842748        6.6961547797466014     
   43.499447600188503        7.3720926606499804     
   42.995421197028328        7.6287458514930924     
   42.942507177117001        8.3964809250693850     
   43.416174649480453        8.5919018734945602     
   43.578217305134430        9.4521660816343172     
   43.071977876288400        9.7093540108357725     
   43.019660161717454        10.413856976437337     
   43.447488854063280        10.640937371681803     
   43.563695994480440        11.414927111553498     
   43.006867803058398        11.679603076313629     
   42.963385104233701        12.420847883613003     
   43.582419335011004        12.666164006031844     
   43.592386287660474        13.442620991261892     
   43.009720711296417        13.720189528495702     
   42.933012307849779        14.332985343076217     
   43.414177543440751        14.605066846345427     
   43.499763269727211        15.338699615978321     
   42.934672807551863        15.596938037635368     
   43.040576203429893        16.371468322396876     
   42.997188062272357        17.608203448750981     
   43.564954654679525        16.613802916946835     
   43.480271513471656        17.353182985318931     
   42.934846652519653        18.346272699819359     
   43.423797900248381        18.593390250961178     
   43.504009528580028        19.363026852873617     
   42.965003347564775        19.621483375991371     
   42.942831333361447        20.412462611436986     
   43.424031791147691        20.578233109250213     
   43.592321227840657        21.460060423497861     
   43.087383021932652        21.713595941132869     
   43.074612746209262        22.417819413225690     
   43.530903587574215        22.692156039680494     
   43.527269883260978        23.424637159765016     
   43.062909464379736        23.664953314821087     
   43.061946782956483        24.359376916494824     
   43.455737898730035        24.650664760980572     
   43.427825381857836        25.395938696895978     
   43.063553207815595        25.601061655672623     
   43.012128853697540        26.421840978217148     
   43.471986917275700        26.646092165274951     
   43.567155966830001        27.379539756726192     
   42.950741887448878        27.638358530520676     
   43.030879706806296        28.406710840594137     
   43.441534057712687        28.562496420534583     
   43.526813683250587        29.432573605420814     
   43.073469761359895        29.669348806918844     
   43.069291637211826        30.454262895075576     
   43.426120458412562        30.626349319009137     
   43.583242175591224        31.404458565577031     
   42.995724567029924        31.665987032512167     
   43.089502077201139        32.451605017844528     
   43.525322471358066        32.623715448995000     
   43.555890321069974        33.364191032539118     
   42.936890904725082        33.625768487371744     
   43.069119005058070        34.384037079406653     
   43.422197563690283        34.548123193082837     
   43.448330716465868        35.300563759833231     
   42.910714733445730        35.555952093622963     
   42.961937331395681        36.354228743171511     
   43.446304534480447        36.542664803077223     
   43.481118343201906        37.358140188445482     
   42.981773737416049        37.606419746572840     
   43.001425506152067        38.402781545655770     
   43.489670977467505        38.604871647669626     
   43.536434483493125        39.421650998928428     
   43.035774092129678        39.673833460315748     
   42.996420712826954        40.313657454308981     
   43.426447410295218        40.622133120919301     
   43.421901627602423        41.296246475813078     
   42.917039369670725        41.548950175442883     
   43.066142873618752        42.364793968384241     
   43.508030388871312        42.592937602965080     
   43.424384135808012        43.400923717342273     
   43.087509095656742        43.594936412760461     
   43.049788969068871        44.349265604724522     
   43.419347625058499        44.633571490456191     
   43.435522060253739        45.305233068872276     
   42.922629701662082        45.557803360327448     
   43.057198649876426        46.394814737507197     
   43.463180036009653        46.560932887415845     
   43.486856401270856        47.429531055282943     
   43.057168443526855        47.664017342097374     
   42.965157038159973        48.346918155798136     
   43.543429178666301        48.700252262217596     
   43.522666716031608        49.434252969609709     
   43.052151220182061        49.683689346179648     
   42.964447248810146        50.371316335148762     
   43.429511773061726        50.628971117176668     
   43.539485555960248        51.355780967705421     
   42.932936924502009        51.615275371949025     
   43.023774801897630        52.388230602963908     
   43.429309187788022        52.546866965296374     
   43.495524477134616        53.359792602202106     
   42.975732182050685        53.611521336812487     
   43.044064041175936        54.401015252500798     
   43.496382192362873        54.604006634475631     
   43.504916065782915        55.414498825008735     
   43.030364549055534        55.663444983357721     
   42.948984428216320        56.371025898712297     
   43.474283769226439        56.640976941598453     
   43.541396574960437        57.388866976299710     
   42.972033994934542        57.654470035896402     
   42.929187288781662        58.388785348006799     
   43.594003980674906        58.649658584387794     
   43.569379241222549        59.396816135500018     
   43.004802214456156        59.660063523529239     
   43.036307437594516        60.376007549021899     
   43.423466392994690        60.587826831537072     
   43.469363969573045        61.420918668849957     
   43.081624971370651        61.634911499555734     
   43.054741327340409        62.351017291859407     
   43.460344214593214        62.664325254062803     
   43.433248587616347        63.413528304787597     
   43.079283473488587        63.614947549931223     
   43.011059225486918        64.334517940505251     
   42.461216139868192        64.602424641431384     
   44.468128835357390       0.61672133436229726     
   44.575369173009122        1.4622528152504630     
   44.092949449788151        1.7078703407961353     
   44.086799374253836       0.45882924883824283     
   44.086808982091590        2.3853736514009585     
   44.423058027803066        2.6347185394961956     
   44.452339047773059        3.3424642602150252     
   43.960676061235546        3.5923407625357404     
   43.917631222632693        4.2924855778099138     
   44.474927501697309        4.6054317103836757     
   44.436707564587415        5.3996335666260560     
   44.073172745888144        5.6037746726269830     
   44.077027432931793        6.4341415149601753     
   44.571878392803519        6.7014695672056730     
   44.551287257612294        7.4237529319524249     
   44.046107048328309        7.6779441086973605     
   44.018613340036950        8.3228963472369664     
   44.536798321346097        8.7097217675911160     
   44.456714895155557        9.2686157917935876     
   43.909543841606116        9.5438665840454746     
   44.079449086156465        10.381000565321466     
   44.426800562543214        10.545426926588249     
   44.435130491638411        11.311182265261964     
   43.938702196999230        11.559072219463204     
   44.019862644609738        12.434750343948190     
   44.469534244845264        12.573436309345068     
   44.571543785993434        13.390803028026818     
   43.969286632681161        13.650026376110901     
   44.037945743500337        14.346626521523788     
   44.494431799218226        14.615927177094962     
   44.423006499061898        15.317354649854590     
   43.973686793300963        15.558147541208159     
   43.931705815927472        16.405785114658240     
   44.406653033376493        16.576652571601969     
   44.577734884400066        17.382017884077424     
   43.953720165073513        17.643563354832242     
   44.004897391395154        18.334398250295095     
   44.557365206903768        18.635383875807570     
   44.454810616270379        19.323432982349317     
   43.996034049987095        19.570557465214300     
   43.975186729112863        20.315518999444659     
   44.411472899512418        20.585491803994611     
   44.425363912836552        21.403084726611048     
   44.077653701407584        21.599888020364627     
   44.088112695218371        22.430779513396839     
   44.587375435790108        22.716360276910549     
   44.543765632335997        23.408033466634162     
   44.045419370166258        23.660102316131219     
   44.059824535210069        24.381762123245988     
   44.522001606797957        24.672563826854599     
   44.475502308547355        25.366886965302527     
   44.018542694964850        25.606718565679017     
   44.062374391632318        26.386103517938540     
   44.411176366620523        26.589966458158333     
   44.462633715733162        27.394958364267076     
   44.030902551874320        27.627977929536460     
   43.964379365244952        28.301546053857088     
   44.559591058362628        28.711067769172967     
   44.464024992582523        29.407913090648726     
   44.098861702232057        29.615926461846591     
   44.080070553703997        30.359828335152038     
   44.417881241279296        30.641439990199519     
   44.417962306683307        31.377690355210458     
   44.039404711929038        31.588294344725700     
   43.996106860782874        32.380211095542961     
   44.519143751385087        32.659496668874084     
   44.522147363334959        33.366605618553166     
   43.962455168070655        33.631068458956783     
   43.935538582868674        34.293910706085299     
   44.433102013292483        34.583475377567602     
   44.419538262783504        35.396075609586632     
   44.041756668565988        35.609900642207528     
   43.945821236817814        36.283544808261574     
   44.471481973814704        36.661204821774099     
   44.447802956887479        37.361439402788555     
   44.008968366775072        37.594997507796251     
   43.984311231266616        38.355897166217773     
   44.467400183925228        38.617363208634544     
   44.484755077633011        39.409372237279058     
   44.058327373662216        39.637167475597124     
   44.049980606275170        40.352786542721248     
   44.411891398006553        40.615987069590147     
   44.426817457938192        41.359018991038091     
   43.998939530535736        41.589734548512858     
   43.934882493256595        42.359277804802630     
   44.475367013708649        42.618377633102440     
   44.523126039878605        43.408564826994379     
   44.038276799160961        43.652855219205946     
   44.080842958818671        44.373336387526514     
   44.418456367815878        44.611163327616076     
   44.415210360339934        45.298918543669522     
   43.929014801583236        45.545648643310720     
   43.923967887222979        46.322122373862776     
   44.490872414669170        46.579707017338976     
   44.466380616962134        47.334565117387953     
   43.962544940626778        47.586878158250030     
   44.085164536134783        48.440612257895410     
   44.548618028061441        48.617412689887757     
   44.548555981439385        49.397247859857146     
   44.011266136816872        49.653752509496584     
   44.072220630819579        50.371665041434035     
   44.428847231042582        50.601547139203639     
   44.417737017994916        51.405698109724860     
   44.058361070048868        51.611132958324191     
   43.965396057032166        52.278047307049221     
   44.471678382599428        52.674840677123782     
   44.429708886553463        53.412949314810113     
   44.078689714239999        53.613826842016124     
   43.997715251822697        54.347241968149753     
   44.460062925464499        54.654768716657784     
   44.492993006283285        55.399743575548364     
   44.040750252561665        55.635386554805166     
   44.054546638250898        56.380076050566338     
   44.522694622666044        56.669725841480563     
   44.473732785379639        57.417464196171672     
   44.073130913816890        57.639447944455206     
   44.000415673106808        58.426091401873805     
   44.502733364315752        58.670154822075098     
   44.590414589701808        59.437866591976579     
   44.028304825528643        59.700454673500388     
   44.006915013136606        60.322392035346340     
   44.550665624617857        60.703686288960057     
   44.450036141667596        61.373406561325233     
   44.065763476829311        61.590419191330881     
   44.081595307435158        62.394536390007751     
   44.486036168493293        62.661836795889201     
   44.471235736315109        63.371930872248910     
   44.016170111382579        63.609448957521053     
   44.086799374253879        64.458829248838327     
   43.548751223099494        64.723481049318366     
   45.413443962086561       0.56418680686397460     
   45.462881267086097        1.4072806888041245     
   45.068692475289161        1.6231064484537692     
   45.009218224869883       0.36094996775637478     
   45.088859694957037        2.3741157084702835     
   45.517951669918595        2.7042767606036344     
   45.443152383308252        3.3245811768813809     
   44.988656807734600        3.5676310577087262     
   44.974564039494830        4.3528599826141878     
   45.478213116752066        4.6101102265619867     
   45.482325619779758        5.3195982731288582     
   44.919524099821615        5.5813587957772803     
   45.078441524974942        6.4473719719068248     
   45.525688717910306        6.5793184094206874     
   45.567472328610833        7.3607377779961061     
   44.915900624386900        7.6189153789663671     
   45.059814030367200        8.4415583985825045     
   45.523904652946932        8.5699198076028331     
   45.570383801800020        9.3689002417305698     
   44.918156277703225        9.6322876581063390     
   44.918279926656702        10.297903430784849     
   45.412253866671101        10.539376193257690     
   45.425480832348825        11.401807167413990     
   45.053866733069967        11.611855896428199     
   44.967056598111292        12.316154028327007     
   45.443983100291860        12.638650035814241     
   45.467134510184223        13.335845423625869     
   44.953080253503465        13.588056883412708     
   44.958749281730363        14.371289881611093     
   45.443350447811767        14.569873954846933     
   45.515798881033319        15.434803050673260     
   45.065041621137084        15.674343433127577     
   45.006590183599947        16.299982997118061     
   45.494892233124730        16.699640823220090     
   45.430631876275704        17.310841516458179     
   44.966700574810751        17.556231083261082     
   44.945359953139317        18.416648103756604     
   45.595334473478850        18.636613112878536     
   45.591138580325733        19.421291486753148     
   45.013786242677924        19.687224916487320     
   45.002408822012924        20.319278982251621     
   45.552967949562380        20.694987489261692     
   45.455211066130445        21.307542388370599     
   44.981706847736994        21.560749666328405     
   45.075820504192222        22.467000291978810     
   45.570983472606834        22.637637067417693     
   45.596083622564109        23.472289145919795     
   45.085119597124006        23.726457846732998     
   45.052337993542899        24.409406126856666     
   45.519772498174291        24.686250791175382     
   45.533056446571351        25.367976394776921     
   44.967935870297168        25.627790903293075     
   45.008773501057007        26.329382138600678     
   45.544198353001946        26.646893805699456     
   45.443983072496145        27.310227780201060     
   44.986429137008081        27.556514911598896     
   45.047450912985084        28.456065624255636     
   45.444992294981887        28.595222187658106     
   45.588012978796684        29.394910911693312     
   44.962613910671315        29.655050106487593     
   45.087535482704453        30.381141882123476     
   45.454234724530750        30.584602429877823     
   45.424850336066690        31.292637373994673     
   44.923098006301714        31.544825474541664     
   45.042417370568984        32.404947297729578     
   45.463118178401309        32.560312475157033     
   45.512361381232722        33.359852762962078     
   44.959569120894002        33.618309311867051     
   44.968933135907278        34.325230135680563     
   45.494164798593367        34.605374314986157     
   45.447017935458852        35.332828132138800     
   44.979765774899860        35.576169586289879     
   45.062514710662796        36.395673691000326     
   45.532339891869576        36.630872819901448     
   45.487952912653085        37.386097356937839     
   45.033679261356077        37.625573026244581     
   45.016856241562053        38.356547340369048     
   45.556671183178345        38.689048398153311     
   45.491649935804247        39.317630852760686     
   44.953647214643979        39.582885210610065     
   45.047673904292346        40.354750027624313     
   45.456752738181798        40.586640757548082     
   45.413531708385001        41.368557340002290     
   45.038655556490490        41.577893704329284     
   45.017738411084757        42.359394655525122     
   45.565918951071609        42.695910414274529     
   45.498791573621858        43.320688829524329     
   44.958395169959189        43.586493990030313     
   45.025224966588809        44.347279816192241     
   45.502128432471856        44.611255918124570     
   45.435803757283885        45.339353125132526     
   44.991754021400752        45.578266542142160     
   44.940580758874482        46.341147650970704     
   45.579457778274289        46.667336180718955     
   45.520743703826717        47.310244864759049     
   44.920521943388046        47.584127807739144     
   44.961746647909003        48.394513756528113     
   45.556468756082218        48.586269808058212     
   45.549991017224542        49.387604104444002     
   44.992076700330138        49.649130621774347     
   45.002908846352199        50.337425681624779     
   45.563849421490339        50.670102514667192     
   45.462482150006096        51.380148931129789     
   45.067763046381373        51.601148734637604     
   45.081766096305714        52.403232132557392     
   45.454265306065302        52.639141388135911     
   45.485012855436160        53.426772923040573     
   45.085675353251261        53.644486536694870     
   45.092693109737880        54.390592668151172     
   45.478978068171479        54.671996499630353     
   45.458463398343881        55.315176360071135     
   44.940109540779595        55.570025775436434     
   45.036672875031648        56.413579985176213     
   45.569566048598276        56.607727140846805     
   45.543299020380822        57.363186672589187     
   44.967050684470223        57.627998589612396     
   45.080123169828290        58.411060645023959     
   45.458606422171009        58.582069871297911     
   45.489394961478624        59.333724587247218     
   44.937554806671642        59.591000635722331     
   45.037068810915407        60.447035020836530     
   45.425510492868625        60.559729380080242     
   45.600544711881000        61.467288637253517     
   45.092115816737341        61.722289194797291     
   45.071826859459975        62.392893843875754     
   45.550265304996394        62.717918542640277     
   45.506004379146191        63.341719497976968     
   44.969389483135835        63.603058187293726     
   45.009218224869890        64.360949967756355     
   44.468128835357312        64.616721334362268     
   46.420365346326278       0.57866478007440669     
   46.408219301109845        1.3760388679587625     
   46.047707453304248        1.5784292368969810     
   45.965879329698438       0.30473986058722824     
   46.065560620312574        2.4346857700184992     
   46.554794588350347        2.6754563886319973     
   46.553202607061564        3.3627580630866900     
   45.947737241971097        3.6272337018077390     
   45.986120753671401        4.3594735780133398     
   46.498787993130030        4.5884303609566430     
   46.479618861382569        5.4096500580015423     
   46.036549934686008        5.6492836459181932     
   45.946147748753098        6.3486782810126439     
   46.467371201546911        6.6426466186430755     
   46.524132935849082        7.4394659428971766     
   46.040312171561808        7.6948850230884531     
   45.942027025737914        8.3384536942490062     
   46.456237122238683        8.6449774776395394     
   46.517030819177137        9.3587677132694331     
   45.943952657650861        9.6223643191422905     
   45.923249325085358        10.285837039149637     
   46.543464667179379        10.634523460749451     
   46.448743091628664        11.304639669738602     
   45.969321173078441        11.558101665836958     
   46.064744938621203        12.377648390934738     
   46.406688102449820        12.566104285705276     
   46.437451826698883        13.376834714184822     
   46.022689298572459        13.602321694098054     
   45.969069597512778        14.310557314185282     
   46.418241051214380        14.606041188580512     
   46.438135702766694        15.385996977267700     
   46.047926063393980        15.600189711895590     
   46.078656058643311        16.425611239276797     
   46.541551435136398        17.322984560488177     
   45.910991400830163        17.593818229723652     
   46.579405727927778        16.692681862167930     
   45.971333524248230        18.427561566176042     
   46.410635316835972        18.540336031934011     
   46.599951927269487        19.443055711928452     
   46.047069008856745        19.707439699480933     
   46.021079506112720        20.443299584663674     
   46.597576412677370        20.694422023089484     
   46.598497626753328        21.471024216419206     
   46.069264325880837        21.734490579033174     
   46.002364482555095        22.404797959692072     
   46.522828473567543        22.684635230717497     
   46.565093252306291        23.432649463654165     
   46.050796565564468        23.683607324275073     
   46.087886368482430        24.425910433936718     
   46.548484704934481        24.677188949815193     
   46.522374293023276        25.400967474861311     
   46.022311025984408        25.655635563501658     
   45.970065745954969        26.411217255742923     
   46.490723522744474        26.637702753625561     
   46.568342994854973        27.365651893182260     
   45.917977306656056        27.621931406489697     
   45.980127078619560        28.338988390408037     
   46.487760946939211        28.564136204661541     
   46.451028380973575        29.368138869261017     
   46.013530966120697        29.602721142475765     
   45.966033183300546        30.326665751386958     
   46.534364142248805        30.667364477478294     
   46.472606351192439        31.413152216515485     
   46.055062841574106        31.645126944796878     
   45.963055624813144        32.301324224495957     
   46.538340229973031        32.712969410269153     
   46.478179651901812        33.369157155173440     
   46.016693873688347        33.614244480373578     
   45.968582638705982        34.357400656324288     
   46.559313239537744        34.672404236959132     
   46.513159757936087        35.436786758810712     
   46.077401616614026        35.673174338791348     
   46.002137695425844        36.382252761427239     
   46.519435164682406        36.687551560521982     
   46.538279861100399        37.401994846590974     
   46.018189369436186        37.655211751696953     
   46.034686609727821        38.440050915584749     
   46.405363703843641        38.591843174595752     
   46.590388411135663        39.451541922734634     
   46.051293522356104        39.721907921220662     
   45.981453491892204        40.320200018500032     
   46.426780186460540        40.630793066247449     
   46.461881461639940        41.324770415145707     
   45.939731335930531        41.577427933836226     
   46.041724948604852        42.446718898328967     
   46.539290996470001        42.595441709926163     
   46.583909810707965        43.422276868240665     
   45.999834963794910        43.689888852281101     
   45.961988139540644        44.367136537055401     
   46.533530140217216        44.647303080470166     
   46.521517919062767        45.413605860077652     
   46.043578111122841        45.659851130831768     
   46.007152762946724        46.435201825146997     
   46.579401830240599        46.684980476124387     
   46.592585338276919        47.428996050385855     
   45.995334830477120        47.704735158032165     
   45.928898154181688        48.376839849721499     
   46.591468984560493        48.676623717686866     
   46.564319850499970        49.396018450200572     
   46.001146758424440        49.661747902669106     
   45.990723755595873        50.435841032754396     
   46.577197295859662        50.653147656514236     
   46.593365469976604        51.372855150869512     
   45.920384425350733        51.630674104045916     
   46.061459868177081        52.376627844529779     
   46.423727479124658        52.536937411518956     
   46.445129786563548        53.307763869255432     
   45.916457845427523        53.564554525899766     
   46.081897713804274        54.403750643325061     
   46.533728559416119        54.588042268155704     
   46.492352706435391        55.411657272913658     
   46.043481028272396        55.653258105600607     
   45.957385797884612        56.390683044779621     
   46.589240031535326        56.703509926170412     
   46.574668958019338        57.456832578669200     
   46.060355302437841        57.718432183920939     
   45.992227785283809        58.316915306068189     
   46.529903827557938        58.711221523670467     
   46.467527958111972        59.412093870466911     
   46.059793592805157        59.639913252288011     
   45.972061706560616        60.286179988897729     
   46.528659521837596        60.718880903804632     
   46.455132052637104        61.360354942846001     
   46.031619329992466        61.591349419572651     
   46.091567266504214        62.455759661133669     
   46.516773917522833        62.647133176384258     
   46.559366020977848        63.389046661346647     
   45.970313432711166        63.652713009544165     
   45.965879329698431        64.304739860587233     
   45.413443962086561        64.564186806863972     
   47.426130589586457       0.53536032071302309     
   47.423097839012193        1.3911752974954767     
   47.061356170056129        1.5941262706347614     
   46.965438862360926       0.32005567936805612     
   47.049433203814516        2.4262739176777659     
   47.555010722494195        2.6843668296182499     
   47.555062501642247        3.3466230877382599     
   46.911988923061728        3.6117516052887764     
   46.938763884650314        4.3558308486695587     
   47.521508213634277        4.5709663822632454     
   47.505558423061309        5.3252714195817905     
   46.922285629636832        5.5904182134058704     
   47.060143445275294        6.3819288154584282     
   47.483445372573527        6.5686201557863830     
   47.461495926267297        7.3936061468749816     
   47.052813568255523        7.6152902635690456     
   47.078955395746902        8.3837576206762510     
   47.529052408787685        8.6886876079810946     
   47.465620246945029        9.3481376996006986     
   46.996694956170202        9.5954809227308520     
   46.955346135898360        10.405732450508953     
   47.558854443812336        10.647452720518849     
   47.571643549881337        11.362633526343352     
   46.923669158333176        11.624581454579561     
   46.964929249174638        12.307838897626977     
   47.458078587236621        12.563833705537355     
   47.413241030674122        13.284852794441997     
   46.923786321295040        13.534813200167255     
   47.024221838877800        14.344399874684207     
   47.437507287477949        14.557125108014418     
   47.416535576029929        15.345154530795801     
   47.002838314814746        15.568705909471404     
   47.044850402600446        16.450546957728715     
   47.479418302199903        16.615314099389121     
   47.583078368000500        17.426314523075529     
   46.988903297165997        17.701462907349267     
   46.927888613991449        18.276581389582908     
   47.532670011415711        18.678039109264262     
   47.455767436358236        19.295289388443653     
   46.946511879548652        19.555893921234272     
   47.054980578012902        20.456149581629504     
   47.579012125917920        20.614922243608827     
   47.594577717917439        21.427977830564654     
   47.027764116157385        21.687687863026024     
   47.086820504268722        22.426488480037545     
   47.434419002039689        22.602360377714749     
   47.517010282196594        23.432587292645870     
   47.076608807746084        23.666078886645998     
   47.051511513508139        24.423690599332836     
   47.517728818788484        24.675693510329285     
   47.547692508887081        25.361828002080330     
   46.941623998840278        25.622466314986024     
   47.030039951643666        26.382553126922382     
   47.037273944526262        27.660029174403789     
   47.576105822676716        26.614251231241461     
   47.501513792349577        27.408936844936349     
   46.942818411934745        28.318397176995749     
   47.573847774828579        28.716782070854954     
   47.508333503233075        29.429620890832979     
   47.089187724524876        29.659196950648759     
   47.036614218961283        30.409377013982002     
   47.528852534664857        30.692128573599572     
   47.548992660611681        31.434788370351896     
   47.064982298204711        31.679498030997241     
   47.083420622863159        32.447334056053656     
   47.479870912229345        32.646308770141019     
   47.552323653303397        33.378873618214037     
   46.963858429358424        33.638144845952048     
   47.024893959761030        34.430106927240715     
   47.397993510638130        34.559326015479613     
   47.562470321483836        35.366004647341363     
   46.930999037784446        35.628294550413941     
   47.097912334086750        36.424289770778053     
   47.509564733591958        36.578646926935072     
   47.514648433518374        37.365459404590560     
   46.978243660500858        37.621902524856282     
   47.009302236657845        38.328303900735484     
   47.532442560032734        38.649647664150201     
   47.433179011015241        39.352241330677465     
   47.038851975357289        39.573086689150777     
   47.075234591775988        40.370386631446301     
   47.409145551515522        40.606176388510562     
   47.417824499524755        41.351012402959221     
   46.996344714438109        41.578670875860489     
   46.944046093202140        42.374062343854249     
   47.557194284616656        42.651046089955926     
   47.542948280780607        43.362647628319351     
   46.962059134950096        43.626482399468941     
   47.009877499463641        44.403887175282875     
   47.412393430482219        44.560187571441773     
   47.535412931219504        45.407996249480007     
   47.033510845767864        45.657898432947498     
   47.049255659154191        46.443920953627298     
   47.415865719741220        46.602820448987622     
   47.574151787629418        47.392593814030008     
   46.978550890107933        47.654879225360936     
   47.022662693200395        48.446555341538307     
   47.469426971467790        48.595618993528610     
   47.591799516816401        49.440534132736857     
   47.034803775828131        49.703219775248819     
   47.007908111116699        50.423235365715549     
   47.477705642116568        50.635165892861870     
   47.571862131509761        51.435920474002302     
   47.011481839493385        51.708123955614148     
   46.942007937653351        52.274513568700065     
   47.554671222277285        52.714507920002198     
   47.460896529140477        53.336177639103418     
   47.000492015818281        53.586059327139765     
   46.933237192961599        54.367152396133200     
   47.571714326039469        54.663842243621914     
   47.546737905489309        55.357374820025328     
   46.956267036774399        55.623398686022874     
   47.069990997448372        56.457728798760897     
   47.415677676862657        56.565714723397434     
   47.592283682927231        57.423478481646072     
   47.026624405930491        57.684266682946934     
   47.084003924441610        58.444796253621028     
   47.569328352224765        58.664051884391618     
   47.555802595976907        59.402328348795855     
   47.019285652937832        59.659646090700384     
   47.082966016431946        60.449304386671010     
   47.576300639843680        60.662068555324808     
   47.564259279170898        61.408909427887757     
   47.020147034257562        61.668654159552048     
   47.030289645438067        62.395577873105040     
   47.585647949768806        62.678369165163510     
   47.534992040706790        63.312750381306081     
   46.909471042728569        63.586293933949570     
   46.965438862360898        64.320055679368068     
   46.420365346326264        64.578664780074405     
   48.470034029744696       0.61371281976421643     
   48.436520485511522        1.2806129336830305     
   47.896801532976880        1.5432385183594715     
   47.916817587285948       0.28384458887753528     
   48.067694303932988        2.4298382640003147     
   48.487182150973716        2.5553389082831943     
   48.551286211842552        3.4361220309366258     
   48.021727830111054        3.7026831308263382     
   47.935438355708207        4.3422977753021055     
   48.459154017567435        4.6358631179512244     
   48.520588953568755        5.4198011136414559     
   48.024229088956069        5.6757543993216055     
   47.946204323623917        6.3224577642496262     
   48.523227716370741        6.6750703707726009     
   48.493819277141412        7.3581263090297151     
   47.991154988246983        7.6096581263868508     
   48.047766179644746        8.4291681823327611     
   48.414326003903945        8.5787721240272159     
   48.542644478049915        9.3512243117598324     
   47.920850700571108        9.6104056190390210     
   48.004472975745848        10.413336815199459     
   48.581637352153088        10.590450638101585     
   48.561408394987289        11.423921229471672     
   48.013969906484178        11.694637701517046     
   47.942135949764122        12.309462733051614     
   48.501368064898386        12.660594882152008     
   48.472440651537966        13.399380354264613     
   48.032211301681841        13.637537231842344     
   47.954768072321031        14.294015514658755     
   48.500754371932423        14.674603554091997     
   48.454864004270341        15.325161627091607     
   47.968874246738245        15.574057722396805     
   47.998002078854753        16.362863596871666     
   48.560413823771654        16.635795501527078     
   48.497098063921200        17.341003903583747     
   47.980362738304677        17.599533523059399     
   48.018297630373603        18.425021228437206     
   48.517250929011716        18.614087514956143     
   48.556775488327155        19.366750876738127     
   47.933319677495867        19.630162253162979     
   47.945929431278117        20.410010830416823     
   48.517485491724081        20.585045667187774     
   48.571046104958526        21.400827883974159     
   47.988060524249967        21.661311000336571     
   48.014800782601426        22.342432825729677     
   48.545829315476496        22.655792486797591     
   48.462388113195260        23.295694764689227     
   47.944033216005806        23.560276741631455     
   48.075933542566325        24.417003059925911     
   48.479605581339761        24.581740318679074     
   48.508946925888822        25.382152835285684     
   47.987599974166407        25.639856082845125     
   47.937530929706256        26.409052895812604     
   48.408339772519504        26.587869951799920     
   48.583231409972640        27.385458969133609     
   47.956990292706450        27.646780864451610     
   48.075793104133638        28.460718312924339     
   48.512378517277128        28.594546892824017     
   48.583720472254839        29.392887755399784     
   47.959681487057601        29.652388742348204     
   48.095406960856536        30.431380455986304     
   48.413890971023953        30.557413240022424     
   48.523999274510601        31.401709867218216     
   48.030092384296935        31.649117444820817     
   48.057519747512501        32.386489588331351     
   48.573579378867969        32.689917505190799     
   48.494137270225607        33.396598551456648     
   48.048050116927918        33.638982550455367     
   47.983564691132337        34.283656239584943     
   48.459580643960209        34.664169793979198     
   48.410478587208928        35.336158469941104     
   47.991345302212459        35.565000445708073     
   47.935489792076453        36.349088742684330     
   48.471011552039386        36.610621881910944     
   48.503021973387384        37.328833715058011     
   47.917573812726062        37.589221825343401     
   47.973606467360639        38.410159627976064     
   48.582599857167040        38.590264235902680     
   48.569799439268564        39.421797117155990     
   48.036283923875096        39.679870078766243     
   48.038609473122335        40.339450349029505     
   48.512128244793089        40.681246669316366     
   48.436902165164376        41.299435754848183     
   47.960688458258247        41.549220850207213     
   48.003678849013227        42.416432428346042     
   48.440936763400941        42.574946248089731     
   48.551702373045003        43.382422527910435     
   47.962903689203657        43.646022649451815     
   47.956642439542577        44.301263515809609     
   48.536272762672105        44.642570542150388     
   48.443092401158687        45.319457301013252     
   47.992826024665654        45.561796249776464     
   48.025084579582604        46.339951874368019     
   48.500676286004634        46.640381392685207     
   48.423620463439541        47.398413274552922     
   48.073578410630255        47.599631628116377     
   47.997680184009923        48.331963252847615     
   48.468235362131217        48.661129480697859     
   48.469266137983432        49.328773133761700     
   47.948164250795386        49.582449392922655     
   48.035074089347276        50.377949127684246     
   48.460697926984402        50.573994949757626     
   48.469404721070141        51.341506927687568     
   47.966837043158094        51.590795251545380     
   48.047615610573935        52.456150947399735     
   48.478101797004733        52.594068427896062     
   48.592399298614183        53.431119486004235     
   48.020562506307243        53.693155415251383     
   48.015395291150860        54.429154780379768     
   48.404890748150798        54.593759250599547     
   48.583616642919296        55.436047916850363     
   48.032277391815448        55.706472012298711     
   47.974643377818879        56.294216852991781     
   48.476145308179568        56.663879763102607     
   48.427262979566926        57.398809133940134     
   48.073851368777106        57.599526490311412     
   48.028091321231635        58.423356352935613     
   48.414112323242982        58.620406966598040     
   48.578802509337713        59.441331429409210     
   48.059372709326894        59.700492735403039     
   48.021067813657289        60.426229574137317     
   48.592947889339534        60.704787574723255     
   48.581055835272210        61.409385065252323     
   48.009075341897436        61.673665592798535     
   48.017568869838641        62.446285612137984     
   48.570330882722629        62.653121839520225     
   48.594008622169746        63.411322444464894     
   47.964182149134423        63.686484451622036     
   47.916817587285934        64.283844588877542     
   47.426130589586428        64.535360320713011     
   49.549594229522896       0.62212583182193637     
   49.491349046811962        1.4010162222403024     
   49.025940682650010        1.6511792539307595     
   48.983733922789384       0.35877764246394916     
   48.934475114917504        2.3138426483333232     
   49.424049643644146        2.6167971019606444     
   49.485664302785707        3.3949264766381320     
   49.038635570678942        3.6290364643721116     
   49.057627656996004        4.3741662428355692     
   49.543487044073011        4.6862046979040430     
   49.479127462613192        5.2955445733060955     
   48.926155672318536        5.5647743685053799     
   49.054029738541388        6.4161848642771444     
   49.472640058198664        6.5649931806309576     
   49.525862830410539        7.3857976084504093     
   48.992393123296658        7.6419941766658637     
   48.988248245426455        8.3158215276676355     
   49.421039711364088        8.5912862644000185     
   49.410638139885563        9.3714643935053950     
   49.019284947083570        9.5896627654796252     
   48.926780316084916        10.392470598004326     
   49.504600476026418        10.646107462621785     
   49.576429501639893        11.432991693580107     
   49.038804208287281        11.689149912943227     
   49.045421811655970        12.399256540517685     
   49.441779136006410        12.614922897847002     
   49.504103289805926        13.374575794120638     
   48.994830584115348        13.624304563950250     
   49.051701648438240        14.410676040986587     
   49.562249088500266        14.645659631212537     
   49.523579791914216        15.438007072313027     
   49.068571376098411        15.681490784829952     
   48.987722167179079        16.401221198303052     
   49.594400395281468        16.721244714647650     
   49.579497072364020        17.385982361733863     
   48.969965371316903        17.654511702987950     
   48.975972091342896        18.376349389072669     
   49.581592040860684        18.639073887902562     
   49.525951947029597        19.429732667304279     
   49.051707254705398        19.682565173273403     
   48.962727003762360        20.344659569517692     
   49.464242678536692        20.650768873521550     
   49.515300884557369        21.428555690758056     
   49.056815731850094        21.669783027871102     
   48.995744751448932        22.411639788307038     
   49.514999777600799        22.668488572556637     
   49.565574712612516        23.366919951860350     
   48.922563376426815        23.627698657150532     
   48.944834785159756        24.342371106345531     
   49.498221469227147        24.571984609511503     
   49.480739380141365        25.339131721004321     
   48.963105103335195        25.593203429584065     
   48.995242283315527        26.324412792178276     
   49.528010940342398        26.633418458585176     
   49.433438759445472        27.363936131918301     
   49.036143650979298        27.587110287835106     
   48.964508112142148        28.354477038865259     
   49.583295603313154        28.699454341298960     
   49.533398005138210        29.331600661006902     
   48.937080060941852        29.604624136482609     
   48.948205043318971        30.301579188803696     
   49.528430513868990        30.613961120599903     
   49.436370836796357        31.342824896681389     
   49.019983449318772        31.571648557751953     
   49.026361687138355        32.448467743953813     
   49.540479358009065        32.649410588348225     
   49.589638478876104        33.406325452979431     
   48.985060812007184        33.666175421393383     
   49.058230913496899        34.393563503964245     
   49.428778995396250        34.576704104854336     
   49.477190899188287        35.394459139364031     
   49.035502754141916        35.628072480456488     
   49.008407222602465        36.351627580889172     
   49.425794310942493        36.610177677335095     
   49.463007665890352        37.349399930136201     
   48.964321355026065        37.601159938818448     
   48.914453381809125        38.399832866609273     
   49.497467590077775        38.607042086298627     
   49.578945482473806        39.453514081152065     
   49.066530766678198        39.707044631844461     
   49.041419871350087        40.414053917437649     
   49.440698691764787        40.630380866341845     
   49.547224365414394        41.442672748333166     
   49.055488442208464        41.697115051312558     
   48.988683598007924        42.306583671429252     
   49.474845629486602        42.671178607723398     
   49.447272627866155        43.293971880724747     
   48.917978682571615        43.551680203008068     
   48.964462145644823        44.408356141290717     
   49.422866803558435        44.545183860039359     
   49.566968466821017        45.417729698858999     
   49.018908335250288        45.679305483634636     
   48.996094311166672        46.384888329677928     
   49.437173748077186        46.606070636239679     
   49.515581839615109        47.348699018084517     
   48.935920006014783        47.609105444709627     
   49.080375565552238        48.396379029111564     
   49.001033976247044        49.614409947589351     
   49.562297536915402        48.612155144809925     
   49.489107424881361        49.360092444045826     
   48.955853897914565        50.322577466547486     
   49.566527152609069        50.678560785026924     
   49.490132092250903        51.330856461273868     
   48.976401973289022        51.592475296954490     
   48.964874372334187        52.346873491065409     
   49.532655544868135        52.630440816127489     
   49.489236604630769        53.364533771159813     
   49.005826210723228        53.612236131838443     
   49.018673969999575        54.328973068195658     
   49.467212559346876        54.630530168910475     
   49.414927889077589        55.306932782725063     
   48.958971705661284        55.547587600436430     
   49.050694565887021        56.396656787328176     
   49.498415557028991        57.318581010046856     
   48.916299968496894        57.585237392554419     
   49.519636226200213        56.609151384394849     
   49.068025599017190        58.362335949016796     
   49.540561010891309        58.606248540903131     
   49.436980088532451        59.338074023685635     
   49.019974044475404        59.568208063329756     
   49.066246791905897        60.462175374081873     
   49.562930126499033        60.658498852820358     
   49.589577518466612        61.406050601771128     
   48.984366927745803        61.669212720377438     
   49.005751270519021        62.422842347711928     
   49.414785822509366        62.577286774498106     
   49.562729090626767        63.381088445383973     
   48.960847977528665        63.643761984622301     
   48.983733922789249        64.358777642464005     
   48.470034029744717        64.613712819764245     
   50.399259684718572       0.53892809103545636     
   50.558250717978972        1.3924254589182481     
   49.994037744617799        1.6521436698023835     
   49.955138590651700       0.40017893298131957     
   50.050256238231157        2.3575518141186627     
   50.558120029298202        2.6714331611195989     
   50.455433006286945        3.3308094921270825     
   50.012940295803965        3.5718514042746294     
   50.034904875611048        4.4329965369540671     
   50.532471645007760        4.6419641931773299     
   50.564469057000018        5.4323242890390491     
   50.017261559589251        5.7000370082905203     
   49.950010337136582        6.3158716134695654     
   50.433436046626099        6.6179647699114312     
   50.466175010740344        7.3331105364497162     
   49.951437705042501        7.5843018402635876     
   49.987626172559487        8.3292795522655734     
   50.550315680869211        8.6309912869989471     
   50.461042544098817        9.2975029754752914     
   49.954093474677123        9.5580968147972580     
   50.034276422343254        10.392656562977816     
   50.420316277493733        10.559982400551592     
   50.493899347620946        11.361447352388883     
   49.979863938722993        11.612168578634105     
   50.029492633038501        12.355319467106183     
   50.502488828134737        12.622764252148510     
   50.446803226934769        13.340372347271346     
   49.993862341446018        13.579895753767660     
   49.990325537485162        14.416038107782448     
   50.561158416033749        14.642253588566343     
   50.567301023717498        15.408730800196663     
   50.016460636154527        15.666952624781748     
   50.089386672179003        16.472537429264754     
   50.476003324073645        16.618968996736442     
   50.591581301075784        17.430134454220831     
   50.009870051598440        17.696948980217780     
   49.973480580332144        18.421845219031773     
   50.467616463144623        18.621065195765258     
   50.588194252479617        19.448362132335753     
   50.063920453627901        19.702563779056195     
   50.081245077622185        20.388421700889666     
   50.435697652570930        20.628355968755312     
   50.452992214128130        21.330952627081615     
   49.955243335864154        21.579528461428652     
   50.066520232643832        22.411565600813709     
   50.516347516594578        22.601896953668447     
   50.509906153641346        23.333482479269726     
   49.923753018399886        23.600023693514082     
   49.917590612529608        24.346150084618397     
   50.416590962833212        24.543351978441230     
   50.499341965103461        25.401634751415653     
   50.026400777754347        25.647244477662007     
   49.970217618836195        26.392566563213521     
   50.477020753162826        26.633590251800666     
   50.548985998273658        27.384619239976910     
   49.978273054527264        27.642820772475979     
   50.048085498126532        28.456251133345305     
   50.474688099630512        28.597030909452151     
   50.588403104618088        29.406102317192385     
   49.964706681522692        29.673658764503333     
   49.937863807393967        30.387373128353214     
   50.470973780155163        30.594325862456998     
   50.544336788583259        31.363397731458647     
   49.941758148069596        31.622668732148384     
   50.017258867565474        32.406922745597768     
   50.508035498039995        32.582173107877637     
   50.534196377723859        33.412857426218956     
   50.024891543301017        33.667196987629453     
   49.987850330323781        34.312513741436810     
   50.466476555584713        34.643229418139825     
   50.430985022642645        35.324451144660934     
   49.972499253127737        35.564136576471277     
   50.031184086470738        36.349420275990838     
   50.486184942988217        36.614473857629228     
   50.427829312363372        37.379603730549086     
   50.046227770339463        37.593273289719875     
   49.990748333381831        38.355833375262414     
   50.529891707842623        38.676650864536768     
   50.503951257537196        39.319187326826963     
   49.918577935678442        39.586703445914601     
   50.064200208163896        40.370668423558740     
   50.508756190950251        40.583994405441530     
   50.441052458630246        41.385788990488841     
   50.061005283921148        41.597835780095650     
   50.078233230431543        42.401710113458527     
   50.473958432793481        42.648065768319604     
   50.483750192412707        43.369798413615612     
   49.982661794239618        43.623855986610138     
   49.929994668227643        44.288255044900069     
   50.532375305619667        44.660228572452105     
   50.458496200835896        45.289191491283432     
   49.935030853994455        45.552361534434823     
   50.016308520733979        46.347420111209935     
   50.463252913096888        46.573396975936795     
   50.433966425919486        47.328226620598961     
   49.966195533802178        47.571760555854112     
   49.934475866049141        48.402561514957412     
   50.493012387478046        48.602306969803557     
   50.566741095178095        49.387597743068831     
   49.965813471635919        49.647738207816822     
   50.010884162790120        50.439875189761558     
   50.486363533742988        50.593284618440428     
   50.581771804596499        51.398402832124390     
   49.966390729225949        51.660720379736155     
   49.977354948061283        52.394865225979686     
   50.547880469041239        52.618236421575091     
   50.543048102072191        53.336992113923316     
   49.912520447688429        53.600859197963864     
   50.000503003533737        54.369122374671520     
   50.532743889045449        54.573723643722367     
   50.495528360684411        55.323782872730909     
   49.936915555472105        55.587916356815228     
   49.958495428781362        56.376700609723471     
   50.520104231471400        56.588150547022764     
   50.522846137783439        57.432032666804020     
   50.037978729817645        57.686544927143899     
   49.942203966084158        58.378597052047184     
   50.422222836774921        58.623257576940162     
   50.558640827205679        59.355729078216612     
   49.913063072184265        59.613005691514843     
   50.022640268503778        60.419666792140831     
   50.553718544628317        60.575187427441421     
   50.559553677668873        61.396513897944097     
   49.991770374012916        61.660245720599825     
   49.982372236265512        62.313736441866091     
   50.533233514810647        62.662163956575746     
   50.452384523336733        63.271110168424471     
   49.920624510101611        63.538085634860195     
   49.955138590651622        64.400178932981362     
   49.549594229522903        64.622125831821933     
   50.952753295732592       0.26613836484076614     
   51.502143166501142       0.68983152905863387     
   51.418938736689455        1.4013590567716157     
   51.085435066006006        1.5950736930333553     
   51.003469278295007        2.4264198066622371     
   51.490263015978449        2.6682659191505809     
   51.585493309548760        3.3849903829836694     
   50.939852083154804        3.6415587497969719     
   51.009426947688326        4.3993978172614101     
   51.457966246999092        4.5616527246621628     
   51.526821071103022        5.4219996947868241     
   51.054050815749989        5.6642492979125949     
   51.048854232637680        6.3524713690607788     
   51.439082516399694        6.6337001266475299     
   51.427808334612216        7.3688934743559917     
   51.018362106608777        7.5926958349113400     
   50.956548601655690        8.4043336582351333     
   51.434017902092592        8.6098373911062840     
   51.572760766084173        9.3980281123712661     
   50.974064066958448        9.6647084445715485     
   50.957086932696185        10.302099406423261     
   51.493669606314498        10.626364940390001     
   51.429360419842673        11.348000490686347     
   51.011339111677394        11.576110796042162     
   50.980355828813302        12.374126969520448     
   51.563973230565786        12.664241985518002     
   51.527104995106356        13.379537097085494     
   51.003172388288611        13.638173310802539     
   50.995200243825629        14.411734081605724     
   51.517094050932918        14.631228637466254     
   51.554670479566170        15.393920548931401     
   50.989492599172145        15.653735966393100     
   51.006768611972795        16.363717882199118     
   51.495346995734245        16.617673506983060     
   51.475924146931369        17.382690622793838     
   51.028456313168419        17.618338078881290     
   51.022655586406955        18.360695177292257     
   51.495248179244129        18.647145048458562     
   51.469259546867413        19.339188419220314     
   50.972551552793192        19.589166047450274     
   51.050616574194301        20.366645532322924     
   51.486482553034683        20.610600807260898     
   51.444248422546409        21.291218633000319     
   50.920722047953284        21.549160688585530     
   50.952484351219070        22.370922912653651     
   51.451868586926210        22.552444496559730     
   51.512277468779175        23.382084116021360     
   50.982482340191773        23.641513476530026     
   50.939419396602489        24.285331780029463     
   51.434617490023641        24.601488899953594     
   51.414023741749091        25.380055693579099     
   51.051330252985089        25.583583608793933     
   51.042577269928238        26.372388099423951     
   51.429142133460878        26.617542537449449     
   51.467857335901101        27.385247280430274     
   51.022290487798088        27.620880824739626     
   50.981008272943072        28.342714707558457     
   51.532223904361516        28.667438404331548     
   51.484880744081778        29.391216371372526     
   51.036044933504634        29.630686968435413     
   50.987934361545392        30.337549184832532     
   51.550862267566892        30.692020372976984     
   51.490209659269588        31.329772754764569     
   50.960437748061082        31.594292416349557     
   50.935523262619128        32.353558237519024     
   51.450496131716321        32.580728750552957     
   51.502720901645262        33.385631299806086     
   51.012460312049953        33.631564940332034     
   51.032390323185894        34.377685266715361     
   51.576261208602062        34.676549846072305     
   51.499580236274753        35.394853017802717     
   51.046127873071626        35.638748963537573     
   50.987366363376296        36.356486889320685     
   51.412854679364330        36.609073326277560     
   51.496333867059676        37.357828195199687     
   50.972775132343152        37.610482570733737     
   51.050305655779383        38.421084129857618     
   51.491455931724346        38.598498473054313     
   51.533214842800376        39.410443184452255     
   51.004602449511118        39.673141149123992     
   50.934605783066822        40.350691381669670     
   51.534766931627772        40.659291934280525     
   51.523597730776004        41.414908654651683     
   51.052606732838889        41.657250213739808     
   51.059148564075471        42.384024094592064     
   51.439141957232479        42.623577984115677     
   51.469509856702402        43.377465585289237     
   51.015726278541251        43.614348261861522     
   51.001265407376806        44.412419375208238     
   51.571595829800494        44.663106009565730     
   51.562144496292781        45.392401765884905     
   50.977888164760152        45.662812056478302     
   50.941314893952395        46.325916814773876     
   51.527669637988893        46.638632206241240     
   51.483703056988233        47.311738397962458     
   50.932513955211249        47.575514091287026     
   50.968442044305228        48.360149832829130     
   51.516911276694323        48.585751097454057     
   51.493326217392521        49.422230854553895     
   51.057676802309125        49.657798911681759     
   50.984210139289459        50.337546717216441     
   51.519042214914883        50.687250259218693     
   51.494094372594262        51.325702889691932     
   50.937443887866650        51.588555430827682     
   50.962463021166933        52.394753650357011     
   51.419303491265822        52.552591950743221     
   51.543584236402239        53.386398729435463     
   50.963700284576561        53.656008000505452     
   50.910531020729920        54.362260358084335     
   51.412077351166459        54.574296871925426     
   51.527194774809296        55.340261535513726     
   50.908209514525979        55.601767372061637     
   50.932245691137666        56.365678057036611     
   51.428814529298499        56.535954551471207     
   51.514789405061492        57.377233786328219     
   50.992274155293998        57.629612271882422     
   51.063728027161282        58.365162117187531     
   51.494369006940026        58.632766253998440     
   51.428309728597029        59.341506385076983     
   50.990734664220298        59.579457247803767     
   50.913742433298225        60.371263670545673     
   51.546355251109489        60.646296618274604     
   51.552483160728805        61.405356809844974     
   51.011200116640609        61.665004972864686     
   50.996337512892069        62.415075450082348     
   51.436823006367973        62.602833241408263     
   51.566870141137215        63.434829266576827     
   51.021255002422542        63.704899304541229     
   50.952753295732634        64.266138364840742     
   50.399259684718487        64.538928091035430     
   52.516708606692447       0.66171982759690362     
   52.533676106556882        1.4248082317736157     
   52.059349261751791        1.6667975156558512     
   52.055973607142199       0.41876867810870899     
   52.089958911266706        2.4074413543569069     
   52.558118830435113        2.6988445957133322     
   52.502706946716934        3.3296749320163697     
   51.950888114622146        3.5983606823628538     
   51.931625341193765        4.3185003157566308     
   52.434103584989671        4.5697797974412975     
   52.455282990451686        5.4268453438452804     
   52.095701339386579        5.6291889556981829     
   52.064953722337080        6.3605025779917970     
   52.546145446895778        6.7350835527242143     
   52.477221988017803        7.2970017118988579     
   51.941150046677862        7.5638049625697974     
   52.020548826946715        8.3495278341430961     
   52.552787684094739        8.6230974011924140     
   52.456289766782717        9.3641993869353648     
   52.036226679446486        9.5958460620611525     
   51.990030819066398        10.370299662093126     
   52.566220181732817        10.685695626092064     
   52.520882879578764        11.438078162672388     
   52.084807267192609        11.673040221158450     
   52.028605631496028        12.419547219656565     
   52.573401918636172        12.713013804582015     
   52.571981263399692        13.373899881703693     
   51.953063277666359        13.638322913777785     
   52.000984057755815        14.387135770998395     
   52.560475074743216        14.612635622970847     
   52.521495271550862        15.405093595891096     
   52.036314718258815        15.655266946644883     
   51.996266809765594        16.363991598090706     
   52.553294744385830        16.683583344580420     
   52.507228139098615        17.431426487966291     
   52.085249962416192        17.660565882550241     
   52.041937111731222        18.381401858889859     
   52.527089140866856        18.696816869644657     
   52.506456348278974        19.388752980838294     
   52.015204550559744        19.639615692548091     
   51.978252778600677        20.358046409746649     
   52.545167679732096        20.664511421193172     
   52.504659522390192        21.422067331023602     
   52.043878428937091        21.669826329664151     
   51.957111296126961        22.291931591877894     
   52.475272769274227        22.666980666808868     
   52.454253857424220        23.326723854048566     
   51.960395162480580        23.575572828856970     
   51.992077805657416        24.339709766690557     
   52.471034326481096        24.591997513572526     
   52.444753113126048        25.331875192682247     
   51.972930053415318        25.574941242846151     
   52.041784244511931        26.357042636618910     
   52.491810483383794        26.616991649818129     
   52.432321275889272        27.372186785171603     
   52.043198783737445        27.587941546234248     
   52.032578490340271        28.413827183345990     
   52.460748122465048        28.627340767407429     
   52.539600181923383        29.401094267490262     
   52.014174058599146        29.654351415677592     
   52.044037101590334        30.439297035799378     
   52.557795525516937        30.651070849611507     
   52.569169062122889        31.363621396856022     
   51.927741336073780        31.626748935249523     
   51.961475675737837        32.330474567829391     
   52.432661681338438        32.548383263710662     
   52.444043044916235        33.319698267563879     
   51.946933749717893        33.567530088313362     
   52.009869809027549        34.442291135367377     
   52.436278937384607        34.569816278775072     
   52.586592792159479        35.382616795997421     
   51.937744993184488        35.639597234633207     
   52.048391170317856        36.351411884631929     
   52.492003466624084        36.589954466701847     
   52.412746410991254        37.390296447276789     
   52.066591380336540        37.589527463557125     
   51.991016642962549        38.343613993384672     
   52.417083607518371        38.620258583377762     
   52.489870725905156        39.422371520592094     
   52.074212245146931        39.647585325195138     
   52.039203462250896        40.405662135977749     
   52.474045344834231        40.652240381243196     
   52.533000867694817        41.415929451000132     
   52.041626056544516        41.662486233243520     
   52.049653572743274        42.359440730684277     
   52.422515966551408        42.613114601251112     
   52.431551234086314        43.306926138239731     
   51.933673508307102        43.555130645425720     
   52.017650480599762        44.428426693417549     
   52.455045455322299        44.565116285110307     
   52.572513008402353        45.452893972618412     
   52.062412675864095        45.709858159899248     
   52.006462451984234        46.388237886264051     
   52.566678090600853        46.704946559320803     
   52.544955411494570        47.379564275412612     
   51.974650482330617        47.649165976345827     
   51.934910154409302        48.359171389709964     
   52.584681017614301        48.653330693633428     
   52.536004050541955        49.356792476212469     
   51.975306198981080        49.622512348160328     
   52.073767953886986        50.425213949707512     
   52.438415286609008        50.578092399628282     
   52.523765543922728        51.402856474720231     
   52.006686803361745        51.661145253010005     
   51.953558369032699        52.289502208829262     
   52.527554846974283        52.679936353168451     
   52.448144618395148        53.321731099505136     
   51.985800969959030        53.567498748388068     
   51.983419960603570        54.312246147095948     
   52.466881184595238        54.616674823471158     
   52.418168654786292        55.314352848001811     
   51.957566518608800        55.557768058098901     
   51.913679414582020        56.287779846121083     
   52.455718662410504        56.592415047535383     
   52.430644326245080        57.355508003595190     
   52.009272876875642        57.582589573697504     
   51.990220116462751        58.378109349702243     
   52.534084698011938        58.647301101917861     
   52.518260674331017        59.382332327527763     
   52.005711554893409        59.636128369816277     
   52.007867847414573        60.407207293698853     
   52.451847475871972        60.603426919694506     
   52.540504056061742        61.399583007895963     
   52.008181028471100        61.655092316201767     
   52.013332150094641        62.340830679331148     
   52.456857134548549        62.617325225807065     
   52.433431417035855        63.386349758481828     
   52.053654259136366        63.596950417813090     
   52.055973607142178        64.418768678108719     
   51.502143166501142        64.689831529058594     
   53.473508926876427       0.56927774237055906     
   53.509996164003596        1.3837610501480848     
   53.006836458379311        1.6324394147284287     
   53.050035255836889       0.40606164866302863     
   53.053221323899798        2.4462421544884814     
   53.543584232367735        2.6402633061721490     
   53.574210814553417        3.4597050658548549     
   53.055821380155820        3.7213142419652403     
   52.988776855647814        4.2993121699325556     
   53.550735394600594        4.7353663522049061     
   53.473776595020752        5.2879362656324203     
   52.928863578658714        5.5616952626621181     
   53.103680360954378        6.4610680394178797     
   53.524928787100848        6.5912003691856507     
   53.574288862116106        7.3973977766596191     
   52.965377633104765        7.6646426136699510     
   52.939991592506786        8.4056519361710258     
   53.520027920134254        8.6130084257874167     
   53.568487907642456        9.3675793635514353     
   52.928280989187186        9.6258588810201147     
   53.046295124508248        10.437877290223186     
   53.574028827537731        10.592326366829511     
   53.576163078162168        11.390198161471700     
   52.978603727678340        11.653456075447437     
   53.094947305375385        12.458374397423196     
   53.508574058298692        12.607093004998497     
   53.568411831085598        13.433076085898211     
   53.021065492124549        13.698384680238057     
   52.958245877730867        14.392308510376798     
   53.447420325283190        14.621594328542892     
   53.561268496072650        15.411035436735524     
   53.017739272590717        15.667992885238480     
   53.043232098393801        16.434098123725978     
   53.571626423115397        16.659843367493824     
   53.566246360354064        17.364931317840398     
   52.941529882484524        17.630538484171410     
   53.092701966032756        18.432141592511879     
   53.571326460811704        18.607127957696164     
   53.538147242652499        19.442071613947313     
   53.080245794003154        19.683420995796595     
   53.034977777907905        20.412438630352806     
   53.560727785311734        20.704811636113938     
   53.554957947331197        21.450138492424440     
   53.086849793059024        21.691829076760250     
   53.080779171584041        22.396721470005001     
   53.495257920043258        22.677375516253470     
   53.483865893947872        23.394054823626593     
   53.026910767764861        23.635143310027384     
   52.972878788484337        24.336321317158557     
   53.499842072672209        25.298329616732001     
   52.912402864914931        25.569617536839772     
   53.552498749241437        24.685759019599004     
   52.968432922482826        26.370332325595005     
   53.427691692583757        26.536368753110725     
   53.502099602561387        27.368120379128701     
   52.985390881479297        27.619324460434765     
   53.036336950296032        28.368564280579712     
   53.438727751585560        28.587099430805008     
   53.451057457619356        29.356599403807621     
   52.998044852159012        29.592777669211479     
   53.008994989515386        30.415455561678716     
   53.406262029348561        30.580574652789323     
   53.551885106137163        31.376438058819641     
   52.950332717666200        31.644593291161893     
   52.925969081770781        32.299016486011318     
   53.408135881280856        32.560587562946587     
   53.429771124761871        33.354164818424877     
   52.995606428008365        33.585959227023231     
   52.953862655642077        34.311386268793669     
   53.473268610937055        34.622988581589524     
   53.445093802982861        35.380486606114651     
   53.022328900606766        35.611137714903663     
   52.945831875329162        36.345190551700576     
   53.562147337353828        36.682880909355866     
   53.523502741710580        37.351249708830743     
   52.968598115942576        37.615067097413537     
   53.065863524353190        38.364068146630629     
   53.427632347233526        38.578843195212450     
   53.407288190782964        39.349669234554753     
   53.011189984030558        39.566861518938893     
   53.070924159457491        40.392373649874166     
   53.542084299310105        40.662791116260173     
   53.479515731768991        41.391541412456149     
   53.054158558548650        41.621821800859131     
   53.043461201984108        42.345051225319672     
   53.540780939861953        42.710327995683720     
   53.455858430307096        43.323357630953097     
   52.984242064308305        43.575133190539276     
   52.940504949550757        44.316236591641385     
   53.490388433004689        44.622622545646813     
   53.460399470119746        45.386846946429337     
   53.045846244552251        45.610999586851392     
   53.077052932577928        46.451938114934890     
   53.586140262211956        46.686177737402126     
   53.574694882192119        47.417587802876398     
   53.018349934109807        47.682214451203649     
   52.990562488199963        48.430792128105359     
   53.413556142915098        48.601701441345021     
   53.586876969900068        49.380127323067605     
   52.934961102699511        49.640929687278870     
   52.965426465570502        50.324678038843686     
   53.438577758091697        50.557180487322114     
   53.433405805784929        51.392746276264468     
   53.057672143288144        51.601793537544026     
   53.030566196723889        52.420171962138674     
   53.533456757712422        52.671846755881326     
   53.557192815204488        53.442714528833534     
   53.053817664678505        53.696967766718565     
   53.003173459853301        54.349744957367541     
   53.565243719878268        54.712764687477822     
   53.497395161082046        55.421837050668493     
   53.072017843099069        55.655889706667175     
   52.997158554138892        56.323254682033614     
   53.485984235712884        57.298502082784388     
   52.924434162005831        57.566854621010044     
   53.540171591718050        56.718705473828635     
   53.009994744789630        58.403457915724211     
   53.594725837444493        58.603140930553771     
   53.547186104205672        59.421988833879333     
   53.052101504243808        59.675366048306579     
   53.017083734038238        60.338830574844451     
   53.409083247825961        60.611737304194527     
   53.445702995535541        61.407825698677250     
   53.069254611264185        61.617854587761705     
   53.021932638524291        62.347975673550607     
   53.521739767848331        62.694249431112965     
   53.478486678734924        63.310609806922336     
   52.934057870989314        63.574020906983847     
   53.050035255836818        64.406061648663055     
   52.516708606692497        64.661719827596926     
   54.473046729870660       0.64524639366692205     
   54.471423477237074        1.3113385724512328     
   53.920321440593199        1.5701419857716639     
   53.956363219059291       0.31860392742151455     
   54.001439086803842        2.4028010830741779     
   54.487866000238611        2.5635068923412034     
   54.537849814067549        3.4281185254096562     
   54.059895058208468        3.6708876911108121     
   54.083934497236527        4.4670644012202088     
   54.544863904202572        4.6736743796259441     
   54.583914334953725        5.3755176786431429     
   53.920482498271390        5.6360871786313620     
   53.935140409557484        6.3694550679694304     
   54.481984380538435        6.5630005831955938     
   54.520881972340149        7.4047336845875176     
   54.020244595870736        7.6564852908025891     
   53.981658714616380        8.3723307547137598     
   54.480297583537975        8.6309940918672865     
   54.512071401219700        9.3465290605359215     
   53.931542274177211        9.6106441184646396     
   53.916958747238652        10.397501424864211     
   54.522378435209987        10.589496624086928     
   54.568936309130827        11.430308371051252     
   54.025116066686294        11.692495881534940     
   53.981844404046157        12.362288500914023     
   54.466042798875264        12.629413718873659     
   54.500754521169696        13.348246678209600     
   53.953732205091072        13.604634464270740     
   54.034933939403771        14.362205228885088     
   54.559293668356176        14.630671916330476     
   54.469924615968722        15.340291927221173     
   54.005160362394022        15.586892308866766     
   54.012956335259538        16.426948128841918     
   54.536422771202950        16.638775634280233     
   54.566727926458135        17.393648854401768     
   53.967166573377320        17.661567097237739     
   53.937473835558635        18.401599866609505     
   54.532269117107766        18.619367784660895     
   54.566526384870158        19.362149944583638     
   53.917883734186489        19.623040288169552     
   54.097485278767834        20.444236123013734     
   54.501105227419586        20.566526147205479     
   54.559014583533404        21.456541308698259     
   54.090193199788708        21.697467521918288     
   54.088299945281527        22.409987555928087     
   54.458568337963527        22.651479787084000     
   54.497489012561886        23.433443490430680     
   54.083784953693034        23.657521082566554     
   54.047963239498287        24.430843180376272     
   54.564505349018901        24.703886121985448     
   54.569497871504723        25.420908726480405     
   53.997475427118466        25.694644763956727     
   53.933102310812004        26.278808739567793     
   54.475662307355428        26.644812956449201     
   54.437400031107160        27.283281569965546     
   53.912457840970085        27.541108920616487     
   53.974305983121873        28.331546278068767     
   54.489406566142733        28.567415000554174     
   54.448614114539453        29.284960603927399     
   53.907678034048843        29.545911122137202     
   53.988351072148014        30.320110304118735     
   54.421546992870688        30.537171095805306     
   54.402747162880381        31.384724103457973     
   54.050124918238048        31.585369814913584     
   53.984250214580484        32.289001185782467     
   54.403873559702767        32.616373175567929     
   54.404602580389465        33.399003091935192     
   54.073920331458162        33.589009710592414     
   54.019648582177531        34.356465345817213     
   54.503921057006181        35.311396408410012     
   53.931602663713377        35.581352877074103     
   54.557326305125606        34.714837357010509     
   54.042861399224265        36.435430098022181     
   54.506004690819054        36.578672588110472     
   54.566391051874348        37.425468614727720     
   54.017777716179488        37.688349289422888     
   53.977903942380202        38.312707188807927     
   54.470780103969552        38.641195233256497     
   54.439433143416025        39.323360920941099     
   53.966242191721975        39.567116970949940     
   54.009808816435722        40.418442741969820     
   54.411630687064140        40.566746583184845     
   54.562154065410134        41.428020762689314     
   54.052276213503603        41.681104532656995     
   54.054991203163205        42.446802186861873     
   54.433213006367033        42.619845994426520     
   54.581947627709944        43.431389639701443     
   54.032031924356296        43.695018663019901     
   54.000917834781298        44.366310099084806     
   54.418167913135427        44.604070553341465     
   54.499074847018832        45.429616224740478     
   54.082212216319348        45.655211284910145     
   54.050440890815224        46.444411227463988     
   54.594879010839151        46.715597760639547     
   54.589109966617499        47.446043063761543     
   54.055173170286409        47.705736834116294     
   54.033541790349162        48.331503169079397     
   54.530956535102284        48.711438797938932     
   54.454351999339728        49.265075280560360     
   53.912813796911863        49.535624734788328     
   53.925680581019627        50.310740984743433     
   54.517086808103549        50.582005244463772     
   54.459301694080665        51.285759812924340     
   53.907193215419007        51.553020470222435     
   54.061534918858939        52.416023154873379     
   54.551495871306244        52.581361998613104     
   54.532697660618531        53.431103371586516     
   54.072662643793734        53.670589015473510     
   54.070501717038944        54.455866956194747     
   54.587981474242603        54.703566618241652     
   54.587489790946009        55.411568517309817     
   54.009430115253082        55.673385624788907     
   54.088311123943747        56.452814442747716     
   54.434182132007471        56.595036381077939     
   54.564627347743105        57.431849507691865     
   54.019280686767559        57.701320819480131     
   53.936033511281614        58.406480857364564     
   54.497822965643302        58.650367921194572     
   54.590111828623286        59.420995992939318     
   54.009696945135360        59.680270209875836     
   54.051651549009279        60.351487458152491     
   54.417997819652960        60.596271308386022     
   54.403949762727862        61.296431277158341     
   53.929105790075965        61.541533284391924     
   54.075381071047019        62.428492365658357     
   54.519564108844911        62.588289597546584     
   54.536102683660602        63.422796348199348     
   54.024996840766910        63.681881924040617     
   53.956363219059277        64.318603927421520     
   53.473508926876363        64.569277742370531     
   54.995319848028636        1.6232151200400431     
   55.046255125537328       0.38307298618436592     
   55.574275245980459       0.60791523345814125     
   55.496655134915734        1.3626691917105451     
   54.930900173437507        2.3269488505435074     
   55.549586835005051        2.6629447841728933     
   55.502823962346199        3.3301536001372796     
   54.952376968535390        3.5942842512465241     
   55.054338795030837        4.4233349523576990     
   55.415264473833588        4.5579388810256027     
   55.539305552678847        5.4053536052547955     
   54.998755877065960        5.6709361998620373     
   54.935870956155696        6.3224638708475895     
   55.493773375186741        6.6391227767485947     
   55.481853195454256        7.3918442651156990     
   55.037532134656836        7.6262061594818009     
   55.031481861026052        8.3713972941394648     
   55.495045424132805        8.6499641747054454     
   55.477533448025049        9.4019448890222410     
   55.034095560323763        9.6402744249178109     
   54.956889407802407        10.354967749177508     
   55.577423357034576        10.698729988437535     
   55.534283378736312        11.385394384857962     
   55.016521276814395        11.642265387061574     
   55.035656648801478        12.369162054402212     
   55.519192053647409        12.652108451734902     
   55.468401970760567        13.408340035018504     
   55.055491163663568        13.636448967663306     
   54.967384393348382        14.402173976474497     
   55.496538927682614        14.661914154456303     
   55.575300134596382        15.411279417254127     
   54.998496189760374        15.672504749352656     
   55.003763849068207        16.398458898198754     
   55.584249255935944        16.658056080447647     
   55.543169805242918        17.417048301976269     
   55.040143337475691        17.673662086159208     
   54.988976083497796        18.379333215349664     
   55.535094512613625        18.672764851377082     
   55.531111043618949        19.373738833701935     
   54.964138029105904        19.641900119352751     
   54.919559656869794        20.340003250987287     
   55.490985612656473        20.607345861506971     
   55.499613322328344        21.382795077567224     
   55.014202317661251        21.627942277340864     
   55.080129344178829        22.391097189974534     
   55.454675324767194        22.614243250176486     
   55.451583564030386        23.311804644141180     
   54.924680183702712        23.569208896343760     
   55.092690128147026        24.446738552393459     
   55.434465131267764        24.556621130944343     
   55.552002296250990        25.356700652214816     
   54.919564900303911        25.614557795492722     
   55.025690653968489        26.381409530398237     
   55.514236072396763        27.310784238564604     
   54.917565750708128        27.586960370480181     
   55.579452625849065        26.596007941234394     
   54.908633812619819        28.340644237431633     
   55.486965666419479        28.567672611921950     
   55.495512762369600        29.362323926885210     
   54.964452771060429        29.623413680857109     
   54.916737973799442        30.284252231114209     
   55.406064051410780        30.572333263084246     
   55.424705542890720        31.409839743535365     
   55.086453459882954        31.602659077080123     
   55.067964670343351        32.346779861514598     
   55.535099531655185        32.738125522208300     
   55.452433495841362        33.272001238384796     
   54.926148412255252        33.542543528246391     
   55.083336773679662        34.452252414921311     
   55.515561921945057        34.585896975462290     
   55.574576356573623        35.459244720191947     
   55.043738483885107        35.726345130532863     
   54.960601259746788        36.334712883359558     
   55.488063610335125        36.666484103858068     
   55.502592156332156        37.346779524916258     
   54.953832657620502        37.604144098934668     
   55.025769611322204        38.378838154626457     
   55.559803030700294        38.620085185991066     
   55.495203091813138        39.393934570668009     
   55.037672920815325        39.637958713112312     
   54.984168758230503        40.296543914295221     
   55.440762866639339        40.637787369170425     
   55.412043792121672        41.402510833286613     
   55.082791061653147        41.591505891203120     
   55.059070609266364        42.351924498189128     
   55.541621049538520        42.728962726134334     
   55.463575556080130        43.305630066045858     
   54.965492874380523        43.563678641082710     
   55.031382225558907        44.344798787193234     
   55.443243853127498        44.587341513626434     
   55.410814345192080        45.374276537717940     
   55.046531810172567        45.578673239467342     
   55.083436911052132        46.469085505940825     
   55.529929914736400        46.661032795629957     
   55.585749218068095        47.392164974273562     
   54.959260553946208        47.650950418729899     
   55.060864129376441        48.443599010313321     
   55.425304132427193        48.565238503858829     
   55.571051192961718        49.418558300388298     
   54.995287082032043        49.691704041446563     
   54.928121950946384        50.354831687973565     
   55.420098925603909        50.597087400300666     
   55.527602003070662        51.402004691022704     
   54.998123048370502        51.665724347030974     
   54.924500530975955        52.371361424983320     
   55.422179750770944        52.600101909715811     
   55.548755995204417        53.390377422782407     
   54.994448349520425        53.648193470457194     
   55.070266083885258        54.458831795639298     
   55.419073839726821        54.585389105906081     
   55.588310508301831        55.420841260364156     
   55.014539980849065        55.685938386552472     
   55.004265028062953        56.332088748691277     
   55.511031548128898        56.658905605437241     
   55.449278237161003        57.319611123318509     
   54.970757572636387        57.568067963754480     
   55.045806565365098        58.394180419213974     
   55.438282754227046        58.577596803157668     
   55.485141502395052        59.329035329860076     
   54.930848559274082        59.585990006131048     
   54.994531320241897        60.333186908575385     
   55.518986618506489        60.596836391578726     
   55.442793175696202        61.334767436662567     
   54.988820570739783        61.577647372456170     
   54.942895878643711        62.360274468031768     
   55.449737913125183        62.597789926969895     
   55.510201168072690        63.340517486200461     
   54.928654041468782        63.600012952375913     
   55.046255125537094        64.383072986184231     
   54.473046729870568        64.645246393666895     
   56.442272888149326       0.56373991765141596     
   56.590004241579400        1.4578126380294709     
   56.068488385843196        1.7167375360474015     
   55.921652615889478       0.40941529421573708     
   56.024902354224849        2.4145205749436851     
   56.504051459708968        2.6681447543614980     
   56.558404165103951        3.4459201058043019     
   56.044598318803871        3.7057215507924641     
   55.979893030975077        4.2859065866541197     
   56.502959289980602        4.6976271706784178     
   56.437143398504418        5.3072570571320412     
   55.965051175259411        5.5546181991809656     
   56.018256256753808        6.3841653140960490     
   56.442365194827993        6.5757500490411829     
   56.490100077912494        7.3384845616729120     
   55.943269054695513        7.5946405994885788     
   56.033227423325854        8.3918514887919624     
   56.519214166617161        9.3218788102582550     
   55.932385352198075        9.5924918328034323     
   56.573732570299207        8.6146273926818768     
   56.059676705257473        10.450058255170410     
   56.420143696721013        10.555090346539833     
   56.587689951330852        11.422125548239098     
   56.017661309824504        11.685653648501772     
   56.014361776131771        12.400080589432701     
   56.580605069327341        12.671778231677340     
   56.543085124088940        13.380331379666547     
   56.002531991034232        13.640776181215340     
   56.069110425480979        14.403588845978510     
   56.430154895696660        14.588865360819305     
   56.483886215512534        15.360000420611044     
   55.981515510549684        15.608957594794225     
   55.996458617712165        16.434293924975773     
   56.464267291366461        16.597815458306290     
   56.578943847382646        17.381078492609785     
   55.940550473140902        17.638333200409424     
   56.053046255173051        18.418683952883956     
   56.493482023640027        18.574804199666659     
   56.529356182822809        19.350148974322906     
   55.933358432994709        19.611335194288312     
   55.975357406900500        20.362549090044293     
   56.573035597064255        20.607584413235131     
   56.510720625567956        21.337902827496748     
   55.967207138398521        21.602053910756897     
   56.005497863103933        22.355036284461349     
   56.505336870540532        22.610374987006136     
   56.465112977663978        23.338148422815216     
   55.968170936221242        23.591511902854993     
   55.936201361156243        24.304014253710598     
   56.416350763748262        24.574096666531148     
   56.434617259965471        25.375055958598885     
   56.010846164073889        25.605742049369447     
   55.922765880377241        26.397986608589594     
   56.554653829230531        26.663347822783884     
   56.582247450317205        27.372323293938742     
   55.916781091882150        27.635328437245263     
   55.919399514588960        28.337971211857177     
   56.552816371323857        28.592334105560798     
   56.500388792005303        29.354033968244057     
   55.985337871421237        29.611527151917137     
   55.981398957438550        30.308874723357651     
   56.518755890651100        30.650800939637513     
   56.438332389042671        31.274821911144784     
   55.917956427870436        31.541120723873860     
   56.093626185925167        32.459023696952116     
   56.475694098483977        32.570983393583461     
   56.585134349162239        33.463360589194274     
   56.047557793974811        33.732405554841094     
   55.965396529017148        34.343849466583059     
   56.524653517580902        34.689334317813724     
   56.517269258422381        35.333277012393729     
   55.922654467118065        35.599276581740838     
   56.081374161273622        36.402825901590681     
   55.996240611609579        37.622439324900760     
   56.584477486152878        36.608420900920557     
   56.508464854332551        37.360972266209103     
   55.952933912367790        38.401784616364182     
   56.406835359247623        38.586890731728403     
   56.562526091233288        39.359373759975234     
   55.918164078934140        39.618107389748602     
   56.045580899724051        40.369932364667712     
   56.510699131182548        40.574131633760750     
   56.461956112085886        41.324166823060587     
   55.958441102603544        41.578401376787120     
   56.083882331232267        42.458216847904154     
   56.428022184244163        42.573596669905470     
   56.580144895143874        43.415990500492740     
   56.000961625203978        43.683200760484610     
   55.971934918899130        44.326468451690502     
   56.548897895125570        44.670408570382641     
   56.472950312973012        45.367981117960930     
   56.034523285468445        45.604016704874724     
   56.045209161126969        46.409163581958161     
   56.541136159299988        46.663737831152538     
   56.528285732880960        47.362614822828164     
   55.962322874795618        47.627690223110946     
   55.950508745293099        48.308338289895595     
   56.532588784224522        48.634732584356840     
   56.445313904708037        49.393279438062855     
   56.074212510658285        49.603285071875831     
   56.036682571795055        50.327967986230547     
   56.545562874592520        50.735828941171476     
   56.455182202022122        51.313728067427760     
   55.991236641921354        51.562662371024942     
   56.019458019752726        52.338519031249540     
   56.470789760929478        52.619305132064852     
   56.426069519056675        53.307288729289859     
   55.954030347043918        53.551744251889644     
   55.982678273739793        54.324080941236183     
   56.425713923200391        54.567587833491864     
   56.420076853760108        55.361742949364711     
   56.021480966463862        55.579508930512993     
   56.017986151530557        56.401680279009391     
   56.482998031365106        56.626774826448418     
   56.529388296131373        57.424291156763026     
   56.040041678519998        57.674703298851696     
   55.988899250189384        58.312698498260382     
   56.416406587233951        58.616874510808415     
   56.432826657321954        59.408027099649807     
   56.054503231658686        59.621655156196177     
   55.954296658309282        60.357024166275288     
   56.417149420558168        60.620730031640996     
   56.529783043523501        61.356860856554057     
   55.944575977531258        61.616897176224910     
   55.991142370802379        62.342513019382096     
   56.447331978656109        62.566260117505259     
   56.443919229679167        63.310399299684647     
   55.929710887255133        63.564324011771241     
   55.921652615889478        64.409415294215734     
   55.574275245980438        64.607915233458129     
   57.484933667948773        1.2864557019491956     
   56.916726554344109        1.5629493353965693     
   56.943234477724353       0.30950274372282349     
   57.562849937328217       0.67150410169897801     
   57.078656116567579        2.4073571219542536     
   57.476173170444440        2.5637838837296036     
   57.493938774118448        3.3548257373209811     
   56.971260543900094        3.6082173217295681     
   57.068532493377042        4.4265124452007942     
   57.559744744152304        4.6261081025609885     
   57.537052231525116        5.4424642316592582     
   57.063245267730899        5.6917328682720596     
   56.994526554976559        6.3069376094375142     
   57.501671786932668        6.6962286257323367     
   57.455492855191878        7.2893434862807549     
   56.916991009256222        7.5522371525977237     
   56.936812850142871        8.4099972557652567     
   57.478146259639004        8.5636844004779444     
   57.570399052834290        9.3729525246492607     
   56.921776255067343        9.6344574336406534     
   56.926219714387827        10.302152547384869     
   57.425829382956643        10.547328495860421     
   57.426490864632662        11.290955630388952     
   56.912353318975853        11.543491985453684     
   57.021829396844893        12.436820799699396     
   57.388214773942522        12.536686500579187     
   57.593078988004521        13.422029477141962     
   57.018581209273172        13.689494005212495     
   57.002111198060973        14.325687995615919     
   57.542205413330755        14.686169217830930     
   57.459480769921242        15.305377732688893     
   56.965267425707488        15.562174874917567     
   56.977622655179630        16.345371699673951     
   57.535064813659240        16.624676024171588     
   57.479284984763645        17.341704230746995     
   56.972986094675846        17.599414960797549     
   56.935575412147053        18.340613170436203     
   57.559298492803229        18.643149703283044     
   57.508590715095139        19.338484764750504     
   56.953191971997803        19.606793363365256     
   56.927640906281198        20.406205154934955     
   57.427916116160148        20.573489527473697     
   57.577377046358706        21.398157557862337     
   56.972838502870111        21.663943073854512     
   56.963909428053427        22.369894644020167     
   57.413803563515472        22.569812953314099     
   57.509024556884427        23.366317697825831     
   56.973352883842672        23.622726467140911     
   56.975084424364496        24.313289204248484     
   57.478679121294888        24.613127015158263     
   57.425141262246299        25.332876866629480     
   56.992902832949163        25.564696972695433     
   57.029830860967394        26.421349201031312     
   57.465046420349793        26.601865924806383     
   57.540619917768453        27.349662020888715     
   56.908052208579306        27.612015452112828     
   56.915796696555731        28.387979091540501     
   57.449136152188657        28.547873099255671     
   57.558128445652230        29.434431888637906     
   57.043783407626087        29.690908841752666     
   56.996742085906583        30.397296688719557     
   57.565515313417592        30.687440206603423     
   57.552973785583383        31.433775152889144     
   57.032344435600962        31.697832692094725     
   56.956811893146394        32.318790815242480     
   57.503258315583672        32.670774926089649     
   57.481757381011370        33.374534143703414     
   57.017395311850230        33.615132091679492     
   57.081109891887230        34.429240538431642     
   57.446654781491155        34.605836612844854     
   57.518564152804935        35.354812239629254     
   56.936899872823254        35.618412249743166     
   56.920316916179672        36.415224576329010     
   57.451642378117015        36.573366394306412     
   57.587484316150615        37.397887592374524     
   56.966316605279196        37.658651549266892     
   56.999320668194137        38.324390736363320     
   57.494407009431065        38.615173668778326     
   57.422845999639506        39.325827467344958     
   56.979021588581972        39.565623159589137     
   56.917942415541127        40.350021779243015     
   57.427638892022216        40.584456273463466     
   57.519378408755820        41.425681001949997     
   57.047760230345112        41.672726888019788     
   56.985466274393247        42.303374465972688     
   57.409578164664069        42.618303000127518     
   57.428460086448602        43.358134847798517     
   57.010589584422753        43.582711034101663     
   57.010844631957134        44.425960325778298     
   57.451880678207992        44.607706277270189     
   57.564280015116466        45.387571401213705     
   56.970932396548157        45.647334383593716     
   57.030263642873663        46.416771073244064     
   57.453795805758325        46.580655138987943     
   57.532962086170329        47.346246644724900     
   56.916326514282964        47.606042843731416     
   56.965002121203028        48.400474363353290     
   57.517382260876879        48.569322772028606     
   57.552350979622901        49.415409774772407     
   57.031780598293942        49.667753285999481     
   57.075052909837886        50.466393908955638     
   57.451682269509760        50.618029904319833     
   57.589658079646512        51.409419906685258     
   56.985109854283586        51.673440877360079     
   56.989147252095215        52.361629962778196     
   57.547390638009297        52.640697538737989     
   57.493034155931483        53.428648093210498     
   57.069887232284245        53.661590021834627     
   56.990074022609235        54.292607483056578     
   57.514427520930177        54.715512894887190     
   57.447612294818484        55.347690278340323     
   57.014522077643541        55.581620834560944     
   57.020631874667309        56.370398298428093     
   57.557631204717836        56.669451495493327     
   57.497031834797987        57.354100364807202     
   56.999052890394864        57.607549530934591     
   57.047361855251687        58.354430803078081     
   57.432269054194862        58.599254332523728     
   57.414403525218738        59.359435311544530     
   57.022190857528699        59.574977002604022     
   57.071551835729530        60.363962221167036     
   57.538175278816318        60.691142830609799     
   57.446863521336645        61.298490934673083     
   56.965104567800303        61.553937777396058     
   56.941590192175305        62.316441785759991     
   57.461771796839088        62.593121689437957     
   57.449631181982873        63.355167677395670     
   56.988856482303191        63.596854155664431     
   56.943234477724367        64.309502743722817     
   56.442272888149382        64.563739917651432     
   58.486588206887376       0.57446018891258732     
   58.579504529361209        1.3849096678943293     
   57.932563664716334        1.6489403849001483     
   58.000093321857555       0.43447934504908359     
   57.921886095496447        2.3294187527382766     
   58.538503837465633        2.6034275597093592     
   58.485389369063078        3.3886656706808598     
   58.031973502155509        3.6299811349633631     
   57.977367637427676        4.3991464744270319     
   58.563100598025777        4.6758195272441982     
   58.562424245493176        5.4377308281255070     
   58.065644781060186        5.6863085903969974     
   58.085156369215497        6.4254252328660995     
   58.467201271775664        6.6411013338504068     
   58.515069417411929        7.3580633084623361     
   57.944163760263983        7.6219667041743442     
   57.918708627793187        8.3297685236309107     
   58.504508613257826        8.5981737682699286     
   58.483386074890099        9.3919288728586192     
   58.016298922970968        9.6385276936697135     
   57.947473805127736        10.285124423877484     
   58.470704309739830        10.647519784008146     
   58.433962314615520        11.329663145672830     
   57.966868490792720        11.574690322944054     
   57.922383210467594        12.272081215925645     
   58.483273893547540        12.623040296413290     
   58.413807317739355        13.358983381851179     
   58.036143822724249        13.570519163678489     
   58.024922196102814        14.432493094177410     
   58.519128856100146        14.650680741200924     
   58.571498547937921        15.427472090109697     
   58.017348850188540        15.691322648547274     
   57.973047069229018        16.388778806409245     
   58.507675847068036        16.643595586032426     
   58.540985300351522        17.360408632972195     
   57.941731295184304        17.621949941543342     
   57.980655876849767        18.415301068045213     
   58.544744917055731        18.596376935700370     
   58.567169494751994        19.426511397653769     
   58.020296975607693        19.690536675953936     
   57.975571436611943        20.307932050243505     
   58.441799189778060        20.625207280025034     
   58.431781031222251        21.301248647968325     
   57.929841779055550        21.551269802615028     
   57.969472343351683        22.312334825201198     
   58.443146546941193        22.562763894802380     
   58.413148757891449        23.301077492009323     
   57.944015791178167        23.543493454736637     
   57.970421759052556        24.362300633744809     
   58.425847116301220        24.556363732498326     
   58.494421416623645        25.432039973005551     
   58.075519673664701        25.660041684732033     
   58.014510518963419        26.336083082244414     
   58.470973009692635        26.667297919352009     
   58.461702345386065        27.347658862602682     
   57.967835643272117        27.599769408188543     
   57.918578880661592        28.303141684019629     
   58.565186917198531        28.657223499385452     
   58.474289777952350        29.397856859767725     
   58.077275600177401        29.618874728262814     
   58.060341946301804        30.437482980235071     
   58.486038855732495        30.657259957165479     
   58.562793436302485        31.426794014436922     
   58.040973652894117        31.679612160110654     
   58.061635800226355        32.408195424928877     
   58.467927002323862        32.629266877179020     
   58.506220270105487        33.402634504995099     
   58.033262361945617        33.645270343001926     
   58.019154507731976        34.343200614613586     
   58.550255469321584        34.694169047464648     
   58.463091585589886        35.390231836714349     
   58.052097241855002        35.619996136637475     
   57.971725708547346        36.309608194789739     
   58.427308572762598        36.628318318610745     
   58.452720460745908        37.342150964023887     
   57.970040126265339        37.587326568076421     
   57.960048784379090        38.369807797535557     
   58.527977747575854        38.617855214032431     
   58.516916314778257        39.439001626888725     
   58.074178731477971        39.675847729552302     
   58.016571656744915        40.312460135640762     
   58.446117401925520        40.659568119692565     
   58.422806758652420        41.381749621082228     
   58.051835088022756        41.588720240184095     
   58.065371606961783        42.354770054399985     
   58.544126441443602        42.717629591034658     
   58.449951449700848        43.309762304340687     
   57.988961153348740        43.557941431463391     
   58.007338568394346        44.348876907877099     
   58.474338360079400        44.612330657021587     
   58.451589649820939        45.330132033822593     
   57.963596254152868        45.578190638006120     
   57.962390543929686        46.329498995042115     
   58.470911616541230        46.594440458025474     
   58.452180853151532        47.381575769782955     
   58.013833757511236        47.618510925519047     
   57.930283217681364        48.342557094463444     
   58.526508033789668        48.660137741293873     
   58.517834438612844        49.439961723563904     
   58.082706403884629        49.672647369948038     
   58.041696845516917        50.348337697929587     
   58.559471618305047        50.737501855127356     
   58.479473908328444        51.353842280737595     
   58.017167222293274        51.600815141229283     
   57.988219135552136        52.405065745915245     
   58.497035794132756        52.632367993033746     
   58.548757748525738        53.359164272835052     
   57.925381746798109        53.620930856012976     
   58.100361269110770        54.438451840839569     
   58.471448789742723        54.562233311550493     
   58.541823502225242        55.431486370399028     
   58.053349774673798        55.679517836869636     
   58.020109768995042        56.425007663487108     
   58.437354671505531        56.625054296732344     
   58.578538221452746        57.451682111299270     
   58.064170652086865        57.710508876329165     
   58.015811627779875        58.325808233286800     
   58.543759472146618        58.723427987738063     
   58.460820392811058        59.386457709809250     
   58.064945899099143        59.607480556113309     
   58.028604863808305        60.432332816419304     
   58.497424746083631        60.657986708693421     
   58.573616220743126        61.413554560587706     
   57.996337379514202        61.677788828801461     
   57.974243591347722        62.338077299863848     
   58.427936859102822        62.592724687535110     
   58.459554661768912        63.318349932451014     
   57.932230647401312        63.571728403536824     
   58.000093321857491        64.434479345049127     
   57.562849937328231        64.671504101698957     
   59.555110003558418       0.67582507003919201     
   59.503911011535855        1.3627018928796897     
   58.988414744057643        1.6232658690063140     
   58.944912104403251       0.33192339941318572     
   58.943234226448226        2.3808340961139534     
   59.413555540089853        2.5839142230842311     
   59.548409544011534        3.4149710039734367     
   59.037382021826936        3.6677183029769060     
   59.042791000327625        4.4313486106362783     
   59.548083114173252        4.6642847475293880     
   59.560688445746472        5.3997360443424842     
   59.003722509719488        5.6584666365452527     
   59.054883847836756        6.3813054086270293     
   59.565831009517865        6.6668321888785700     
   59.486359771472166        7.3549604814893828     
   59.004395972047462        7.6083524262607725     
   58.960698690459822        8.3579799408097113     
   59.471871075515402        8.6181063060204526     
   59.505769011984498        9.4226861446761259     
   59.064834734669603        9.6557137563032853     
   59.044797537854706        10.377780708556436     
   59.433348443265523        10.626482827072167     
   59.476112099642755        11.318628809286874     
   58.919058463292451        11.576037925677312     
   58.974543431781434        12.370971235710620     
   59.497592014402095        12.566301587784931     
   59.503239526475788        13.347825364480434     
   58.957739390731135        13.605315957664548     
   59.031977083081671        14.400177872662399     
   59.428813062024346        14.563397138311677     
   59.504853771816556        15.329876603346447     
   58.913051094151804        15.589384438808844     
   59.029693469195941        16.390264349353220     
   59.538473118415254        16.576188929822113     
   59.508959892656293        17.383935961452202     
   59.001262232711561        17.641215022840083     
   58.945513249656642        18.376265777178077     
   59.485075814760663        18.624671325091789     
   59.539443963662485        19.412859668962611     
   59.031257584192446        19.663441286929032     
   59.035918313860975        20.358381436676581     
   59.432826770465020        20.612650016668837     
   59.443016845628584        21.314640393211885     
   58.933918534977494        21.566754276256596     
   58.926999187070365        22.315264343156542     
   59.445526779853381        22.563600563590683     
   59.449033901675193        23.347456927536733     
   58.978957583295106        23.590592273566436     
   58.949439061407759        24.300132508404793     
   59.483335463280127        24.622042147960759     
   59.432801423930520        25.331078442386278     
   58.982452321923255        25.569797397985479     
   59.080994907311961        26.402674028503451     
   59.542524349255984        26.641231221177453     
   59.490312590240265        27.335512923651756     
   58.967423758886994        27.594797373692195     
   58.980810484530494        28.428962590595361     
   59.501848598148193        28.602681161981025     
   59.584340846623668        29.437881025162696     
   59.044581378179558        29.693387054965097     
   59.072810246991423        30.396991274435443     
   59.525389801964764        30.668814625002071     
   59.488112477062728        31.338524131308048     
   58.968493191113879        31.594864870059798     
   59.030336267694345        32.371110050390669     
   59.431187973826390        32.572717686403045     
   59.462009719961159        33.428026251378945     
   59.092125378206170        33.635100797107775     
   59.045367688911384        34.435655604166136     
   59.543164213722932        34.696477577047034     
   59.575392079574868        35.391082779462153     
   58.971661392226892        35.651637210829840     
   59.061234297507610        36.368080118017730     
   59.436680600276610        36.579676283605842     
   59.423889737558063        37.288198691022444     
   58.914962998956163        37.539925297105682     
   58.970005805942250        38.384789897589009     
   59.467996705362111        38.554444427663356     
   59.521845071444837        39.354715959564999     
   58.943510343475758        39.615215399878998     
   59.082426053823887        40.391935998447018     
   59.541605956307073        40.611562248882677     
   59.468754491275810        41.395675975712784     
   59.066014091019845        41.617521641608754     
   59.053233095791605        42.452721764754408     
   59.439712615355823        42.630796915531029     
   59.590041348677822        43.412621043466949     
   58.993287985436595        43.678090175323213     
   58.988773098388585        44.357260233418152     
   59.492541119326759        44.620628162997441     
   59.481497353086247        45.365495361705705     
   58.993366893381641        45.614067131472808     
   58.968987782984200        46.342798321550397     
   59.451947863523984        46.602126816546289     
   59.473676731592285        47.423150337844632     
   59.080659046057356        47.639268893036444     
   59.046351372108759        48.402856653235290     
   59.532024766796212        48.689810504201148     
   59.528660729114904        49.412657481976609     
   59.046999751521064        49.657187116032233     
   59.087937833966350        50.471820902782142     
   59.466068305336606        50.632154551779465     
   59.591081310266112        51.422712641222226     
   59.010746382151055        51.684734940529694     
   59.019699104673464        52.379011437231355     
   59.524259211554188        52.644288314561791     
   59.495236981519760        53.435045851262657     
   59.059667797592404        53.673737979835224     
   58.964521326993761        54.303977580291551     
   59.455904839612806        54.657770783169440     
   59.467592040870741        55.314493832896119     
   58.919657220747744        55.573284025255042     
   59.051864850387545        56.364519149823721     
   59.555175975281422        56.607826292480645     
   59.455197141963794        57.375390113352843     
   59.058443914352317        57.596486259529065     
   59.078658057749195        58.456358291459999     
   59.440454307613876        58.625807514170354     
   59.572143030469483        59.389080760953938     
   58.969636290252339        59.649312701262666     
   59.061401988026915        60.400184245524215     
   59.539701327269832        60.618499322118851     
   59.501973779631847        61.318685967533803     
   58.929414058269487        61.584270692162271     
   58.995541071955905        62.333937217199605     
   59.560763628245368        62.616500203832189     
   59.456386844547033        63.349320678581911     
   59.013796880286968        63.591981370033338     
   58.944912104403237        64.331923399413199     
   58.486588206887355        64.574460188912582     
   60.534776925326661       0.60956571877936971     
   60.565072227588090        1.4255700377686504     
   60.029253019606372        1.6842275824944892     
   60.027042161793112       0.43081110629208097     
   60.007191116462693        2.3171610445119626     
   60.462984897862285        2.6454964398139098     
   60.412598204917280        3.4035979227754654     
   60.086320930815212        3.5917956347183493     
   60.045285519246207        4.4132591516272814     
   60.428078591665013        4.6302875364421636     
   60.540927846004550        5.3794358116249130     
   59.975378635761700        5.6393928344722699     
   59.995979608142392        6.4334875252015955     
   60.477758365403034        6.5980318797415363     
   60.578435950523655        7.3875462876193989     
   59.953627956705276        7.6464698169631600     
   60.007494538580531        8.3633004593913576     
   60.527474364822524        8.6053231427028791     
   60.475647489369443        9.4061481309058550     
   60.070851203079428        9.6275812322256584     
   60.068677511991055        10.362082663236567     
   60.487857810301918        10.679655339144379     
   60.440507232565921        11.297902172462086     
   59.931702607969285        11.554925173158692     
   59.914243547374966        12.341660847197907     
   60.496090833053131        12.581420077172357     
   60.496940800139377        13.319459078245803     
   59.913418223736329        13.582452016519131     
   59.946934674206929        14.311635996918531     
   60.488227934610826        14.569072248706044     
   60.437269721172591        15.305501968637506     
   59.939049491626953        15.559770032032098     
   59.907599848846495        16.369461842043840     
   60.570062688788475        16.613600334974134     
   60.545960895822830        17.412442194839652     
   60.035817551769505        17.666985066540448     
   60.020637483864263        18.367294589275346     
   60.494916282966756        18.649486696903548     
   60.480929053283084        19.420050724061916     
   60.074827608814147        19.641657719336738     
   60.041676619830469        20.342058088687285     
   60.508666976034526        20.698881824968989     
   60.446068599499768        21.366589174838325     
   60.020963666730140        21.599445044595658     
   59.956301635736054        22.305735771435746     
   60.441420768810197        22.621127870730266     
   60.444532901553714        23.330499949834053     
   59.963440017097803        23.574887151770305     
   59.982895021083941        24.369174030234102     
   60.574064546454430        24.633592203394983     
   60.517192056922312        25.341851244399862     
   59.965447353920936        25.607712049266382     
   59.983642477606473        26.406207013458520     
   60.408323302930263        26.564630004248158     
   60.551312300981905        27.384847160297525     
   59.973957530706457        27.648657484492894     
   59.966749651775750        28.362360108125266     
   60.585444361432693        28.649210792440876     
   60.523138746800136        29.346885231743421     
   59.976834851555289        29.611852086062314     
   60.035792128857381        30.414616216464470     
   60.456734538366995        30.586826614331866     
   60.533422450436923        31.423310359788406     
   60.035912977416288        31.676290200283514     
   59.984175033285808        32.306771176333861     
   60.430358203044172        32.626472239333019     
   60.427482266975154        33.358630743979610     
   60.012218443565658        33.582778013087221     
   60.091142013097993        34.439995249532295     
   60.438495758008365        34.601336479473382     
   60.532821124535467        35.388807945751054     
   59.988456103164850        35.648604813096760     
   59.967301015150433        36.320412393537701     
   60.426925053834204        36.590192454350600     
   60.439194515016915        37.401644868411530     
   60.040304645833011        37.624045901245417     
   59.947226311163924        38.302167596265377     
   60.490642471299935        38.667783206980133     
   60.469732679183899        39.379933868794986     
   60.013818817579114        39.621299156178424     
   59.950951817753371        40.385433844392544     
   60.410725648983529        40.596891284264565     
   60.564643084951562        41.449848128930768     
   60.089027957095198        41.695904109526367     
   60.072639538376833        42.363474031807968     
   60.454273385025004        42.662985779029235     
   60.436410067974400        43.320791946669999     
   59.959256966770781        43.564927254751879     
   59.991180263035787        44.371288706604929     
   60.470628089987756        44.584576814263485     
   60.491977797089291        45.370470038168051     
   59.994401182849060        45.619063641887728     
   59.997708462223706        46.343556758617936     
   60.482223280695315        46.620286499654441     
   60.454416235276170        47.337904115682591     
   59.975683297302403        47.583633812812558     
   60.079708205016111        48.431119059180268     
   60.458533491594075        48.589938854304819     
   60.530341008466550        49.425277860619275     
   60.056595338115983        49.668067583398859     
   60.046454451620818        50.368290622143419     
   60.437082818919976        50.627177972319508     
   60.457749321862472        51.337100618536965     
   59.964604608225180        51.583750597379165     
   60.005518246837141        52.398659297101339     
   60.542196861769689        52.615020897255562     
   60.531215733629914        53.441138848593027     
   60.088023889911369        53.674750188162164     
   60.095831690233958        54.392240513259402     
   60.516102047625019        54.700446091756646     
   60.465703070702325        55.362403215631886     
   59.999728246776613        55.609516623413143     
   59.928592955722472        56.395234084446109     
   60.550866000157441        56.652378334592328     
   60.575153004530421        57.439962676838292     
   60.054428872895016        57.693744647393942     
   60.057265106913654        58.361699234370541     
   60.455746890751612        58.643503163339936     
   60.435220351471180        59.365608953937389     
   60.015353567254095        59.593021964897005     
   59.967908269577165        60.387285226562760     
   60.480549044056517        60.626075347875080     
   60.536728736303459        61.347128383515376     
   59.910086725226151        61.609689545468420     
   59.922316629492300        62.409967846644072     
   60.494008817061058        62.564266734456972     
   60.578091399964549        63.394478983658061     
   59.968984432914880        63.654020988572384     
   60.027042161793041        64.430811106292111     
   59.555110003558411        64.675825070039238     
   61.579271361721204       0.64247889016261972     
   61.544680266936254        1.3509706932838821     
   60.952909284007852        1.6180864794877914     
   60.961461305266923       0.38159457691386811     
   61.029162479497792        2.3794849716768858     
   61.447968738740038        2.5681495350548795     
   61.477527771849338        3.4087464808172783     
   61.063006665625856        3.6318929810190101     
   61.083742211458457        4.3713458792954913     
   61.457183492276663        4.6541174419326170     
   61.419235581943660        5.3951788664209923     
   61.061830286781088        5.5982770344583628     
   60.993368218879986        6.3389378109540591     
   61.448681777035262        6.6398103214468325     
   61.472953915017520        7.3353703324147705     
   60.946603985568217        7.5905185736476355     
   60.943872517271444        8.3794484612734141     
   61.560388950800430        8.6118946353122645     
   61.539828856647176        9.4268608174559212     
   61.064263572742760        9.6709161068565663     
   61.069852235214583        10.408430755008816     
   61.486662782723890        10.653998050031431     
   61.505002455602501        11.387055416494894     
   60.997907084064430        11.641988901187183     
   60.947176037889498        12.342885670698660     
   61.434454037346796        12.599092976953745     
   61.491639302468435        13.368221854855959     
   60.971738532229566        13.626094664088450     
   60.918752571211250        14.335876734573901     
   61.582728414583791        14.657802307300280     
   61.517467777254105        15.383582827622886     
   61.014534828807740        15.642785880930528     
   60.955312105845763        16.399242518034704     
   61.535750027826396        16.654179193397805     
   61.566736773298317        17.399722559938240     
   60.994048089631967        17.659551275692518     
   61.033853574285317        18.391558800985706     
   61.515876671064973        19.339442907024363     
   60.960474192933283        19.605253161334002     
   61.567378257438826        18.650001454410340     
   61.076154706871129        20.428898926114698     
   61.412546734226581        20.561063828161419     
   61.529958685158256        21.381538397818055     
   60.991115680142308        21.637350456839506     
   61.029250267750484        22.358191889319396     
   61.471609240349224        22.610714525460001     
   61.443163986925285        23.407234204138252     
   61.062466238785099        23.620763315797998     
   60.979260410372213        24.408685794296478     
   61.477693392822701        24.653689158051570     
   61.575765500372064        25.398660558290022     
   60.969958432819020        25.662894146985185     
   60.964172793118522        26.303187591300734     
   61.403859409756315        26.568958398733514     
   61.406344855823249        27.308190536387858     
   60.949864447991139        27.545461584840890     
   60.975376267825879        28.432905232546968     
   61.433064965684729        28.571761097028347     
   61.597686946921570        29.432857642663819     
   61.016895947957899        29.701659409355329     
   60.982528761356058        30.329151279390548     
   61.458000297274381        30.626735645145192     
   61.452648820321059        31.379295377949507     
   61.033605787753608        31.604415921812201     
   61.049668911120897        32.359923551953862     
   61.483419992727775        32.650200193430365     
   61.444248835067157        33.284641401510413     
   60.910340389249242        33.544877648058026     
   61.006011324993381        34.343167847973682     
   61.407064197376897        34.529423160656741     
   61.429452773665716        35.351510407943202     
   60.999493820751809        35.580381744695721     
   60.995306010321357        36.327291034981428     
   61.413190118380548        36.587298006171480     
   61.424168893594484        37.376545169942418     
   61.040656551268150        37.588147585634161     
   61.065444261668191        38.403033259956487     
   61.482983638875581        38.640310179382830     
   61.494851696732617        39.375025360874780     
   61.003410328373654        39.621765600964473     
   61.023993838602735        40.334226489017226     
   61.513657115891760        40.658255514121649     
   61.426144721178410        41.362302037578196     
   61.046516259685305        41.575992192013295     
   61.085050523054470        42.395418329510285     
   61.531171913255370        42.682043919452504     
   61.475353201754331        43.367246403673136     
   61.012167593941918        43.612189990280385     
   60.968026814752477        44.332997976279117     
   61.464159004800578        44.623144833255516     
   61.467883785983616        45.400618700438329     
   61.047827605428104        45.627531025292441     
   61.005221217076375        46.360094476380937     
   61.422667859244427        46.613586353970618     
   61.484600215595194        47.360732260334323     
   60.979799676149113        47.610976982151513     
   60.976523729451941        48.336839140125832     
   61.552610096595330        48.648669292987677     
   61.471571116495397        49.405777005902252     
   61.082447746272429        49.622788773053443     
   61.064028384586237        50.358964742100540     
   61.555283579966897        50.736498529633515     
   61.472473448154290        51.316736596902324     
   60.977667559552394        51.575373682960105     
   60.962526590983018        52.388839686783591     
   61.513989171353430        52.615158955819481     
   61.539361396399521        53.390410906430006     
   61.000163336675698        53.646057364926435     
   61.080974462838469        54.433569216927488     
   61.553225822108047        54.641891791436088     
   61.538375365618130        55.385165292469139     
   60.999595887549184        55.643919070179365     
   61.015383696631844        56.413030974434236     
   61.467634169235005        56.605872622531990     
   61.539613864825242        57.367289778454094     
   60.953830537134067        57.626326527217508     
   61.045723749199077        58.378441938967050     
   61.494496027060727        58.591725739319926     
   61.466311989239522        59.372650490652035     
   61.021249447540782        59.607641872372021     
   61.022968757729636        60.368825259176923     
   61.496954712965717        60.640646590152151     
   61.478853453578807        61.330159553905517     
   60.939644489866573        61.592082609404684     
   60.911325501971611        62.338514639570896     
   61.515970971250240        62.597815409244483     
   61.499834088383587        63.358772756838199     
   60.975711605426071        63.616076204840709     
   60.961461305266873        64.381594576913898     
   60.534776925326696        64.609565718779379     
   62.507186870515568       0.59902869669443759     
   62.580054065276549        1.4526631616849268     
   62.039273157185796        1.7189855034081449     
   61.977898806043854       0.42406606943822134     
   61.974098802297647        2.3050399509083275     
   62.477548319432401        2.6646015178300084     
   62.452353855391202        3.2972797582131328     
   61.913367519516868        3.5581991404668321     
   62.056751882964718        4.3848534942271042     
   62.474020753955678        4.5606259237252802     
   62.470269699468247        5.3034190317003036     
   61.900277654467800        5.5676520222565742     
   62.068337569037290        6.3765003583651580     
   62.490555717939507        6.5623789483840422     
   62.450594144323802        7.3472823222464143     
   61.988228590398315        7.5898345870144990     
   61.951593821896751        8.3960895296153719     
   62.485857231427666        8.6124915558599113     
   62.554135235159819        9.3886987363248569     
   61.981717918708739        9.6470020335173032     
   62.055683080432281        10.394399910773300     
   62.501660375262446        10.611066712193459     
   62.485401592227795        11.389174534485559     
   62.031144266191546        11.627211631773541     
   62.016887462278277        12.335315685301937     
   62.540269339557099        12.690737430666951     
   62.465590374234402        13.272106007721209     
   61.914287012119502        13.542941204971020     
   61.990146687100975        14.434069909997708     
   62.470395947955595        14.560472961772913     
   62.593230635249519        15.447708863582145     
   62.049842656869522        15.707170699246564     
   62.033508904584529        16.404720923215915     
   62.431744397064207        16.617055157419607     
   62.524478256875561        17.358269646435311     
   61.948958617310574        17.617753790443381     
   61.986562907595427        18.422885512409934     
   62.509968346115407        18.590682894743605     
   62.573396415981925        19.437804018968254     
   62.027979751717851        19.702024210423509     
   61.978429431402006        20.292478917210463     
   62.473323877913238        20.660668273742047     
   62.423205790041401        21.305607748919037     
   61.956750392309381        21.549107183632156     
   61.982633240322741        22.357281604766875     
   62.470176448255124        22.584638236586976     
   62.476599926409563        23.341667478889793     
   61.961075385135153        23.594521098728539     
   62.070448501441930        24.394191138440146     
   62.564624917603808        24.634192452672345     
   62.493483390530990        25.336295911432575     
   61.976238337476673        25.597028706224478     
   61.972638752856042        26.305466927995468     
   62.444367306675019        26.597515443436190     
   62.405494152126884        27.408207446941891     
   62.075255500188852        27.599853934811506     
   61.985849367023221        28.298060589253410     
   62.535088304194836        28.725536923833367     
   62.466085962087696        29.325719352542713     
   61.982852588767642        29.577114156218570     
   62.023556337979635        30.365325792379469     
   62.420061423120181        30.576430130918791     
   62.456324075321490        31.352157385486123     
   61.988089826122632        31.592180393913655     
   62.027692445711047        32.388102281536433     
   62.017379308278649        33.656596584073377     
   62.582077341087135        32.655577326967389     
   62.515122614308886        33.395537987519297     
   61.942113887938007        34.262491552091589     
   62.483638098291216        34.669960195237032     
   62.415030741052291        35.396026130629267     
   62.077305763106096        35.590644955047424     
   62.021088450750696        36.313060935899088     
   62.429318639773172        36.645661124283613     
   62.414182951865953        37.295106715689045     
   61.928344942049897        37.542124155467754     
   62.034289000284424        38.382075010806744     
   62.570204710533815        38.609881797158003     
   62.503179763841487        39.337612365256945     
   61.972712211538656        39.599857473677865     
   61.998659223194899        40.405398109152706     
   62.586441194152947        40.637154065461509     
   62.551342762484119        41.451105598187809     
   62.091001644428871        41.692797683008976     
   62.055917508475105        42.419163335624802     
   62.512356997686901        42.682518562710307     
   62.543590848456823        43.380637056974443     
   61.977678339845184        43.639726714821741     
   62.016032000271608        44.364287297759752     
   62.524100950606041        44.624478863999911     
   62.474187296168381        45.373260466521053     
   62.027719348835795        45.609657100793122     
   62.050313556779408        46.352244638361846     
   62.412515526142023        46.603074417928688     
   62.412346251456519        47.343590874100791     
   61.996744296726014        47.567838510627361     
   61.981857956829757        48.415769605886808     
   62.586434783269866        48.654624750298353     
   62.576362647300641        49.380400409222432     
   61.966290350708476        49.645374065374142     
   62.085530842860322        50.467547176829427     
   62.499304075758737        50.597587451652785     
   62.589619510752883        51.416973639377574     
   61.991334372485767        51.681201945771761     
   61.981502104705150        52.374189601393411     
   62.577383937735668        52.656803904707431     
   62.525130736160996        53.396610297544598     
   62.031676219104178        53.649733936702894     
   61.999722298072463        54.405760857953737     
   62.481198277729639        54.634350498216591     
   62.545234824819694        55.359537326950473     
   61.932818614245356        55.619062669982554     
   61.991432196319920        56.353408979498681     
   62.494716007203316        56.576613583393360     
   62.465564610517411        57.403807959501869     
   62.045514420663238        57.633554578561657     
   61.969091461173576        58.342225311903633     
   62.436257254826657        58.625859250385716     
   62.495556457380324        59.380118247975410     
   62.007358872041998        59.625803300692347     
   62.019176068268465        60.384793724065148     
   62.521844422021033        61.341253290151528     
   61.957704855763524        61.611118130724400     
   62.577233941238994        60.667528822613811     
   61.947860291454809        62.367468055172502     
   62.428295635953148        62.568002246315373     
   62.511462211036601        63.359675118310001     
   61.960289635007342        63.617402233834909     
   61.977898806043832        64.424066069438240     
   61.579271361721197        64.642478890162721     
   63.535909415718614       0.58341529816964277     
   63.512806132053285        1.3199423715848178     
   62.910196261643847        1.5880234041663925     
   62.955055804710398       0.36469600839615168     
   63.067778176113357        2.3963669719191865     
   63.584863837398437        2.5976818727131423     
   63.514690445561854        3.3083462954010696     
   62.918836629571715        3.5850596181959031     
   62.914527078896818        4.3278099381761779     
   63.417291095631498        4.5401119940033681     
   63.473489011289971        5.3978443558959848     
   63.017321191509026        5.6415470156297616     
   62.930188351345407        6.3234671013249359     
   63.457355657996885        6.6298619551227542     
   63.490543791044615        7.3236636019190495     
   62.918687251188032        7.5826799295203982     
   62.990398180831548        8.3636142538381222     
   63.470340610242118        8.5559655312473950     
   63.480245734618578        9.3710301864223808     
   62.999339532569110        9.6166773869291049     
   62.977467702218192        10.366036300439099     
   63.553062973681762        10.653129428494521     
   63.512032196193111        11.417654199835514     
   63.065521354859456        11.654620538597113     
   63.038274899170830        12.431989970624446     
   63.443284555250848        12.631829780336183     
   63.567646613289675        13.393874645816744     
   62.958905492088327        13.664517957723065     
   62.918868269776553        14.322383591762311     
   63.408904794781265        14.566634933164456     
   63.468571154760383        15.315174933737941     
   62.914424377385899        15.573226459997542     
   63.045025634773914        16.357390655463313     
   63.511021291152851        16.583518815706693     
   63.441205817172886        17.316029737745197     
   62.965413058488949        17.564671313603554     
   62.945595681786550        18.359345493599704     
   63.507126936244191        18.607230066810459     
   63.508814842533056        19.387334083961761     
   63.017133231520432        19.634396494119674     
   63.044189659845188        20.392052197819794     
   63.476006088943066        20.621962133237549     
   63.490297242103892        21.341915700695630     
   62.949038749660950        21.599839788497000     
   62.953992483524758        22.339261523262188     
   63.465288990671546        22.578986334068887     
   63.468924056704701        23.388040491005079     
   63.024592335075759        23.624196236083808     
   62.968054608864399        24.410479595547141     
   63.424998150324043        24.609481195896951     
   63.580374495755443        25.414270343073078     
   63.003418523395609        25.680546495668011     
   62.982478284529684        26.334849000226534     
   63.452516276513848        26.611897136626052     
   63.453594906718585        27.391253529241759     
   63.049545798359354        27.610820642635357     
   63.090228713142707        28.455550999084444     
   63.482787220343980        28.640652050416868     
   63.560407526140438        29.399919223085774     
   62.987706682759828        29.661771138106772     
   62.981931541322737        30.315285968351912     
   63.439967351886743        30.599791172125133     
   63.419301768623988        31.288317834947133     
   62.920264161292636        31.538273736921372     
   62.986365760168738        32.433186176361907     
   63.414404555375924        32.549221642832521     
   63.604571510963822        33.463356766590039     
   63.083020145968646        33.722433118823233     
   63.056186592756028        34.395521495365195     
   63.546688185956640        34.705815822232147     
   63.518257825434851        35.342269637193986     
   62.950743357862734        35.607382879892775     
   63.073708485950498        36.380133462414385     
   63.564234727633625        36.634552560967940     
   63.460358711973619        37.402283370207222     
   63.064882365032716        37.627040570431326     
   62.956725248440058        38.390828646146339     
   63.526084415747157        38.684962715441912     
   63.571603967689917        39.362791112558192     
   62.911605726953574        39.619551471789883     
   62.971262815988908        40.423992719998694     
   63.583177692549164        40.583450261006121     
   63.589278545881101        41.427930525900315     
   63.033828620886439        41.686868360230392     
   63.090065218582950        42.422804582412255     
   63.540323329902300        42.662172325489230     
   63.512201132354996        43.394959916925842     
   63.022420696267815        43.646073118260730     
   62.980033626567071        44.382919863770717     
   63.428687849007225        44.605655542791567     
   63.530522687470295        45.386372261675248     
   62.996853259207704        45.641524099139168     
   63.020754851758397        46.337897691220576     
   63.548367478806441        46.670833183122099     
   63.444864717224775        47.368811655149422     
   63.055031911508166        47.588821453064973     
   63.006030652992060        48.427630995360289     
   63.559998645693788        48.682580398297134     
   63.583988814103250        49.443681017231185     
   63.031641362174213        49.710232118460155     
   62.975343445549505        50.349967346769049     
   63.493459964832610        50.653791536124274     
   63.498620468256497        51.378947218613291     
   63.004428125882683        51.627652784024846     
   62.995076159789349        52.430109925166825     
   63.490035516897109        52.621543167456203     
   63.574707422143646        53.371662465609873     
   62.924240355889197        53.627265331876764     
   63.033293168377881        54.377187518049013     
   63.463624092871392        54.554138550963287     
   63.472780562816872        55.339020675933639     
   62.950995258535606        55.595226401684847     
   62.926677723646790        56.345438757869083     
   63.558176717808578        56.622857357096429     
   63.507290549693124        57.430418224264621     
   63.089731686490815        57.657016674656766     
   63.071786954265903        58.359631328558109     
   63.515660325638358        58.713863277420998     
   63.450305282906932        59.322830161815361     
   62.981043599584417        59.569275087662831     
   63.004582421661127        60.437084171648081     
   63.547087339834370        60.626652823489884     
   63.582492763147272        61.369110369362019     
   62.915128265690790        61.626866862088157     
   62.954639383799261        62.314882270894969     
   63.403670646610912        62.527801294557378     
   63.420695666830717        63.295005770190095     
   62.919965874435782        63.543661034068094     
   62.955055804710348        64.364696008396180     
   62.507186870515561        64.599028696694432     
   64.413244939815840       0.56613095327356100     
   64.530024584290118        1.3530901983766805     
   63.923474344904292        1.6187083884224922     
   63.920745062168123       0.37006495841090059     
   63.906991483109692        2.4109905160612835     
   64.392226119157300        2.5489297303944487     
   64.593713930240867        3.3943970762581248     
   63.949795651361754        3.6653331217841649     
   63.926311925954948        4.2873539419721922     
   64.428415608560286        4.5747821662561750     
   64.414656171094677        5.3388618595121384     
   63.993319824684114        5.5650131484749608     
   64.040752326355999        6.3695016289284432     
   64.529186201612021        6.6453073936473368     
   64.464643580787921        7.3887109477482840     
   64.029518751955862        7.6271644584130671     
   63.942638048529822        8.3066970463517791     
   64.554604463777153        8.7010018089911476     
   64.493488114713088        9.3296878752192143     
   63.968490927912974        9.5910129267258508     
   64.001583369695553        10.416669673817626     
   64.436343589161979        10.576893121529725     
   64.563885314898471        11.453537282600374     
   64.088195585291160        11.698264799745417     
   64.074412616188781        12.365892628848243     
   64.455451456778732        12.662837008418910     
   64.435270277398999        13.409997504735406     
   64.070915434534712        13.616095410667519     
   64.003535943931269        14.292656878155157     
   64.459251737793366        14.674025834832399     
   64.406634677898410        15.408954673503942     
   64.067788876543290        15.606251856941347     
   63.951977165777436        16.340252021144799     
   64.486258000054320        16.669631427078027     
   64.520580974384501        17.360127084322496     
   63.954871411960752        17.620343456977974     
   63.967085064960862        18.368732698365800     
   64.573805825723923        18.625039089472146     
   64.519717633949185        19.398886666088885     
   64.040029328008615        19.647282199329197     
   64.019339980551038        20.361798447071287     
   64.506520212738366        20.660766673384042     
   64.479250479410851        21.364045318144719     
   63.994116497982425        21.613503468097299     
   63.957058623111735        22.329055673070041     
   64.565651686962667        22.669302132805985     
   64.492480124388763        23.335897241305922     
   63.984289183247590        23.594020572390583     
   64.028628869260871        24.347616456543712     
   64.454900207173864        24.602526720313310     
   64.421616959817584        25.412743522818314     
   64.087417251565768        25.604762239031370     
   64.029808796875912        26.340905934819432     
   64.462887724175673        26.665435442073115     
   64.453630798804383        27.364941711367962     
   64.013530388318060        27.597322527565044     
   64.043787332958772        28.382370948240538     
   64.442836675227312        28.604433771969337     
   64.472063654803563        29.353049604520923     
   63.978385899300740        29.600290361959104     
   63.987584058167663        30.338519971199620     
   64.529895552619678        30.636113306350897     
   64.458943052022690        31.402598650181904     
   64.049180687448313        31.631663879838481     
   63.959033263007235        32.274776251056913     
   64.513907742306031        32.705047163426705     
   64.449056608834056        33.311660789301570     
   63.960287895767898        33.565356989451701     
   64.087263499063241        34.445176131756753     
   64.446374062313538        34.579505785258299     
   64.554433927922318        35.434965540707175     
   64.036192871046893        35.695703889333764     
   63.962673060652392        36.410228973867696     
   64.473875424700211        36.643865853630764     
   64.588317119485055        37.445725383061422     
   64.059533017177628        37.700262875196472     
   64.088001245727284        38.426416764044944     
   64.448770008346216        38.627099266928795     
   64.518011080176393        39.425963280786128     
   64.027278651543952        39.682686887205207     
   63.926629455448349        40.385190715525866     
   64.484809880185978        40.651487685090245     
   64.579869567939426        41.448510848300515     
   64.058379004814782        41.704371096135496     
   64.032629576654983        42.411367496286800     
   64.544622403556261        42.681868118284257     
   64.545904066660356        43.340144301117981     
   63.912153720252860        43.603352479261027     
   64.024088371388515        44.345887258720680     
   64.568298308388847        44.603572135228902     
   64.464888370607838        45.292989042990733     
   63.956525038919011        45.555655538722334     
   63.991921474233628        46.430041895299468     
   64.573860562029481        46.618758839771985     
   64.585276672173208        47.469801974299180     
   64.092643855387720        47.718993086054908     
   64.066506747216508        48.430169335108737     
   64.578373714198690        48.719322537566519     
   64.562869013952962        49.345507381597464     
   63.916416706063835        49.611451744227068     
   64.051568884644126        50.393032991019581     
   64.556971257979569        50.585765646388673     
   64.506138506713697        51.354734317815463     
   63.985528137022719        51.612585734950486     
   64.003329187507575        52.370073970913943     
   64.554796569355489        52.643181145734253     
   64.504927496974460        53.314475667900069     
   63.920824673880425        53.586763012605608     
   63.912482557006378        54.318738520543377     
   64.491833832125025        54.575096614897426     
   64.466184464828032        55.385095876558800     
   64.025932024459195        55.620702581247144     
   63.967167801367218        56.398192514339399     
   64.525174480033613        56.654667237839178     
   64.560894405892554        57.412706909720626     
   64.021555951518550        57.667956732215551     
   64.085990828787928        58.442303423207910     
   64.551163398268457        58.653724712921431     
   64.547150550669656        59.430130107544109     
   64.045240685077346        59.684589884213686     
   63.992137532367174        60.390338154783848     
   64.509001018952432        60.660819128562792     
   64.541355620430309        61.410694076395288     
   63.997148669994864        61.677561786983475     
   63.933884765075803        62.263809809922847     
   64.536281761323067        62.694279347756847     
   64.444887180171776        63.294782031609792     
   63.959079651404643        63.552320383199707     
   63.920745062168123        64.370064958410893     
   63.535909415718578        64.583415298169712     
   0.0000000000000000        0.0000000000000000     
   0.0000000000000000        0.0000000000000000     
   0.0000000000000000        0.0000000000000000     
   0.0000000000000000        0.0000000000000000     
   0.0000000000000000        0.0000000000000000     
   0.0000000000000000        0.0000000000000000     
   0.0000000000000000        0.0000000000000000     
   0.0000000000000000        0.0000000000000000     
   0.0000000000000000        0.0000000000000000     
   0.0000000000000000        0.0000000000000000     
   0.0000000000000000        0.0000000000000000     
   0.0000000000000000        0.0000000000000000     
   0.0000000000000000        0.0000000000000000     
   0.0000000000000000        0.0000000000000000     
   0.0000000000000000        0.0000000000000000     
   0.0000000000000000        0.0000000000000000     
   0.0000000000000000        0.0000000000000000     
   0.0000000000000000        0.0000000000000000     
   0.0000000000000000        0.0000000000000000     
   0.0000000000000000        0.0000000000000000     
   0.0000000000000000        0.0000000000000000     
   0.0000000000000000        0.0000000000000000     
   0.0000000000000000        0.0000000000000000     
   0.0000000000000000        0.0000000000000000     
   0.0000000000000000        0.0000000000000000     
   0.0000000000000000        0.0000000000000000     
   0.0000000000000000        0.0000000000000000     
   0.0000000000000000        0.0000000000000000     
   0.0000000000000000        0.0000000000000000     
   0.0000000000000000        0.0000000000000000     
   0.0000000000000000        0.0000000000000000     
   0.0000000000000000        0.0000000000000000     
   0.0000000000000000        0.0000000000000000     
   0.0000000000000000        0.0000000000000000     
   0.0000000000000000        0.0000000000000000     
   0.0000000000000000        0.0000000000000000     
   0.0000000000000000        0.0000000000000000     
   0.0000000000000000        0.0000000000000000     
   0.0000000000000000        0.0000000000000000     
   0.0000000000000000        0.0000000000000000     
   0.0000000000000000        0.0000000000000000     
   0.0000000000000000        0.0000000000000000     
   0.0000000000000000        0.0000000000000000     
   0.0000000000000000        0.0000000000000000     
   0.0000000000000000        0.0000000000000000     
   0.0000000000000000        0.0000000000000000     
   0.0000000000000000        0.0000000000000000     
   0.0000000000000000        0.0000000000000000     
   0.0000000000000000        0.0000000000000000     
   0.0000000000000000        0.0000000000000000     
   0.0000000000000000        0.0000000000000000     
   0.0000000000000000        0.0000000000000000     
   0.0000000000000000        0.0000000000000000     
   0.0000000000000000        0.0000000000000000     
   0.0000000000000000        0.0000000000000000     
   0.0000000000000000        0.0000000000000000     
   0.0000000000000000        0.0000000000000000     
   0.0000000000000000        0.0000000000000000     
   0.0000000000000000        0.0000000000000000     
   0.0000000000000000        0.0000000000000000     
   0.0000000000000000        0.0000000000000000     
   0.0000000000000000        0.0000000000000000     
   0.0000000000000000        0.0000000000000000     
   0.0000000000000000        0.0000000000000000     
   0.0000000000000000        0.0000000000000000     
   0.0000000000000000        0.0000000000000000     
   0.0000000000000000        0.0000000000000000     
   0.0000000000000000        0.0000000000000000     
   0.0000000000000000        0.0000000000000000     
   0.0000000000000000        0.0000000000000000     
   0.0000000000000000        0.0000000000000000     
   0.0000000000000000        0.0000000000000000     
   0.0000000000000000        0.0000000000000000     
   0.0000000000000000        0.0000000000000000     
   0.0000000000000000        0.0000000000000000     
   0.0000000000000000        0.0000000000000000     
   0.0000000000000000        0.0000000000000000     
   0.0000000000000000        0.0000000000000000     
   0.0000000000000000        0.0000000000000000     
   0.0000000000000000        0.0000000000000000     
   0.0000000000000000        0.0000000000000000     
   0.0000000000000000        0.0000000000000000     
   0.0000000000000000        0.0000000000000000     
   0.0000000000000000        0.0000000000000000     
   0.0000000000000000        0.0000000000000000     
   0.0000000000000000        0.0000000000000000     
   0.0000000000000000        0.0000000000000000     
   0.0000000000000000        0.0000000000000000     
   0.0000000000000000        0.0000000000000000     
   0.0000000000000000        0.0000000000000000     
   0.0000000000000000        0.0000000000000000     
   0.0000000000000000        0.0000000000000000     
   0.0000000000000000        0.0000000000000000     
   0.0000000000000000        0.0000000000000000     
   0.0000000000000000        0.0000000000000000     
   0.0000000000000000        0.0000000000000000     
   0.0000000000000000        0.0000000000000000     
   0.0000000000000000        0.0000000000000000     
   0.0000000000000000        0.0000000000000000     
   0.0000000000000000        0.0000000000000000     
   0.0000000000000000        0.0000000000000000     
   0.0000000000000000        0.0000000000000000     
   0.0000000000000000        0.0000000000000000     
   0.0000000000000000        0.0000000000000000     
   0.0000000000000000        0.0000000000000000     
   0.0000000000000000        0.0000000000000000     
   0.0000000000000000        0.0000000000000000     
   0.0000000000000000        0.0000000000000000     
   0.0000000000000000        0.0000000000000000     
   0.0000000000000000        0.0000000000000000     
   0.0000000000000000        0.0000000000000000     
   0.0000000000000000        0.0000000000000000     
   0.0000000000000000        0.0000000000000000     
   0.0000000000000000        0.0000000000000000     
   0.0000000000000000        0.0000000000000000     
   0.0000000000000000        0.0000000000000000     
   0.0000000000000000        0.0000000000000000     
   0.0000000000000000        0.0000000000000000     
   0.0000000000000000        0.0000000000000000     
   0.0000000000000000        0.0000000000000000     
   0.0000000000000000        0.0000000000000000     
   0.0000000000000000        0.0000000000000000     
   0.0000000000000000        0.0000000000000000     
   0.0000000000000000        0.0000000000000000     
   0.0000000000000000        0.0000000000000000     
   0.0000000000000000        0.0000000000000000     
   0.0000000000000000        0.0000000000000000     
   0.0000000000000000        0.0000000000000000     
   0.0000000000000000        0.0000000000000000     
   0.0000000000000000        0.0000000000000000     
   0.0000000000000000        0.0000000000000000     
   0.0000000000000000        0.0000000000000000     
   0.0000000000000000        0.0000000000000000     
   0.0000000000000000        0.0000000000000000     
   0.0000000000000000        0.0000000000000000     
   0.0000000000000000        0.0000000000000000     
   0.0000000000000000        0.0000000000000000     
   0.0000000000000000        0.0000000000000000     
   0.0000000000000000        0.0000000000000000     
   0.0000000000000000        0.0000000000000000     
   0.0000000000000000        0.0000000000000000     
   0.0000000000000000        0.0000000000000000     
   0.0000000000000000        0.0000000000000000     
   0.0000000000000000        0.0000000000000000     
   0.0000000000000000        0.0000000000000000     
   0.0000000000000000        0.0000000000000000     
   0.0000000000000000        0.0000000000000000     
   0.0000000000000000        0.0000000000000000     
   0.0000000000000000        0.0000000000000000     
   0.0000000000000000        0.0000000000000000     
   0.0000000000000000        0.0000000000000000     
   0.0000000000000000        0.0000000000000000     
   0.0000000000000000        0.0000000000000000     
   0.0000000000000000        0.0000000000000000     
   0.0000000000000000        0.0000000000000000     
   0.0000000000000000        0.0000000000000000     
   0.0000000000000000        0.0000000000000000     
   0.0000000000000000        0.0000000000000000     
   0.0000000000000000        0.0000000000000000     
   0.0000000000000000        0.0000000000000000     
   0.0000000000000000        0.0000000000000000     
   0.0000000000000000        0.0000000000000000     
   0.0000000000000000        0.0000000000000000     
   0.0000000000000000        0.0000000000000000     
   0.0000000000000000        0.0000000000000000     
   0.0000000000000000        0.0000000000000000     
   0.0000000000000000        0.0000000000000000     
   0.0000000000000000        0.0000000000000000     
   0.0000000000000000        0.0000000000000000     
   0.0000000000000000        0.0000000000000000     
   0.0000000000000000        0.0000000000000000     
   0.0000000000000000        0.0000000000000000     
   0.0000000000000000        0.0000000000000000     
   0.0000000000000000        0.0000000000000000     
   0.0000000000000000        0.0000000000000000     
   0.0000000000000000        0.0000000000000000     
   0.0000000000000000        0.0000000000000000     
   0.0000000000000000        0.0000000000000000     
   0.0000000000000000        0.0000000000000000     
   0.0000000000000000        0.0000000000000000     
   0.0000000000000000        0.0000000000000000     
   0.0000000000000000        0.0000000000000000     
   0.0000000000000000        0.0000000000000000     
   0.0000000000000000        0.0000000000000000     
   0.0000000000000000        0.0000000000000000     
   0.0000000000000000        0.0000000000000000     
   0.0000000000000000        0.0000000000000000     
   0.0000000000000000        0.0000000000000000     
   0.0000000000000000        0.0000000000000000     
   0.0000000000000000        0.0000000000000000     
   0.0000000000000000        0.0000000000000000     
   0.0000000000000000        0.0000000000000000     
   0.0000000000000000        0.0000000000000000     
   0.0000000000000000        0.0000000000000000     
   0.0000000000000000        0.0000000000000000     
   0.0000000000000000        0.0000000000000000     
   0.0000000000000000        0.0000000000000000     
   0.0000000000000000        0.0000000000000000     
   0.0000000000000000        0.0000000000000000     
   0.0000000000000000        0.0000000000000000     
   0.0000000000000000        0.0000000000000000     
   0.0000000000000000        0.0000000000000000     
   0.0000000000000000        0.0000000000000000     
   0.0000000000000000        0.0000000000000000     
   0.0000000000000000        0.0000000000000000     
   0.0000000000000000        0.0000000000000000     
   0.0000000000000000        0.0000000000000000     
   0.0000000000000000        0.0000000000000000     
   0.0000000000000000        0.0000000000000000     
   0.0000000000000000        0.0000000000000000     
   0.0000000000000000        0.0000000000000000     
   0.0000000000000000        0.0000000000000000     
   0.0000000000000000        0.0000000000000000     
   0.0000000000000000        0.0000000000000000     
   0.0000000000000000        0.0000000000000000     
   0.0000000000000000        0.0000000000000000     
   0.0000000000000000        0.0000000000000000     
   0.0000000000000000        0.0000000000000000     
   0.0000000000000000        0.0000000000000000     
   0.0000000000000000        0.0000000000000000     
   0.0000000000000000        0.0000000000000000     
   0.0000000000000000        0.0000000000000000     
   0.0000000000000000        0.0000000000000000     
   0.0000000000000000        0.0000000000000000     
   0.0000000000000000        0.0000000000000000     
   0.0000000000000000        0.0000000000000000     
   0.0000000000000000        0.0000000000000000     
   0.0000000000000000        0.0000000000000000     
   0.0000000000000000        0.0000000000000000     
   0.0000000000000000        0.0000000000000000     
   0.0000000000000000        0.0000000000000000     
   0.0000000000000000        0.0000000000000000     
   0.0000000000000000        0.0000000000000000     
   0.0000000000000000        0.0000000000000000     
   0.0000000000000000        0.0000000000000000     
   0.0000000000000000        0.0000000000000000     
   0.0000000000000000        0.0000000000000000     
   0.0000000000000000        0.0000000000000000     
   0.0000000000000000        0.0000000000000000     
   0.0000000000000000        0.0000000000000000     
   0.0000000000000000        0.0000000000000000     
   0.0000000000000000        0.0000000000000000     
   0.0000000000000000        0.0000000000000000     
   0.0000000000000000        0.0000000000000000     
   0.0000000000000000        0.0000000000000000     
   0.0000000000000000        0.0000000000000000     
   0.0000000000000000        0.0000000000000000     
   0.0000000000000000        0.0000000000000000     
   0.0000000000000000        0.0000000000000000     
   0.0000000000000000        0.0000000000000000     
   0.0000000000000000        0.0000000000000000     
   0.0000000000000000        0.0000000000000000     
   0.0000000000000000        0.0000000000000000     
   0.0000000000000000        0.0000000000000000     
   0.0000000000000000        0.0000000000000000     
   0.0000000000000000        0.0000000000000000     
   0.0000000000000000        0.0000000000000000     
   0.0000000000000000        0.0000000000000000     
   0.0000000000000000        0.0000000000000000     
   0.0000000000000000        0.0000000000000000     
   0.0000000000000000        0.0000000000000000     
   0.0000000000000000        0.0000000000000000     
   0.0000000000000000        0.0000000000000000     
   0.0000000000000000        0.0000000000000000     
   0.0000000000000000        0.0000000000000000     
   0.0000000000000000        0.0000000000000000     
   0.0000000000000000        0.0000000000000000     
   0.0000000000000000        0.0000000000000000     
   0.0000000000000000        0.0000000000000000     
   0.0000000000000000        0.0000000000000000     
   0.0000000000000000        0.0000000000000000     
   0.0000000000000000        0.0000000000000000     
   0.0000000000000000        0.0000000000000000     
   0.0000000000000000        0.0000000000000000     
   0.0000000000000000        0.0000000000000000     
   0.0000000000000000        0.0000000000000000     
   0.0000000000000000        0.0000000000000000     
   0.0000000000000000        0.0000000000000000     
   0.0000000000000000        0.0000000000000000     
   0.0000000000000000        0.0000000000000000     
   0.0000000000000000        0.0000000000000000     
   0.0000000000000000        0.0000000000000000     
   0.0000000000000000        0.0000000000000000     
   0.0000000000000000        0.0000000000000000     
   0.0000000000000000        0.0000000000000000     
   0.0000000000000000        0.0000000000000000     
   0.0000000000000000        0.0000000000000000     
   0.0000000000000000        0.0000000000000000     
   0.0000000000000000        0.0000000000000000     
   0.0000000000000000        0.0000000000000000     
   0.0000000000000000        0.0000000000000000     
   0.0000000000000000        0.0000000000000000     
   0.0000000000000000        0.0000000000000000     
   0.0000000000000000        0.0000000000000000     
   0.0000000000000000        0.0000000000000000     
   0.0000000000000000        0.0000000000000000     
   0.0000000000000000        0.0000000000000000     
   0.0000000000000000        0.0000000000000000     
   0.0000000000000000        0.0000000000000000     
   0.0000000000000000        0.0000000000000000     
   0.0000000000000000        0.0000000000000000     
   0.0000000000000000        0.0000000000000000     
   0.0000000000000000        0.0000000000000000     
   0.0000000000000000        0.0000000000000000     
   0.0000000000000000        0.0000000000000000     
   0.0000000000000000        0.0000000000000000     
   0.0000000000000000        0.0000000000000000     
   0.0000000000000000        0.0000000000000000     
   0.0000000000000000        0.0000000000000000     
   0.0000000000000000        0.0000000000000000     
   0.0000000000000000        0.0000000000000000     
   0.0000000000000000        0.0000000000000000     
   0.0000000000000000        0.0000000000000000     
   0.0000000000000000        0.0000000000000000     
   0.0000000000000000        0.0000000000000000     
   0.0000000000000000        0.0000000000000000     
   0.0000000000000000        0.0000000000000000     
   0.0000000000000000        0.0000000000000000     
   0.0000000000000000        0.0000000000000000     
   0.0000000000000000        0.0000000000000000     
   0.0000000000000000        0.0000000000000000     
   0.0000000000000000        0.0000000000000000     
   0.0000000000000000        0.0000000000000000     
   0.0000000000000000        0.0000000000000000     
   0.0000000000000000        0.0000000000000000     
   0.0000000000000000        0.0000000000000000     
   0.0000000000000000        0.0000000000000000     
   0.0000000000000000        0.0000000000000000     
   0.0000000000000000        0.0000000000000000     
   0.0000000000000000        0.0000000000000000     
   0.0000000000000000        0.0000000000000000     
   0.0000000000000000        0.0000000000000000     
   0.0000000000000000        0.0000000000000000     
   0.0000000000000000        0.0000000000000000     
   0.0000000000000000        0.0000000000000000     
   0.0000000000000000        0.0000000000000000     
   0.0000000000000000        0.0000000000000000     
   0.0000000000000000        0.0000000000000000     
   0.0000000000000000        0.0000000000000000     
   0.0000000000000000        0.0000000000000000     
   0.0000000000000000        0.0000000000000000     
   0.0000000000000000        0.0000000000000000     
   0.0000000000000000        0.0000000000000000     
   0.0000000000000000        0.0000000000000000     
   0.0000000000000000        0.0000000000000000     
   0.0000000000000000        0.0000000000000000     
   0.0000000000000000        0.0000000000000000     
   0.0000000000000000        0.0000000000000000     
   0.0000000000000000        0.0000000000000000     
   0.0000000000000000        0.0000000000000000     
   0.0000000000000000        0.0000000000000000     
   0.0000000000000000        0.0000000000000000     
   0.0000000000000000        0.0000000000000000     
   0.0000000000000000        0.0000000000000000     
   0.0000000000000000        0.0000000000000000     
   0.0000000000000000        0.0000000000000000     
   0.0000000000000000        0.0000000000000000     
   0.0000000000000000        0.0000000000000000     
   0.0000000000000000        0.0000000000000000     
   0.0000000000000000        0.0000000000000000     
   0.0000000000000000        0.0000000000000000     
   0.0000000000000000        0.0000000000000000     
   0.0000000000000000        0.0000000000000000     
   0.0000000000000000        0.0000000000000000     
   0.0000000000000000        0.0000000000000000     
   0.0000000000000000        0.0000000000000000     
   0.0000000000000000        0.0000000000000000     
   0.0000000000000000        0.0000000000000000     
   0.0000000000000000        0.0000000000000000     
   0.0000000000000000        0.0000000000000000     
   0.0000000000000000        0.0000000000000000     
   0.0000000000000000        0.0000000000000000     
   0.0000000000000000        0.0000000000000000     
   0.0000000000000000        0.0000000000000000     
   0.0000000000000000        0.0000000000000000     
   0.0000000000000000        0.0000000000000000     
   0.0000000000000000        0.0000000000000000     
   0.0000000000000000        0.0000000000000000     
   0.0000000000000000        0.0000000000000000     
   0.0000000000000000        0.0000000000000000     
   0.0000000000000000        0.0000000000000000     
   0.0000000000000000        0.0000000000000000     
   0.0000000000000000        0.0000000000000000     
   0.0000000000000000        0.0000000000000000     
   0.0000000000000000        0.0000000000000000     
   0.0000000000000000        0.0000000000000000     
   0.0000000000000000        0.0000000000000000     
   0.0000000000000000        0.0000000000000000     
   0.0000000000000000        0.0000000000000000     
   0.0000000000000000        0.0000000000000000     
   0.0000000000000000        0.0000000000000000     
   0.0000000000000000        0.0000000000000000     
   0.0000000000000000        0.0000000000000000     
   0.0000000000000000        0.0000000000000000     
   0.0000000000000000        0.0000000000000000     
   0.0000000000000000        0.0000000000000000     
   0.0000000000000000        0.0000000000000000     
   0.0000000000000000        0.0000000000000000     
   0.0000000000000000        0.0000000000000000     
   0.0000000000000000        0.0000000000000000     
   0.0000000000000000        0.0000000000000000     
   0.0000000000000000        0.0000000000000000     
   0.0000000000000000        0.0000000000000000     
   0.0000000000000000        0.0000000000000000     
   0.0000000000000000        0.0000000000000000     
   0.0000000000000000        0.0000000000000000     
   0.0000000000000000        0.0000000000000000     
   0.0000000000000000        0.0000000000000000     
   0.0000000000000000        0.0000000000000000     
   0.0000000000000000        0.0000000000000000     
   0.0000000000000000        0.0000000000000000     
   0.0000000000000000        0.0000000000000000     
   0.0000000000000000        0.0000000000000000     
   0.0000000000000000        0.0000000000000000     
   0.0000000000000000        0.0000000000000000     
   0.0000000000000000        0.0000000000000000     
   0.0000000000000000        0.0000000000000000     
   0.0000000000000000        0.0000000000000000     
   0.0000000000000000        0.0000000000000000     
   0.0000000000000000        0.0000000000000000     
   0.0000000000000000        0.0000000000000000     
   0.0000000000000000        0.0000000000000000     
   0.0000000000000000        0.0000000000000000     
   0.0000000000000000        0.0000000000000000     
   0.0000000000000000        0.0000000000000000     
   0.0000000000000000        0.0000000000000000     
   0.0000000000000000        0.0000000000000000     
   0.0000000000000000        0.0000000000000000     
   0.0000000000000000        0.0000000000000000     
   0.0000000000000000        0.0000000000000000     
   0.0000000000000000        0.0000000000000000     
   0.0000000000000000        0.0000000000000000     
   0.0000000000000000        0.0000000000000000     
   0.0000000000000000        0.0000000000000000     
   0.0000000000000000        0.0000000000000000     
   0.0000000000000000        0.0000000000000000     
   0.0000000000000000        0.0000000000000000     
   0.0000000000000000        0.0000000000000000     
   0.0000000000000000        0.0000000000000000     
   0.0000000000000000        0.0000000000000000     
   0.0000000000000000        0.0000000000000000     
   0.0000000000000000        0.0000000000000000     
   0.0000000000000000        0.0000000000000000     
   0.0000000000000000        0.0000000000000000     
   0.0000000000000000        0.0000000000000000     
   0.0000000000000000        0.0000000000000000     
   0.0000000000000000        0.0000000000000000     
   0.0000000000000000        0.0000000000000000     
   0.0000000000000000        0.0000000000000000     
   0.0000000000000000        0.0000000000000000     
   0.0000000000000000        0.0000000000000000     
   0.0000000000000000        0.0000000000000000     
   0.0000000000000000        0.0000000000000000     
   0.0000000000000000        0.0000000000000000     
   0.0000000000000000        0.0000000000000000     
   0.0000000000000000        0.0000000000000000     
   0.0000000000000000        0.0000000000000000     
   0.0000000000000000        0.0000000000000000     
   0.0000000000000000        0.0000000000000000     
   0.0000000000000000        0.0000000000000000     
   0.0000000000000000        0.0000000000000000     
   0.0000000000000000        0.0000000000000000     
   0.0000000000000000        0.0000000000000000     
   0.0000000000000000        0.0000000000000000     
   0.0000000000000000        0.0000000000000000     
   0.0000000000000000        0.0000000000000000     
   0.0000000000000000        0.0000000000000000     
   0.0000000000000000        0.0000000000000000     
   0.0000000000000000        0.0000000000000000     
   0.0000000000000000        0.0000000000000000     
   0.0000000000000000        0.0000000000000000     
   0.0000000000000000        0.0000000000000000     
   0.0000000000000000        0.0000000000000000     
   0.0000000000000000        0.0000000000000000     
   0.0000000000000000        0.0000000000000000     
   0.0000000000000000        0.0000000000000000     
   0.0000000000000000        0.0000000000000000     
   0.0000000000000000        0.0000000000000000     
   0.0000000000000000        0.0000000000000000     
   0.0000000000000000        0.0000000000000000     
   0.0000000000000000        0.0000000000000000     
   0.0000000000000000        0.0000000000000000     
   0.0000000000000000        0.0000000000000000     
   0.0000000000000000        0.0000000000000000     
   0.0000000000000000        0.0000000000000000     
   0.0000000000000000        0.0000000000000000     
   0.0000000000000000        0.0000000000000000     
   0.0000000000000000        0.0000000000000000     
   0.0000000000000000        0.0000000000000000     
   0.0000000000000000        0.0000000000000000     
   0.0000000000000000        0.0000000000000000     
   0.0000000000000000        0.0000000000000000     
   0.0000000000000000        0.0000000000000000     
   0.0000000000000000        0.0000000000000000     
   0.0000000000000000        0.0000000000000000     
   0.0000000000000000        0.0000000000000000     
   0.0000000000000000        0.0000000000000000     
   0.0000000000000000        0.0000000000000000     
   0.0000000000000000        0.0000000000000000     
   0.0000000000000000        0.0000000000000000     
   0.0000000000000000        0.0000000000000000     
   0.0000000000000000        0.0000000000000000     
   0.0000000000000000        0.0000000000000000     
   0.0000000000000000        0.0000000000000000     
   0.0000000000000000        0.0000000000000000     
   0.0000000000000000        0.0000000000000000     
   0.0000000000000000        0.0000000000000000     
   0.0000000000000000        0.0000000000000000     
   0.0000000000000000        0.0000000000000000     
   0.0000000000000000        0.0000000000000000     
   0.0000000000000000        0.0000000000000000     
   0.0000000000000000        0.0000000000000000     
   0.0000000000000000        0.0000000000000000     
   0.0000000000000000        0.0000000000000000     
   0.0000000000000000        0.0000000000000000     
   0.0000000000000000        0.0000000000000000     
   0.0000000000000000        0.0000000000000000     
   0.0000000000000000        0.0000000000000000     
   0.0000000000000000        0.0000000000000000     
   0.0000000000000000        0.0000000000000000     
   0.0000000000000000        0.0000000000000000     
   0.0000000000000000        0.0000000000000000     
   0.0000000000000000        0.0000000000000000     
   0.0000000000000000        0.0000000000000000     
   0.0000000000000000        0.0000000000000000     
   0.0000000000000000        0.0000000000000000     
   0.0000000000000000        0.0000000000000000     
   0.0000000000000000        0.0000000000000000     
   0.0000000000000000        0.0000000000000000     
   0.0000000000000000        0.0000000000000000     
   0.0000000000000000        0.0000000000000000     
   0.0000000000000000        0.0000000000000000     
   0.0000000000000000        0.0000000000000000     
   0.0000000000000000        0.0000000000000000     
   0.0000000000000000        0.0000000000000000     
   0.0000000000000000        0.0000000000000000     
   0.0000000000000000        0.0000000000000000     
   0.0000000000000000        0.0000000000000000     
   0.0000000000000000        0.0000000000000000     
   0.0000000000000000        0.0000000000000000     
   0.0000000000000000        0.0000000000000000     
   0.0000000000000000        0.0000000000000000     
   0.0000000000000000        0.0000000000000000     
   0.0000000000000000        0.0000000000000000     
   0.0000000000000000        0.0000000000000000     
   0.0000000000000000        0.0000000000000000     
   0.0000000000000000        0.0000000000000000     
   0.0000000000000000        0.0000000000000000     
   0.0000000000000000        0.0000000000000000     
   0.0000000000000000        0.0000000000000000     
   0.0000000000000000        0.0000000000000000     
   0.0000000000000000        0.0000000000000000     
   0.0000000000000000        0.0000000000000000     
   0.0000000000000000        0.0000000000000000     
   0.0000000000000000        0.0000000000000000     
   0.0000000000000000        0.0000000000000000     
   0.0000000000000000        0.0000000000000000     
   0.0000000000000000        0.0000000000000000     
   0.0000000000000000        0.0000000000000000     
   0.0000000000000000        0.0000000000000000     
   0.0000000000000000        0.0000000000000000     
   0.0000000000000000        0.0000000000000000     
   0.0000000000000000        0.0000000000000000     
   0.0000000000000000        0.0000000000000000     
   0.0000000000000000        0.0000000000000000     
   0.0000000000000000        0.0000000000000000     
   0.0000000000000000        0.0000000000000000     
   0.0000000000000000        0.0000000000000000     
   0.0000000000000000        0.0000000000000000     
   0.0000000000000000        0.0000000000000000     
   0.0000000000000000        0.0000000000000000     
   0.0000000000000000        0.0000000000000000     
   0.0000000000000000        0.0000000000000000     
   0.0000000000000000        0.0000000000000000     
   0.0000000000000000        0.0000000000000000     
   0.0000000000000000        0.0000000000000000     
   0.0000000000000000        0.0000000000000000     
   0.0000000000000000        0.0000000000000000     
   0.0000000000000000        0.0000000000000000     
   0.0000000000000000        0.0000000000000000     
   0.0000000000000000        0.0000000000000000     
   0.0000000000000000        0.0000000000000000     
   0.0000000000000000        0.0000000000000000     
   0.0000000000000000        0.0000000000000000     
   0.0000000000000000        0.0000000000000000     
   0.0000000000000000        0.0000000000000000     
   0.0000000000000000        0.0000000000000000     
   0.0000000000000000        0.0000000000000000     
   0.0000000000000000        0.0000000000000000     
   0.0000000000000000        0.0000000000000000     
   0.0000000000000000        0.0000000000000000     
   0.0000000000000000        0.0000000000000000     
   0.0000000000000000        0.0000000000000000     
   0.0000000000000000        0.0000000000000000     
   0.0000000000000000        0.0000000000000000     
   0.0000000000000000        0.0000000000000000     
   0.0000000000000000        0.0000000000000000     
   0.0000000000000000        0.0000000000000000     
   0.0000000000000000        0.0000000000000000     
   0.0000000000000000        0.0000000000000000     
   0.0000000000000000        0.0000000000000000     
   0.0000000000000000        0.0000000000000000     
   0.0000000000000000        0.0000000000000000     
   0.0000000000000000        0.0000000000000000     
   0.0000000000000000        0.0000000000000000     
   0.0000000000000000        0.0000000000000000     
   0.0000000000000000        0.0000000000000000     
   0.0000000000000000        0.0000000000000000     
   0.0000000000000000        0.0000000000000000     
   0.0000000000000000        0.0000000000000000     
   0.0000000000000000        0.0000000000000000     
   0.0000000000000000        0.0000000000000000     
   0.0000000000000000        0.0000000000000000     
   0.0000000000000000        0.0000000000000000     
   0.0000000000000000        0.0000000000000000     
   0.0000000000000000        0.0000000000000000     
   0.0000000000000000        0.0000000000000000     
   0.0000000000000000        0.0000000000000000     
   0.0000000000000000        0.0000000000000000     
   0.0000000000000000        0.0000000000000000     
   0.0000000000000000        0.0000000000000000     
   0.0000000000000000        0.0000000000000000     
   0.0000000000000000        0.0000000000000000     
   0.0000000000000000        0.0000000000000000     
   0.0000000000000000        0.0000000000000000     
   0.0000000000000000        0.0000000000000000     
   0.0000000000000000        0.0000000000000000     
   0.0000000000000000        0.0000000000000000     
   0.0000000000000000        0.0000000000000000     
   0.0000000000000000        0.0000000000000000     
   0.0000000000000000        0.0000000000000000     
   0.0000000000000000        0.0000000000000000     
   0.0000000000000000        0.0000000000000000     
   0.0000000000000000        0.0000000000000000     
   0.0000000000000000        0.0000000000000000     
   0.0000000000000000        0.0000000000000000     
   0.0000000000000000        0.0000000000000000     
   0.0000000000000000        0.0000000000000000     
   0.0000000000000000        0.0000000000000000     
   0.0000000000000000        0.0000000000000000     
   0.0000000000000000        0.0000000000000000     
   0.0000000000000000        0.0000000000000000     
   0.0000000000000000        0.0000000000000000     
   0.0000000000000000        0.0000000000000000     
   0.0000000000000000        0.0000000000000000     
   0.0000000000000000        0.0000000000000000     
   0.0000000000000000        0.0000000000000000     
   0.0000000000000000        0.0000000000000000     
   0.0000000000000000        0.0000000000000000     
   0.0000000000000000        0.0000000000000000     
   0.0000000000000000        0.0000000000000000     
   0.0000000000000000        0.0000000000000000     
   0.0000000000000000        0.0000000000000000     
   0.0000000000000000        0.0000000000000000     
   0.0000000000000000        0.0000000000000000     
   0.0000000000000000        0.0000000000000000     
   0.0000000000000000        0.0000000000000000     
   0.0000000000000000        0.0000000000000000     
   0.0000000000000000        0.0000000000000000     
   0.0000000000000000        0.0000000000000000     
   0.0000000000000000        0.0000000000000000     
   0.0000000000000000        0.0000000000000000     
   0.0000000000000000        0.0000000000000000     
   0.0000000000000000        0.0000000000000000     
   0.0000000000000000        0.0000000000000000     
   0.0000000000000000        0.0000000000000000     
   0.0000000000000000        0.0000000000000000     
   0.0000000000000000        0.0000000000000000     
   0.0000000000000000        0.0000000000000000     
   0.0000000000000000        0.0000000000000000     
   0.0000000000000000        0.0000000000000000     
   0.0000000000000000        0.0000000000000000     
   0.0000000000000000        0.0000000000000000     
   0.0000000000000000        0.0000000000000000     
   0.0000000000000000        0.0000000000000000     
   0.0000000000000000        0.0000000000000000     
   0.0000000000000000        0.0000000000000000     
   0.0000000000000000        0.0000000000000000     
   0.0000000000000000        0.0000000000000000     
   0.0000000000000000        0.0000000000000000     
   0.0000000000000000        0.0000000000000000     
   0.0000000000000000        0.0000000000000000     
   0.0000000000000000        0.0000000000000000     
   0.0000000000000000        0.0000000000000000     
   0.0000000000000000        0.0000000000000000     
   0.0000000000000000        0.0000000000000000     
   0.0000000000000000        0.0000000000000000     
   0.0000000000000000        0.0000000000000000     
   0.0000000000000000        0.0000000000000000     
   0.0000000000000000        0.0000000000000000     
   0.0000000000000000        0.0000000000000000     
   0.0000000000000000        0.0000000000000000     
   0.0000000000000000        0.0000000000000000     
   0.0000000000000000        0.0000000000000000     
   0.0000000000000000        0.0000000000000000     
   0.0000000000000000        0.0000000000000000     
   0.0000000000000000        0.0000000000000000     
   0.0000000000000000        0.0000000000000000     
   0.0000000000000000        0.0000000000000000     
   0.0000000000000000        0.0000000000000000     
   0.0000000000000000        0.0000000000000000     
   0.0000000000000000        0.0000000000000000     
   0.0000000000000000        0.0000000000000000     
   0.0000000000000000        0.0000000000000000     
   0.0000000000000000        0.0000000000000000     
   0.0000000000000000        0.0000000000000000     
   0.0000000000000000        0.0000000000000000     
   0.0000000000000000        0.0000000000000000     
   0.0000000000000000        0.0000000000000000     
   0.0000000000000000        0.0000000000000000     
   0.0000000000000000        0.0000000000000000     
   0.0000000000000000        0.0000000000000000     
   0.0000000000000000        0.0000000000000000     
   0.0000000000000000        0.0000000000000000     
   0.0000000000000000        0.0000000000000000     
   0.0000000000000000        0.0000000000000000     
   0.0000000000000000        0.0000000000000000     
   0.0000000000000000        0.0000000000000000     
   0.0000000000000000        0.0000000000000000     
   0.0000000000000000        0.0000000000000000     
   0.0000000000000000        0.0000000000000000     
   0.0000000000000000        0.0000000000000000     
   0.0000000000000000        0.0000000000000000     
   0.0000000000000000        0.0000000000000000     
   0.0000000000000000        0.0000000000000000     
   0.0000000000000000        0.0000000000000000     
   0.0000000000000000        0.0000000000000000     
   0.0000000000000000        0.0000000000000000     
   0.0000000000000000        0.0000000000000000     
   0.0000000000000000        0.0000000000000000     
   0.0000000000000000        0.0000000000000000     
   0.0000000000000000        0.0000000000000000     
   0.0000000000000000        0.0000000000000000     
   0.0000000000000000        0.0000000000000000     
   0.0000000000000000        0.0000000000000000     
   0.0000000000000000        0.0000000000000000     
   0.0000000000000000        0.0000000000000000     
   0.0000000000000000        0.0000000000000000     
   0.0000000000000000        0.0000000000000000     
   0.0000000000000000        0.0000000000000000     
   0.0000000000000000        0.0000000000000000     
   0.0000000000000000        0.0000000000000000     
   0.0000000000000000        0.0000000000000000     
   0.0000000000000000        0.0000000000000000     
   0.0000000000000000        0.0000000000000000     
   0.0000000000000000        0.0000000000000000     
   0.0000000000000000        0.0000000000000000     
   0.0000000000000000        0.0000000000000000     
   0.0000000000000000        0.0000000000000000     
   0.0000000000000000        0.0000000000000000     
   0.0000000000000000        0.0000000000000000     
   0.0000000000000000        0.0000000000000000     
   0.0000000000000000        0.0000000000000000     
   0.0000000000000000        0.0000000000000000     
   0.0000000000000000        0.0000000000000000     
   0.0000000000000000        0.0000000000000000     
   0.0000000000000000        0.0000000000000000     
   0.0000000000000000        0.0000000000000000     
   0.0000000000000000        0.0000000000000000     
   0.0000000000000000        0.0000000000000000     
   0.0000000000000000        0.0000000000000000     
   0.0000000000000000        0.0000000000000000     
   0.0000000000000000        0.0000000000000000     
   0.0000000000000000        0.0000000000000000     
   0.0000000000000000        0.0000000000000000     
   0.0000000000000000        0.0000000000000000     
   0.0000000000000000        0.0000000000000000     
   0.0000000000000000        0.0000000000000000     
   0.0000000000000000        0.0000000000000000     
   0.0000000000000000        0.0000000000000000     
   0.0000000000000000        0.0000000000000000     
   0.0000000000000000        0.0000000000000000     
   0.0000000000000000        0.0000000000000000     
   0.0000000000000000        0.0000000000000000     
   0.0000000000000000        0.0000000000000000     
   0.0000000000000000        0.0000000000000000     
   0.0000000000000000        0.0000000000000000     
   0.0000000000000000        0.0000000000000000     
   0.0000000000000000        0.0000000000000000     
   0.0000000000000000        0.0000000000000000     
   0.0000000000000000        0.0000000000000000     
   0.0000000000000000        0.0000000000000000     
   0.0000000000000000        0.0000000000000000     
   0.0000000000000000        0.0000000000000000     
   0.0000000000000000        0.0000000000000000     
   0.0000000000000000        0.0000000000000000     
   0.0000000000000000        0.0000000000000000     
   0.0000000000000000        0.0000000000000000     
   0.0000000000000000        0.0000000000000000     
   0.0000000000000000        0.0000000000000000     
   0.0000000000000000        0.0000000000000000     
   0.0000000000000000        0.0000000000000000     
   0.0000000000000000        0.0000000000000000     
   0.0000000000000000        0.0000000000000000     
   0.0000000000000000        0.0000000000000000     
   0.0000000000000000        0.0000000000000000     
   0.0000000000000000        0.0000000000000000     
   0.0000000000000000        0.0000000000000000     
   0.0000000000000000        0.0000000000000000     
   0.0000000000000000        0.0000000000000000     
   0.0000000000000000        0.0000000000000000     
   0.0000000000000000        0.0000000000000000     
   0.0000000000000000        0.0000000000000000     
   0.0000000000000000        0.0000000000000000     
   0.0000000000000000        0.0000000000000000     
   0.0000000000000000        0.0000000000000000     
   0.0000000000000000        0.0000000000000000     
   0.0000000000000000        0.0000000000000000     
   0.0000000000000000        0.0000000000000000     
   0.0000000000000000        0.0000000000000000     
   0.0000000000000000        0.0000000000000000     
   0.0000000000000000        0.0000000000000000     
   0.0000000000000000        0.0000000000000000     
   0.0000000000000000        0.0000000000000000     
   0.0000000000000000        0.0000000000000000     
   0.0000000000000000        0.0000000000000000     
   0.0000000000000000        0.0000000000000000     
   0.0000000000000000        0.0000000000000000     
   0.0000000000000000        0.0000000000000000     
   0.0000000000000000        0.0000000000000000     
   0.0000000000000000        0.0000000000000000     
   0.0000000000000000        0.0000000000000000     
   0.0000000000000000        0.0000000000000000     
   0.0000000000000000        0.0000000000000000     
   0.0000000000000000        0.0000000000000000     
   0.0000000000000000        0.0000000000000000     
   0.0000000000000000        0.0000000000000000     
   0.0000000000000000        0.0000000000000000     
   0.0000000000000000        0.0000000000000000     
   0.0000000000000000        0.0000000000000000     
   0.0000000000000000        0.0000000000000000     
   0.0000000000000000        0.0000000000000000     
   0.0000000000000000        0.0000000000000000     
   0.0000000000000000        0.0000000000000000     
   0.0000000000000000        0.0000000000000000     
   0.0000000000000000        0.0000000000000000     
   0.0000000000000000        0.0000000000000000     
   0.0000000000000000        0.0000000000000000     
   0.0000000000000000        0.0000000000000000     
   0.0000000000000000        0.0000000000000000     
   0.0000000000000000        0.0000000000000000     
   0.0000000000000000        0.0000000000000000     
   0.0000000000000000        0.0000000000000000     
   0.0000000000000000        0.0000000000000000     
   0.0000000000000000        0.0000000000000000     
   0.0000000000000000        0.0000000000000000     
   0.0000000000000000        0.0000000000000000     
   0.0000000000000000        0.0000000000000000     
   0.0000000000000000        0.0000000000000000     
   0.0000000000000000        0.0000000000000000     
   0.0000000000000000        0.0000000000000000     
   0.0000000000000000        0.0000000000000000     
   0.0000000000000000        0.0000000000000000     
   0.0000000000000000        0.0000000000000000     
   0.0000000000000000        0.0000000000000000     
   0.0000000000000000        0.0000000000000000     
   0.0000000000000000        0.0000000000000000     
   0.0000000000000000        0.0000000000000000     
   0.0000000000000000        0.0000000000000000     
   0.0000000000000000        0.0000000000000000     
   0.0000000000000000        0.0000000000000000     
   0.0000000000000000        0.0000000000000000     
   0.0000000000000000        0.0000000000000000     
   0.0000000000000000        0.0000000000000000     
   0.0000000000000000        0.0000000000000000     
   0.0000000000000000        0.0000000000000000     
   0.0000000000000000        0.0000000000000000     
   0.0000000000000000        0.0000000000000000     
   0.0000000000000000        0.0000000000000000     
   0.0000000000000000        0.0000000000000000     
   0.0000000000000000        0.0000000000000000     
   0.0000000000000000        0.0000000000000000     
   0.0000000000000000        0.0000000000000000     
   0.0000000000000000        0.0000000000000000     
   0.0000000000000000        0.0000000000000000     
   0.0000000000000000        0.0000000000000000     
   0.0000000000000000        0.0000000000000000     
   0.0000000000000000        0.0000000000000000     
   0.0000000000000000        0.0000000000000000     
   0.0000000000000000        0.0000000000000000     
   0.0000000000000000        0.0000000000000000     
   0.0000000000000000        0.0000000000000000     
   0.0000000000000000        0.0000000000000000     
   0.0000000000000000        0.0000000000000000     
   0.0000000000000000        0.0000000000000000     
   0.0000000000000000        0.0000000000000000     
   0.0000000000000000        0.0000000000000000     
   0.0000000000000000        0.0000000000000000     
   0.0000000000000000        0.0000000000000000     
   0.0000000000000000        0.0000000000000000     
   0.0000000000000000        0.0000000000000000     
   0.0000000000000000        0.0000000000000000     
   0.0000000000000000        0.0000000000000000     
   0.0000000000000000        0.0000000000000000     
   0.0000000000000000        0.0000000000000000     
   0.0000000000000000        0.0000000000000000     
   0.0000000000000000        0.0000000000000000     
   0.0000000000000000        0.0000000000000000     
   0.0000000000000000        0.0000000000000000     
   0.0000000000000000        0.0000000000000000     
   0.0000000000000000        0.0000000000000000     
   0.0000000000000000        0.0000000000000000     
   0.0000000000000000        0.0000000000000000     
   0.0000000000000000        0.0000000000000000     
   0.0000000000000000        0.0000000000000000     
   0.0000000000000000        0.0000000000000000     
   0.0000000000000000        0.0000000000000000     
   0.0000000000000000        0.0000000000000000     
   0.0000000000000000        0.0000000000000000     
   0.0000000000000000        0.0000000000000000     
   0.0000000000000000        0.0000000000000000     
   0.0000000000000000        0.0000000000000000     
   0.0000000000000000        0.0000000000000000     
   0.0000000000000000        0.0000000000000000     
   0.0000000000000000        0.0000000000000000     
   0.0000000000000000        0.0000000000000000     
   0.0000000000000000        0.0000000000000000     
   0.0000000000000000        0.0000000000000000     
   0.0000000000000000        0.0000000000000000     
   0.0000000000000000        0.0000000000000000     
   0.0000000000000000        0.0000000000000000     
   0.0000000000000000        0.0000000000000000     
   0.0000000000000000        0.0000000000000000     
   0.0000000000000000        0.0000000000000000     
   0.0000000000000000        0.0000000000000000     
   0.0000000000000000        0.0000000000000000     
   0.0000000000000000        0.0000000000000000     
   0.0000000000000000        0.0000000000000000     
   0.0000000000000000        0.0000000000000000     
   0.0000000000000000        0.0000000000000000     
   0.0000000000000000        0.0000000000000000     
   0.0000000000000000        0.0000000000000000     
   0.0000000000000000        0.0000000000000000     
   0.0000000000000000        0.0000000000000000     
   0.0000000000000000        0.0000000000000000     
   0.0000000000000000        0.0000000000000000     
   0.0000000000000000        0.0000000000000000     
   0.0000000000000000        0.0000000000000000     
   0.0000000000000000        0.0000000000000000     
   0.0000000000000000        0.0000000000000000     
   0.0000000000000000        0.0000000000000000     
   0.0000000000000000        0.0000000000000000     
   0.0000000000000000        0.0000000000000000     
   0.0000000000000000        0.0000000000000000     
   0.0000000000000000        0.0000000000000000     
   0.0000000000000000        0.0000000000000000     
   0.0000000000000000        0.0000000000000000     
   0.0000000000000000        0.0000000000000000     
   0.0000000000000000        0.0000000000000000     
   0.0000000000000000        0.0000000000000000     
   0.0000000000000000        0.0000000000000000     
   0.0000000000000000        0.0000000000000000     
   0.0000000000000000        0.0000000000000000     
   0.0000000000000000        0.0000000000000000     
   0.0000000000000000        0.0000000000000000     
   0.0000000000000000        0.0000000000000000     
   0.0000000000000000        0.0000000000000000     
   0.0000000000000000        0.0000000000000000     
   0.0000000000000000        0.0000000000000000     
   0.0000000000000000        0.0000000000000000     
   0.0000000000000000        0.0000000000000000     
   0.0000000000000000        0.0000000000000000     
   0.0000000000000000        0.0000000000000000     
   0.0000000000000000        0.0000000000000000     
   0.0000000000000000        0.0000000000000000     
   0.0000000000000000        0.0000000000000000     
   0.0000000000000000        0.0000000000000000     
   0.0000000000000000        0.0000000000000000     
   0.0000000000000000        0.0000000000000000     
   0.0000000000000000        0.0000000000000000     
   0.0000000000000000        0.0000000000000000     
   0.0000000000000000        0.0000000000000000     
   0.0000000000000000        0.0000000000000000     
   0.0000000000000000        0.0000000000000000     
   0.0000000000000000        0.0000000000000000     
   0.0000000000000000        0.0000000000000000     
   0.0000000000000000        0.0000000000000000     
   0.0000000000000000        0.0000000000000000     
   0.0000000000000000        0.0000000000000000     
   0.0000000000000000        0.0000000000000000     
   0.0000000000000000        0.0000000000000000     
   0.0000000000000000        0.0000000000000000     
   0.0000000000000000        0.0000000000000000     
   0.0000000000000000        0.0000000000000000     
   0.0000000000000000        0.0000000000000000     
   0.0000000000000000        0.0000000000000000     
   0.0000000000000000        0.0000000000000000     
   0.0000000000000000        0.0000000000000000     
   0.0000000000000000        0.0000000000000000     
   0.0000000000000000        0.0000000000000000     
   0.0000000000000000        0.0000000000000000     
   0.0000000000000000        0.0000000000000000     
   0.0000000000000000        0.0000000000000000     
   0.0000000000000000        0.0000000000000000     
   0.0000000000000000        0.0000000000000000     
   0.0000000000000000        0.0000000000000000     
   0.0000000000000000        0.0000000000000000     
   0.0000000000000000        0.0000000000000000     
   0.0000000000000000        0.0000000000000000     
   0.0000000000000000        0.0000000000000000     
   0.0000000000000000        0.0000000000000000     
   0.0000000000000000        0.0000000000000000     
   0.0000000000000000        0.0000000000000000     
   0.0000000000000000        0.0000000000000000     
   0.0000000000000000        0.0000000000000000     
   0.0000000000000000        0.0000000000000000     
   0.0000000000000000        0.0000000000000000     
   0.0000000000000000        0.0000000000000000     
   0.0000000000000000        0.0000000000000000     
   0.0000000000000000        0.0000000000000000     
   0.0000000000000000        0.0000000000000000     
   0.0000000000000000        0.0000000000000000     
   0.0000000000000000        0.0000000000000000     
   0.0000000000000000        0.0000000000000000     
   0.0000000000000000        0.0000000000000000     
   0.0000000000000000        0.0000000000000000     
   0.0000000000000000        0.0000000000000000     
   0.0000000000000000        0.0000000000000000     
   0.0000000000000000        0.0000000000000000     
   0.0000000000000000        0.0000000000000000     
   0.0000000000000000        0.0000000000000000     
   0.0000000000000000        0.0000000000000000     
   0.0000000000000000        0.0000000000000000     
   0.0000000000000000        0.0000000000000000     
